mutation_position,assay_score,prediction_score,count,gof_assay_threshold,lof_assay_threshold,assay_source,model
0,0.357622906357343,-1.1053758826781146,19,3.15217600124688,-3.153148764712092,MC4R,MC4R/LLR
1,0.3106045766132455,0.8239431661885552,19,3.15217600124688,-3.153148764712092,MC4R,MC4R/LLR
2,0.9087500980968031,0.37980971253373425,19,3.15217600124688,-3.153148764712092,MC4R,MC4R/LLR
3,0.7204017896610356,0.545047524782916,19,3.15217600124688,-3.153148764712092,MC4R,MC4R/LLR
4,0.3230445017584517,0.4835763840278375,19,3.15217600124688,-3.153148764712092,MC4R,MC4R/LLR
5,0.5104900756506843,1.0444459674092108,19,3.15217600124688,-3.153148764712092,MC4R,MC4R/LLR
6,-0.19809935533205247,1.0166918172282453,19,3.15217600124688,-3.153148764712092,MC4R,MC4R/LLR
7,0.021203285505720697,0.9463252453015877,15,3.15217600124688,-3.153148764712092,MC4R,MC4R/LLR
8,0.5010833341408185,1.0791899727396341,19,3.15217600124688,-3.153148764712092,MC4R,MC4R/LLR
9,0.17912632639456758,1.1363177644692013,19,3.15217600124688,-3.153148764712092,MC4R,MC4R/LLR
10,0.04731904382346293,0.7302354672507915,19,3.15217600124688,-3.153148764712092,MC4R,MC4R/LLR
11,0.6212296290149677,0.5250862085822737,19,3.15217600124688,-3.153148764712092,MC4R,MC4R/LLR
12,0.30579468542844396,0.4859369568148023,19,3.15217600124688,-3.153148764712092,MC4R,MC4R/LLR
13,0.3189522571383693,0.9563295566303163,19,3.15217600124688,-3.153148764712092,MC4R,MC4R/LLR
14,0.9124758393549708,0.5274924709491894,19,3.15217600124688,-3.153148764712092,MC4R,MC4R/LLR
15,-0.10180582718189639,1.1089773811453465,19,3.15217600124688,-3.153148764712092,MC4R,MC4R/LLR
16,1.5349180623831051,0.06933701675498716,19,3.15217600124688,-3.153148764712092,MC4R,MC4R/LLR
17,0.06514690546019017,1.0636136927142568,19,3.15217600124688,-3.153148764712092,MC4R,MC4R/LLR
18,2.5099209620173504,-0.02904384651840024,19,3.15217600124688,-3.153148764712092,MC4R,MC4R/LLR
19,1.1828359263058335,0.49077860876995727,19,3.15217600124688,-3.153148764712092,MC4R,MC4R/LLR
20,0.3777209326500638,0.9839055195958792,19,3.15217600124688,-3.153148764712092,MC4R,MC4R/LLR
21,-0.27385742126785295,1.0443792245480608,19,3.15217600124688,-3.153148764712092,MC4R,MC4R/LLR
22,0.3065668307666174,0.6430509217953428,19,3.15217600124688,-3.153148764712092,MC4R,MC4R/LLR
23,0.2872666450656076,0.8896373634883685,19,3.15217600124688,-3.153148764712092,MC4R,MC4R/LLR
24,0.19341720983437058,0.5579601632106761,19,3.15217600124688,-3.153148764712092,MC4R,MC4R/LLR
25,0.0035224456127155514,0.21554478860549323,19,3.15217600124688,-3.153148764712092,MC4R,MC4R/LLR
26,0.35655297680510656,0.7728109556834637,19,3.15217600124688,-3.153148764712092,MC4R,MC4R/LLR
27,-0.1932043747614065,0.11640561956063289,19,3.15217600124688,-3.153148764712092,MC4R,MC4R/LLR
28,0.31350594628273315,0.8236140076909804,19,3.15217600124688,-3.153148764712092,MC4R,MC4R/LLR
29,0.20801691171398407,0.6297889888689342,19,3.15217600124688,-3.153148764712092,MC4R,MC4R/LLR
30,0.29465505996563496,0.685582065482374,19,3.15217600124688,-3.153148764712092,MC4R,MC4R/LLR
31,0.23475374554916267,0.8551288953649623,19,3.15217600124688,-3.153148764712092,MC4R,MC4R/LLR
32,0.3702038026314092,1.02402342065602,19,3.15217600124688,-3.153148764712092,MC4R,MC4R/LLR
33,0.30822565514215744,0.8656907912980102,19,3.15217600124688,-3.153148764712092,MC4R,MC4R/LLR
34,0.4061488572592063,1.029641870471189,19,3.15217600124688,-3.153148764712092,MC4R,MC4R/LLR
35,0.28830133707110206,0.6493638143437461,19,3.15217600124688,-3.153148764712092,MC4R,MC4R/LLR
36,-0.24756011794383725,0.8262011190633128,19,3.15217600124688,-3.153148764712092,MC4R,MC4R/LLR
37,0.053625700900089945,0.7663666636205981,19,3.15217600124688,-3.153148764712092,MC4R,MC4R/LLR
38,0.530268920821232,0.8220234217493928,19,3.15217600124688,-3.153148764712092,MC4R,MC4R/LLR
39,-0.28000981586440216,1.0408405670372851,19,3.15217600124688,-3.153148764712092,MC4R,MC4R/LLR
40,0.3732039614163076,0.9379209622911219,19,3.15217600124688,-3.153148764712092,MC4R,MC4R/LLR
41,-0.04287966073346344,0.8638519293538183,19,3.15217600124688,-3.153148764712092,MC4R,MC4R/LLR
42,-0.520783595674722,0.8729633927417765,19,3.15217600124688,-3.153148764712092,MC4R,MC4R/LLR
43,-0.05933253830483688,0.7528292698442334,19,3.15217600124688,-3.153148764712092,MC4R,MC4R/LLR
44,0.05507101615837999,0.8239917159160299,19,3.15217600124688,-3.153148764712092,MC4R,MC4R/LLR
45,-0.0971328355770571,0.7718757538090725,19,3.15217600124688,-3.153148764712092,MC4R,MC4R/LLR
46,0.43118492282254184,0.5398432151021112,19,3.15217600124688,-3.153148764712092,MC4R,MC4R/LLR
47,-0.4747500588245889,1.1592026631225683,19,3.15217600124688,-3.153148764712092,MC4R,MC4R/LLR
48,0.5668288804028738,0.769362795085756,19,3.15217600124688,-3.153148764712092,MC4R,MC4R/LLR
49,-0.47655887390329793,0.039444435694341036,19,3.15217600124688,-3.153148764712092,MC4R,MC4R/LLR
50,0.2057752578524222,0.5614906577178186,19,3.15217600124688,-3.153148764712092,MC4R,MC4R/LLR
51,-0.6525188618279064,0.4908739205401867,19,3.15217600124688,-3.153148764712092,MC4R,MC4R/LLR
52,-0.3293473290723103,0.2799666974007883,19,3.15217600124688,-3.153148764712092,MC4R,MC4R/LLR
53,-0.7184499151043774,-0.2242102090883889,19,3.15217600124688,-3.153148764712092,MC4R,MC4R/LLR
54,-0.32272366044451334,0.1292038174242205,19,3.15217600124688,-3.153148764712092,MC4R,MC4R/LLR
55,0.0975450658266425,-0.13896255008367647,19,3.15217600124688,-3.153148764712092,MC4R,MC4R/LLR
56,-0.3654216018481903,-0.14068444795649782,19,3.15217600124688,-3.153148764712092,MC4R,MC4R/LLR
57,-0.1855525646274021,-0.5442188958837456,19,3.15217600124688,-3.153148764712092,MC4R,MC4R/LLR
58,0.07073435164160279,-0.2719718065434343,19,3.15217600124688,-3.153148764712092,MC4R,MC4R/LLR
59,-0.012044766533624577,-0.4809671569405502,19,3.15217600124688,-3.153148764712092,MC4R,MC4R/LLR
60,-0.15303808663880264,-0.7793599651598282,19,3.15217600124688,-3.153148764712092,MC4R,MC4R/LLR
61,-0.32744607514511975,-1.6438670926806969,19,3.15217600124688,-3.153148764712092,MC4R,MC4R/LLR
62,0.002251405153589289,-0.3722758763223316,19,3.15217600124688,-3.153148764712092,MC4R,MC4R/LLR
63,0.18465401527930855,-0.7296012002773461,19,3.15217600124688,-3.153148764712092,MC4R,MC4R/LLR
64,-0.4429882660371172,-1.5606267643324085,19,3.15217600124688,-3.153148764712092,MC4R,MC4R/LLR
65,-0.35586971297517506,-0.8958444685477239,19,3.15217600124688,-3.153148764712092,MC4R,MC4R/LLR
66,-0.12275681716613927,-0.034761271858285654,19,3.15217600124688,-3.153148764712092,MC4R,MC4R/LLR
67,-0.060434463412994216,-1.1164117159752294,19,3.15217600124688,-3.153148764712092,MC4R,MC4R/LLR
68,-0.4898867654774215,-1.67549465687717,19,3.15217600124688,-3.153148764712092,MC4R,MC4R/LLR
69,-0.3737100641724034,0.1858518450031813,19,3.15217600124688,-3.153148764712092,MC4R,MC4R/LLR
70,0.12234385257964231,-0.5098737249633569,19,3.15217600124688,-3.153148764712092,MC4R,MC4R/LLR
71,0.014514000206055644,-1.030168728006859,19,3.15217600124688,-3.153148764712092,MC4R,MC4R/LLR
72,0.2341674900594141,0.022146234605090232,19,3.15217600124688,-3.153148764712092,MC4R,MC4R/LLR
73,0.6441183534376926,-0.10921838139464314,19,3.15217600124688,-3.153148764712092,MC4R,MC4R/LLR
74,-0.05971124040339205,-1.941682317752129,19,3.15217600124688,-3.153148764712092,MC4R,MC4R/LLR
75,-0.07385747104082548,-0.676150735042682,19,3.15217600124688,-3.153148764712092,MC4R,MC4R/LLR
76,0.9166123273646509,-0.19228925867415358,19,3.15217600124688,-3.153148764712092,MC4R,MC4R/LLR
77,-0.17210900908507723,-1.2201546932376852,19,3.15217600124688,-3.153148764712092,MC4R,MC4R/LLR
78,1.5413740926418331,-0.7793963711950835,19,3.15217600124688,-3.153148764712092,MC4R,MC4R/LLR
79,-0.23572650534129147,-0.35518823610871214,19,3.15217600124688,-3.153148764712092,MC4R,MC4R/LLR
80,0.6469827448656142,-0.008605915030938724,19,3.15217600124688,-3.153148764712092,MC4R,MC4R/LLR
81,-0.08713229456311446,-1.0932467653837263,19,3.15217600124688,-3.153148764712092,MC4R,MC4R/LLR
82,0.6222583612011866,-1.3156444859782632,19,3.15217600124688,-3.153148764712092,MC4R,MC4R/LLR
83,0.13688041337289789,-0.9050236378114391,19,3.15217600124688,-3.153148764712092,MC4R,MC4R/LLR
84,-0.44909731868562264,-1.0706726898640297,19,3.15217600124688,-3.153148764712092,MC4R,MC4R/LLR
85,-0.2195605994166805,-1.5953462872900628,19,3.15217600124688,-3.153148764712092,MC4R,MC4R/LLR
86,-0.428397382961218,-1.8429041559747734,19,3.15217600124688,-3.153148764712092,MC4R,MC4R/LLR
87,-0.5964971942930951,-0.7341872723437237,19,3.15217600124688,-3.153148764712092,MC4R,MC4R/LLR
88,-0.613351979330919,-1.5068001091850178,19,3.15217600124688,-3.153148764712092,MC4R,MC4R/LLR
89,-0.7195829581587078,-1.5674989828314354,19,3.15217600124688,-3.153148764712092,MC4R,MC4R/LLR
90,-0.13843495359767735,-0.1734418492912081,19,3.15217600124688,-3.153148764712092,MC4R,MC4R/LLR
91,0.12434832545001337,-1.056115406427468,19,3.15217600124688,-3.153148764712092,MC4R,MC4R/LLR
92,0.4178639178214015,-0.34416534017671335,19,3.15217600124688,-3.153148764712092,MC4R,MC4R/LLR
93,-0.4076121302364452,-0.5810304033711485,19,3.15217600124688,-3.153148764712092,MC4R,MC4R/LLR
94,-0.4330997641505909,-0.4343825503441311,19,3.15217600124688,-3.153148764712092,MC4R,MC4R/LLR
95,-0.5075369120287077,0.0752711173900809,19,3.15217600124688,-3.153148764712092,MC4R,MC4R/LLR
96,0.20028292136800163,0.901762100476415,19,3.15217600124688,-3.153148764712092,MC4R,MC4R/LLR
97,0.43900509488288353,1.021682540526292,19,3.15217600124688,-3.153148764712092,MC4R,MC4R/LLR
98,0.344551962374071,0.3983426469324404,19,3.15217600124688,-3.153148764712092,MC4R,MC4R/LLR
99,-0.13176551627235056,0.8427236788845954,19,3.15217600124688,-3.153148764712092,MC4R,MC4R/LLR
100,0.07694182811789455,0.8209445582150869,19,3.15217600124688,-3.153148764712092,MC4R,MC4R/LLR
101,-0.31736718099771694,-0.12258814740907659,19,3.15217600124688,-3.153148764712092,MC4R,MC4R/LLR
102,-0.053754862075482135,0.24722548613430476,19,3.15217600124688,-3.153148764712092,MC4R,MC4R/LLR
103,0.2044573110712359,0.8706979358346648,19,3.15217600124688,-3.153148764712092,MC4R,MC4R/LLR
104,0.6300301401476812,0.8357535262609074,19,3.15217600124688,-3.153148764712092,MC4R,MC4R/LLR
105,-0.04878644402803717,0.31278426915379226,19,3.15217600124688,-3.153148764712092,MC4R,MC4R/LLR
106,-0.19230101910647845,0.25548409956737883,19,3.15217600124688,-3.153148764712092,MC4R,MC4R/LLR
107,0.8729243994195578,0.8007360402016377,19,3.15217600124688,-3.153148764712092,MC4R,MC4R/LLR
108,0.2629025191825756,0.6657184645331288,19,3.15217600124688,-3.153148764712092,MC4R,MC4R/LLR
109,0.46940767886704515,0.7543568975070065,19,3.15217600124688,-3.153148764712092,MC4R,MC4R/LLR
110,0.04956960881837131,0.8361845660110081,19,3.15217600124688,-3.153148764712092,MC4R,MC4R/LLR
111,0.3482580636505881,0.716481983691606,19,3.15217600124688,-3.153148764712092,MC4R,MC4R/LLR
112,-0.18410498470202663,0.8262018656178205,19,3.15217600124688,-3.153148764712092,MC4R,MC4R/LLR
113,0.2549905663528746,0.9341092740565964,19,3.15217600124688,-3.153148764712092,MC4R,MC4R/LLR
114,0.4417165294415695,0.9973344878021804,19,3.15217600124688,-3.153148764712092,MC4R,MC4R/LLR
115,0.10374353666021396,0.6608419818381086,19,3.15217600124688,-3.153148764712092,MC4R,MC4R/LLR
116,-0.06307178906746667,0.9150661972027123,19,3.15217600124688,-3.153148764712092,MC4R,MC4R/LLR
117,0.5409619750667156,0.9338183645119414,19,3.15217600124688,-3.153148764712092,MC4R,MC4R/LLR
118,0.49545113436043625,0.7401135143205848,19,3.15217600124688,-3.153148764712092,MC4R,MC4R/LLR
119,0.777758445794074,0.840555986571545,19,3.15217600124688,-3.153148764712092,MC4R,MC4R/LLR
120,-0.6560976443445928,0.23502120827832415,19,3.15217600124688,-3.153148764712092,MC4R,MC4R/LLR
121,1.4598044770733647,0.7595114646014323,19,3.15217600124688,-3.153148764712092,MC4R,MC4R/LLR
122,-0.298637230174751,0.7213297785617264,19,3.15217600124688,-3.153148764712092,MC4R,MC4R/LLR
123,-0.46038730515797743,-0.1445150899418655,19,3.15217600124688,-3.153148764712092,MC4R,MC4R/LLR
124,-0.6881713770839538,0.4965942634501212,19,3.15217600124688,-3.153148764712092,MC4R,MC4R/LLR
125,-0.5369439213004994,0.6867448406577987,19,3.15217600124688,-3.153148764712092,MC4R,MC4R/LLR
126,-0.2756493433705044,0.20336485296598647,19,3.15217600124688,-3.153148764712092,MC4R,MC4R/LLR
127,-0.8850333696698373,-0.1866830064889032,19,3.15217600124688,-3.153148764712092,MC4R,MC4R/LLR
128,-0.1510255737019044,0.46983604264051815,19,3.15217600124688,-3.153148764712092,MC4R,MC4R/LLR
129,-0.2842548590779786,0.527453791234812,19,3.15217600124688,-3.153148764712092,MC4R,MC4R/LLR
130,-0.30569262853623064,0.4220140829475725,19,3.15217600124688,-3.153148764712092,MC4R,MC4R/LLR
131,-1.1292652893689383,-0.8647753483297018,19,3.15217600124688,-3.153148764712092,MC4R,MC4R/LLR
132,0.21632076451921153,0.12361934669453449,19,3.15217600124688,-3.153148764712092,MC4R,MC4R/LLR
133,-0.3640947633548944,-0.3882661690546434,19,3.15217600124688,-3.153148764712092,MC4R,MC4R/LLR
134,-0.8434997635223194,-1.0335490056194847,19,3.15217600124688,-3.153148764712092,MC4R,MC4R/LLR
135,-0.9610996813026006,-1.7454016753093284,19,3.15217600124688,-3.153148764712092,MC4R,MC4R/LLR
136,0.29130399440977295,-0.14278343912141747,19,3.15217600124688,-3.153148764712092,MC4R,MC4R/LLR
137,-0.21579599651738315,0.03141066432248653,19,3.15217600124688,-3.153148764712092,MC4R,MC4R/LLR
138,-0.7782159616649048,-0.576686182707476,19,3.15217600124688,-3.153148764712092,MC4R,MC4R/LLR
139,2.020151591925241,-1.2128553875672445,19,3.15217600124688,-3.153148764712092,MC4R,MC4R/LLR
140,0.015645585701974794,-0.11176486192030344,19,3.15217600124688,-3.153148764712092,MC4R,MC4R/LLR
141,0.06833747277299385,-0.44036652346016697,19,3.15217600124688,-3.153148764712092,MC4R,MC4R/LLR
142,-1.0257126011277413,-1.777415318648762,19,3.15217600124688,-3.153148764712092,MC4R,MC4R/LLR
143,-0.5422204774802785,-1.2542281774128465,19,3.15217600124688,-3.153148764712092,MC4R,MC4R/LLR
144,-0.4183170424246964,-1.0107315008112028,19,3.15217600124688,-3.153148764712092,MC4R,MC4R/LLR
145,0.4488871913104086,-0.8237600370341115,19,3.15217600124688,-3.153148764712092,MC4R,MC4R/LLR
146,-1.0130037704436754,-1.1404185490274428,19,3.15217600124688,-3.153148764712092,MC4R,MC4R/LLR
147,-0.7934240654234836,-1.6818824281942952,19,3.15217600124688,-3.153148764712092,MC4R,MC4R/LLR
148,-0.2449065831775321,-0.08724930997190049,19,3.15217600124688,-3.153148764712092,MC4R,MC4R/LLR
149,-1.0251618890612724,0.005473852322211782,19,3.15217600124688,-3.153148764712092,MC4R,MC4R/LLR
150,-0.9092581889713888,-1.392035066496988,19,3.15217600124688,-3.153148764712092,MC4R,MC4R/LLR
151,1.0118144361077734,-0.2107721813222482,19,3.15217600124688,-3.153148764712092,MC4R,MC4R/LLR
152,-0.4250370631047831,-0.03258480099186746,19,3.15217600124688,-3.153148764712092,MC4R,MC4R/LLR
153,-0.936612167937379,-0.9518587514698583,19,3.15217600124688,-3.153148764712092,MC4R,MC4R/LLR
154,-0.7448727631062675,-1.0281932550145727,19,3.15217600124688,-3.153148764712092,MC4R,MC4R/LLR
155,0.05904214686492016,0.21167383366356685,19,3.15217600124688,-3.153148764712092,MC4R,MC4R/LLR
156,-0.906766095329892,-1.523591525269353,19,3.15217600124688,-3.153148764712092,MC4R,MC4R/LLR
157,1.5448927223473887,0.017063689420088356,19,3.15217600124688,-3.153148764712092,MC4R,MC4R/LLR
158,-0.13885695699627107,0.41573202413653026,19,3.15217600124688,-3.153148764712092,MC4R,MC4R/LLR
159,-0.3687115018975049,-0.043865423033496324,19,3.15217600124688,-3.153148764712092,MC4R,MC4R/LLR
160,-0.9092441879542874,-0.7374546380895888,19,3.15217600124688,-3.153148764712092,MC4R,MC4R/LLR
161,-0.9023903130846271,-1.2801498002145768,19,3.15217600124688,-3.153148764712092,MC4R,MC4R/LLR
162,0.31281913982839554,0.6241246765277765,19,3.15217600124688,-3.153148764712092,MC4R,MC4R/LLR
163,-0.4837387859865949,0.2010868212042889,19,3.15217600124688,-3.153148764712092,MC4R,MC4R/LLR
164,-0.20521306544313855,-0.6440478150973873,19,3.15217600124688,-3.153148764712092,MC4R,MC4R/LLR
165,0.017448560569530668,-0.207537694813884,19,3.15217600124688,-3.153148764712092,MC4R,MC4R/LLR
166,-0.11940333871433365,0.6266488537991995,19,3.15217600124688,-3.153148764712092,MC4R,MC4R/LLR
167,-0.23759947503704915,-0.22091458590901153,19,3.15217600124688,-3.153148764712092,MC4R,MC4R/LLR
168,0.005968087618089932,-0.29289669591017764,19,3.15217600124688,-3.153148764712092,MC4R,MC4R/LLR
169,-0.5829541301522438,-0.7094628005950187,19,3.15217600124688,-3.153148764712092,MC4R,MC4R/LLR
170,-0.20400829858450764,-0.09439974662750159,19,3.15217600124688,-3.153148764712092,MC4R,MC4R/LLR
171,-0.03672121502520424,0.10667248066980557,19,3.15217600124688,-3.153148764712092,MC4R,MC4R/LLR
172,0.20259444969113047,-0.5953772568597538,19,3.15217600124688,-3.153148764712092,MC4R,MC4R/LLR
173,-0.48787620276940835,-1.4083532536622656,19,3.15217600124688,-3.153148764712092,MC4R,MC4R/LLR
174,-0.13795286080001154,-0.006690090866437897,19,3.15217600124688,-3.153148764712092,MC4R,MC4R/LLR
175,0.07408244277636158,0.27121748663520767,19,3.15217600124688,-3.153148764712092,MC4R,MC4R/LLR
176,-0.4628601101426873,0.24137637860817004,19,3.15217600124688,-3.153148764712092,MC4R,MC4R/LLR
177,0.07905314613520315,0.15065096410374146,19,3.15217600124688,-3.153148764712092,MC4R,MC4R/LLR
178,-0.2850664160311041,-0.2016131097882027,19,3.15217600124688,-3.153148764712092,MC4R,MC4R/LLR
179,0.17189171783833088,0.3285998026289323,19,3.15217600124688,-3.153148764712092,MC4R,MC4R/LLR
180,-0.9353012928287999,-0.2597016467941138,19,3.15217600124688,-3.153148764712092,MC4R,MC4R/LLR
181,0.06720046673173236,0.22022266461043208,19,3.15217600124688,-3.153148764712092,MC4R,MC4R/LLR
182,-0.1613640692601194,0.08576830757386568,19,3.15217600124688,-3.153148764712092,MC4R,MC4R/LLR
183,-0.19415164089854664,0.9018631325416921,19,3.15217600124688,-3.153148764712092,MC4R,MC4R/LLR
184,-0.5504503266722534,0.8006736227184215,19,3.15217600124688,-3.153148764712092,MC4R,MC4R/LLR
185,0.19954958646582502,0.5050467989807483,19,3.15217600124688,-3.153148764712092,MC4R,MC4R/LLR
186,-0.8054272098008847,0.8442740204559275,19,3.15217600124688,-3.153148764712092,MC4R,MC4R/LLR
187,-0.47607401977501185,0.6035248060558045,19,3.15217600124688,-3.153148764712092,MC4R,MC4R/LLR
188,-0.04587048571872035,0.8532720065718729,19,3.15217600124688,-3.153148764712092,MC4R,MC4R/LLR
189,-0.23239496636589083,0.678978934942974,19,3.15217600124688,-3.153148764712092,MC4R,MC4R/LLR
190,0.2686251528855104,0.8441570398547645,19,3.15217600124688,-3.153148764712092,MC4R,MC4R/LLR
191,0.000987552834101282,0.4498991278675467,19,3.15217600124688,-3.153148764712092,MC4R,MC4R/LLR
192,-0.062472734814681886,0.4458285226381935,19,3.15217600124688,-3.153148764712092,MC4R,MC4R/LLR
193,-0.34828201792505203,0.49115768082624206,19,3.15217600124688,-3.153148764712092,MC4R,MC4R/LLR
194,-0.11490974492966649,0.2635726954499433,19,3.15217600124688,-3.153148764712092,MC4R,MC4R/LLR
195,-0.3263179781258622,0.7534560198700336,19,3.15217600124688,-3.153148764712092,MC4R,MC4R/LLR
196,-0.6650472389990888,0.013776992205287613,19,3.15217600124688,-3.153148764712092,MC4R,MC4R/LLR
197,-0.00596803945255938,0.269671574801544,19,3.15217600124688,-3.153148764712092,MC4R,MC4R/LLR
198,-0.2842447156303666,-0.03490776899439194,19,3.15217600124688,-3.153148764712092,MC4R,MC4R/LLR
199,0.3386509999789462,0.6458026792757725,19,3.15217600124688,-3.153148764712092,MC4R,MC4R/LLR
200,-0.4378915484925794,-0.15651677792120622,19,3.15217600124688,-3.153148764712092,MC4R,MC4R/LLR
201,-0.16993742091369377,0.16688697923243434,19,3.15217600124688,-3.153148764712092,MC4R,MC4R/LLR
202,0.08576690817751516,-0.046085700687160516,19,3.15217600124688,-3.153148764712092,MC4R,MC4R/LLR
203,0.19700519960649757,0.49994484152819824,19,3.15217600124688,-3.153148764712092,MC4R,MC4R/LLR
204,0.6154719036347961,-0.9347955292445413,19,3.15217600124688,-3.153148764712092,MC4R,MC4R/LLR
205,-0.07652727520582826,-0.05810260323025904,19,3.15217600124688,-3.153148764712092,MC4R,MC4R/LLR
206,0.18141221715883224,-0.5172615876631563,19,3.15217600124688,-3.153148764712092,MC4R,MC4R/LLR
207,-0.026766293909673017,-0.4479951754001487,19,3.15217600124688,-3.153148764712092,MC4R,MC4R/LLR
208,0.3814859165734923,-0.01364431715843887,19,3.15217600124688,-3.153148764712092,MC4R,MC4R/LLR
209,-0.1165529754121274,0.5000323961382067,19,3.15217600124688,-3.153148764712092,MC4R,MC4R/LLR
210,-0.2779620131308616,-1.2295549047997056,19,3.15217600124688,-3.153148764712092,MC4R,MC4R/LLR
211,-0.8434993983801103,-1.715410268806136,19,3.15217600124688,-3.153148764712092,MC4R,MC4R/LLR
212,-0.1283532977323653,-0.5528173434698396,19,3.15217600124688,-3.153148764712092,MC4R,MC4R/LLR
213,-0.099828538930051,-0.4493676500516465,19,3.15217600124688,-3.153148764712092,MC4R,MC4R/LLR
214,-0.38944659263553383,-1.5065906764831418,19,3.15217600124688,-3.153148764712092,MC4R,MC4R/LLR
215,-0.3962868744113186,-1.185996362300822,19,3.15217600124688,-3.153148764712092,MC4R,MC4R/LLR
216,-0.24092613172857846,0.13026792454140462,19,3.15217600124688,-3.153148764712092,MC4R,MC4R/LLR
217,0.12818273571189093,-0.07167322040920653,19,3.15217600124688,-3.153148764712092,MC4R,MC4R/LLR
218,-0.63019681185301,-1.007515081150133,19,3.15217600124688,-3.153148764712092,MC4R,MC4R/LLR
219,-0.1447968320460539,-0.43193162777775496,19,3.15217600124688,-3.153148764712092,MC4R,MC4R/LLR
220,0.5949995947076485,1.0272812078805755,19,3.15217600124688,-3.153148764712092,MC4R,MC4R/LLR
221,0.02274764055109177,-1.5631098254604938,19,3.15217600124688,-3.153148764712092,MC4R,MC4R/LLR
222,-0.4685815415243133,0.7292856135657263,19,3.15217600124688,-3.153148764712092,MC4R,MC4R/LLR
223,0.016048332649844118,-0.088349439701001,19,3.15217600124688,-3.153148764712092,MC4R,MC4R/LLR
224,-0.2064968339874493,-0.29685491421703764,19,3.15217600124688,-3.153148764712092,MC4R,MC4R/LLR
225,0.24229854486108784,-1.4424773458922069,19,3.15217600124688,-3.153148764712092,MC4R,MC4R/LLR
226,0.11521481448207878,0.15374937526343774,19,3.15217600124688,-3.153148764712092,MC4R,MC4R/LLR
227,0.20831959947769965,0.7529708433226038,19,3.15217600124688,-3.153148764712092,MC4R,MC4R/LLR
228,0.33220310453994434,0.39606016039167247,19,3.15217600124688,-3.153148764712092,MC4R,MC4R/LLR
229,0.39798984073215327,0.7259377078863362,19,3.15217600124688,-3.153148764712092,MC4R,MC4R/LLR
230,0.31889770655281646,0.5606260269551705,19,3.15217600124688,-3.153148764712092,MC4R,MC4R/LLR
231,0.18213463753981526,0.6736076514138937,19,3.15217600124688,-3.153148764712092,MC4R,MC4R/LLR
232,0.42757537178387245,0.6053917701274735,19,3.15217600124688,-3.153148764712092,MC4R,MC4R/LLR
233,0.38785402676519476,0.7002937717358801,19,3.15217600124688,-3.153148764712092,MC4R,MC4R/LLR
234,0.7191794859725392,1.0717857783581621,19,3.15217600124688,-3.153148764712092,MC4R,MC4R/LLR
235,0.5204302365935226,0.48129438203203084,19,3.15217600124688,-3.153148764712092,MC4R,MC4R/LLR
236,0.8059939377067145,0.7703113293479834,19,3.15217600124688,-3.153148764712092,MC4R,MC4R/LLR
237,0.585507660625759,0.9597721262107565,19,3.15217600124688,-3.153148764712092,MC4R,MC4R/LLR
238,0.7929139120932366,0.8370417003894148,19,3.15217600124688,-3.153148764712092,MC4R,MC4R/LLR
239,0.4528785483953145,-0.05545119497431377,19,3.15217600124688,-3.153148764712092,MC4R,MC4R/LLR
240,1.049215449242251,0.5642266450360928,19,3.15217600124688,-3.153148764712092,MC4R,MC4R/LLR
241,-0.2203722460864533,-1.4904867538557893,19,3.15217600124688,-3.153148764712092,MC4R,MC4R/LLR
242,-0.40781797149447047,-0.594138463358345,19,3.15217600124688,-3.153148764712092,MC4R,MC4R/LLR
243,-0.007120905866293582,-1.2237886912453724,19,3.15217600124688,-3.153148764712092,MC4R,MC4R/LLR
244,-0.16205970118917098,-0.2338384803853031,19,3.15217600124688,-3.153148764712092,MC4R,MC4R/LLR
245,0.2728557607322992,-1.447990217604157,19,3.15217600124688,-3.153148764712092,MC4R,MC4R/LLR
246,-0.051335494114989645,-1.1180657136547147,19,3.15217600124688,-3.153148764712092,MC4R,MC4R/LLR
247,0.1456624185868589,-0.17607766828754018,19,3.15217600124688,-3.153148764712092,MC4R,MC4R/LLR
248,0.05542264547097535,-1.0784293590947247,19,3.15217600124688,-3.153148764712092,MC4R,MC4R/LLR
249,0.9967645590176303,-1.4297229549931902,19,3.15217600124688,-3.153148764712092,MC4R,MC4R/LLR
250,-0.13056668904420826,-0.8879768663686504,19,3.15217600124688,-3.153148764712092,MC4R,MC4R/LLR
251,-0.1425573951488659,-1.1101111766788816,19,3.15217600124688,-3.153148764712092,MC4R,MC4R/LLR
252,0.8596682056544184,-1.0189234033325019,19,3.15217600124688,-3.153148764712092,MC4R,MC4R/LLR
253,0.8753986748213027,-1.290363307241058,19,3.15217600124688,-3.153148764712092,MC4R,MC4R/LLR
254,0.10609068020762313,-0.26599983800414406,19,3.15217600124688,-3.153148764712092,MC4R,MC4R/LLR
255,-0.10302731481651836,-0.5416050664456636,19,3.15217600124688,-3.153148764712092,MC4R,MC4R/LLR
256,0.0980369310016606,-0.7780655799309613,19,3.15217600124688,-3.153148764712092,MC4R,MC4R/LLR
257,0.8506017128363463,-0.8639712960491794,19,3.15217600124688,-3.153148764712092,MC4R,MC4R/LLR
258,0.1165295219178244,-0.282908538958482,19,3.15217600124688,-3.153148764712092,MC4R,MC4R/LLR
259,-0.8574746854975722,-1.476223268313823,19,3.15217600124688,-3.153148764712092,MC4R,MC4R/LLR
260,-0.3799109425253146,0.010867435528186043,19,3.15217600124688,-3.153148764712092,MC4R,MC4R/LLR
261,-0.17997472211353752,-0.35233910094238613,19,3.15217600124688,-3.153148764712092,MC4R,MC4R/LLR
262,-0.1685433006855446,-0.26180109974469096,19,3.15217600124688,-3.153148764712092,MC4R,MC4R/LLR
263,-0.793263818434763,0.2718166617598966,19,3.15217600124688,-3.153148764712092,MC4R,MC4R/LLR
264,-0.46483335040559903,-0.03600184080126588,19,3.15217600124688,-3.153148764712092,MC4R,MC4R/LLR
265,0.26671373009935323,-0.15286641922761146,19,3.15217600124688,-3.153148764712092,MC4R,MC4R/LLR
266,-0.0626402942087177,0.16288606237456374,19,3.15217600124688,-3.153148764712092,MC4R,MC4R/LLR
267,-0.4116709577024206,0.7217142817650474,19,3.15217600124688,-3.153148764712092,MC4R,MC4R/LLR
268,-0.3847369699100353,0.37886361949981245,19,3.15217600124688,-3.153148764712092,MC4R,MC4R/LLR
269,0.08905405475437123,0.5373948069453793,19,3.15217600124688,-3.153148764712092,MC4R,MC4R/LLR
270,-0.33153182055377856,-0.5744960244944319,19,3.15217600124688,-3.153148764712092,MC4R,MC4R/LLR
271,-0.3878770132196955,1.070107758696093,19,3.15217600124688,-3.153148764712092,MC4R,MC4R/LLR
272,0.0692400633557735,0.7669130650390532,19,3.15217600124688,-3.153148764712092,MC4R,MC4R/LLR
273,-0.1745467542617867,0.6083075593998325,19,3.15217600124688,-3.153148764712092,MC4R,MC4R/LLR
274,0.09242123740254395,0.736880080167889,19,3.15217600124688,-3.153148764712092,MC4R,MC4R/LLR
275,0.03746879559673054,1.00296911905061,19,3.15217600124688,-3.153148764712092,MC4R,MC4R/LLR
276,-0.3327262893587131,-0.1331601860967975,19,3.15217600124688,-3.153148764712092,MC4R,MC4R/LLR
277,0.27559912886157373,0.7472653846272909,19,3.15217600124688,-3.153148764712092,MC4R,MC4R/LLR
278,0.4017942299368734,1.2888026111516069,19,3.15217600124688,-3.153148764712092,MC4R,MC4R/LLR
279,-0.19767199286353568,-0.01483397384718796,19,3.15217600124688,-3.153148764712092,MC4R,MC4R/LLR
280,-0.5044842095565422,0.9570257766863107,19,3.15217600124688,-3.153148764712092,MC4R,MC4R/LLR
281,0.2064547019789406,0.7045110009119864,19,3.15217600124688,-3.153148764712092,MC4R,MC4R/LLR
282,0.148129219478639,0.707018252169348,19,3.15217600124688,-3.153148764712092,MC4R,MC4R/LLR
283,-0.7545809052314012,0.8246520900068454,19,3.15217600124688,-3.153148764712092,MC4R,MC4R/LLR
284,-0.017626884312370965,0.32998373951961907,19,3.15217600124688,-3.153148764712092,MC4R,MC4R/LLR
285,-0.16677659353775104,0.3810194821558617,19,3.15217600124688,-3.153148764712092,MC4R,MC4R/LLR
286,-0.2422562423914763,-0.16239186398991254,19,3.15217600124688,-3.153148764712092,MC4R,MC4R/LLR
287,-0.2184119987130621,0.4803760679311365,19,3.15217600124688,-3.153148764712092,MC4R,MC4R/LLR
288,0.04198430435955862,0.22428876164728104,19,3.15217600124688,-3.153148764712092,MC4R,MC4R/LLR
289,-0.22085249801809606,-0.8560156170605154,19,3.15217600124688,-3.153148764712092,MC4R,MC4R/LLR
290,-0.33476146516734784,0.3898585000240662,19,3.15217600124688,-3.153148764712092,MC4R,MC4R/LLR
291,-0.2260366010743927,0.28734872853783255,19,3.15217600124688,-3.153148764712092,MC4R,MC4R/LLR
292,-0.1796554288940491,-0.6601169780120069,17,3.15217600124688,-3.153148764712092,MC4R,MC4R/LLR
293,-0.24276588576616878,-1.3885670706610185,19,3.15217600124688,-3.153148764712092,MC4R,MC4R/LLR
294,-0.3420066257160343,-1.419902929645995,19,3.15217600124688,-3.153148764712092,MC4R,MC4R/LLR
295,-0.14226544720289366,-0.38589591511362814,19,3.15217600124688,-3.153148764712092,MC4R,MC4R/LLR
296,-0.3963076457809965,-0.4396182567620941,19,3.15217600124688,-3.153148764712092,MC4R,MC4R/LLR
297,-0.7882377911712881,-0.45429568219972627,19,3.15217600124688,-3.153148764712092,MC4R,MC4R/LLR
298,-1.0941717611979147,-1.7901271940339585,19,3.15217600124688,-3.153148764712092,MC4R,MC4R/LLR
299,0.07307329629166089,-0.4696802849720532,19,3.15217600124688,-3.153148764712092,MC4R,MC4R/LLR
300,-0.41722113776284175,-0.8506650804563687,19,3.15217600124688,-3.153148764712092,MC4R,MC4R/LLR
301,-0.8132182723244422,-1.4411202416964464,19,3.15217600124688,-3.153148764712092,MC4R,MC4R/LLR
302,-0.5524734193354689,-0.9616669815380117,19,3.15217600124688,-3.153148764712092,MC4R,MC4R/LLR
303,-0.585940539461101,-0.022506250253271843,19,3.15217600124688,-3.153148764712092,MC4R,MC4R/LLR
304,-0.20876597730242266,-1.364963520830532,19,3.15217600124688,-3.153148764712092,MC4R,MC4R/LLR
305,0.8071141517129006,-0.8462321139428397,19,3.15217600124688,-3.153148764712092,MC4R,MC4R/LLR
306,0.3540580331411471,0.2171109980374556,19,3.15217600124688,-3.153148764712092,MC4R,MC4R/LLR
307,0.008084068321797843,-0.9858237660289187,19,3.15217600124688,-3.153148764712092,MC4R,MC4R/LLR
308,-0.20165076462185327,-1.3130253160911298,19,3.15217600124688,-3.153148764712092,MC4R,MC4R/LLR
309,0.08515718839103932,-0.7940129837883553,19,3.15217600124688,-3.153148764712092,MC4R,MC4R/LLR
310,-0.2312932435607584,0.025440823932298295,19,3.15217600124688,-3.153148764712092,MC4R,MC4R/LLR
311,0.15886639762719415,-0.8763360010612821,19,3.15217600124688,-3.153148764712092,MC4R,MC4R/LLR
312,0.3646622139183163,-1.3860714458729644,19,3.15217600124688,-3.153148764712092,MC4R,MC4R/LLR
313,0.8530102035132888,0.18737231033154897,19,3.15217600124688,-3.153148764712092,MC4R,MC4R/LLR
314,0.10132792304265101,0.20295392503905405,19,3.15217600124688,-3.153148764712092,MC4R,MC4R/LLR
315,0.12113633835885992,-1.0261757458502825,19,3.15217600124688,-3.153148764712092,MC4R,MC4R/LLR
316,0.23694204778101072,-0.566384577469024,19,3.15217600124688,-3.153148764712092,MC4R,MC4R/LLR
317,0.5292565382448182,0.18499872428042796,19,3.15217600124688,-3.153148764712092,MC4R,MC4R/LLR
318,0.42430596480361776,0.4969569808803945,19,3.15217600124688,-3.153148764712092,MC4R,MC4R/LLR
319,0.5901371042670014,1.0825802085036909,19,3.15217600124688,-3.153148764712092,MC4R,MC4R/LLR
320,0.3228551709398094,1.6240853050588602,19,3.15217600124688,-3.153148764712092,MC4R,MC4R/LLR
321,0.21604922501892904,0.9251433764619597,19,3.15217600124688,-3.153148764712092,MC4R,MC4R/LLR
322,0.3123750361171485,0.8144758760733634,19,3.15217600124688,-3.153148764712092,MC4R,MC4R/LLR
323,-0.12104508584400996,0.7672465420065889,19,3.15217600124688,-3.153148764712092,MC4R,MC4R/LLR
324,0.08214365653891174,0.9869819379900523,19,3.15217600124688,-3.153148764712092,MC4R,MC4R/LLR
325,0.2568191771760222,1.2736378045363133,19,3.15217600124688,-3.153148764712092,MC4R,MC4R/LLR
326,0.4636139167343893,1.5108143149874411,19,3.15217600124688,-3.153148764712092,MC4R,MC4R/LLR
327,0.6729226261569183,0.9119771826132514,19,3.15217600124688,-3.153148764712092,MC4R,MC4R/LLR
328,0.38043095613402905,0.530601695307007,19,3.15217600124688,-3.153148764712092,MC4R,MC4R/LLR
329,0.4336806565137352,0.5328063479893048,19,3.15217600124688,-3.153148764712092,MC4R,MC4R/LLR
330,0.019801509915197333,0.6695612549291079,19,3.15217600124688,-3.153148764712092,MC4R,MC4R/LLR
331,0.2998712329321038,1.1555586955375392,19,3.15217600124688,-3.153148764712092,MC4R,MC4R/LLR
0,0.16888000762839767,-0.6056497367608764,19,3.15217600124688,-3.153148764712092,MC4R,MC4R/RF AL
1,0.06746854254840728,-0.5460199576829935,19,3.15217600124688,-3.153148764712092,MC4R,MC4R/RF AL
2,1.3575784633989507,-0.4483595992361742,19,3.15217600124688,-3.153148764712092,MC4R,MC4R/RF AL
3,0.9513394921771607,-0.8102901429244457,19,3.15217600124688,-3.153148764712092,MC4R,MC4R/RF AL
4,0.09429958995751157,-0.4779261173265969,19,3.15217600124688,-3.153148764712092,MC4R,MC4R/RF AL
5,0.49859149855209983,-0.25212028360316174,19,3.15217600124688,-3.153148764712092,MC4R,MC4R/RF AL
6,-1.0297293228649327,-0.5468671287833519,19,3.15217600124688,-3.153148764712092,MC4R,MC4R/RF AL
7,-0.5567265125925968,-0.45920222102402447,15,3.15217600124688,-3.153148764712092,MC4R,MC4R/RF AL
8,0.47830257201352994,-0.45578915272482673,19,3.15217600124688,-3.153148764712092,MC4R,MC4R/RF AL
9,-0.21611026710727804,-0.39689702745345545,19,3.15217600124688,-3.153148764712092,MC4R,MC4R/RF AL
10,-0.5003987500563348,-0.5538559853066877,19,3.15217600124688,-3.153148764712092,MC4R,MC4R/RF AL
11,0.7374400584668755,-0.5182365565521149,19,3.15217600124688,-3.153148764712092,MC4R,MC4R/RF AL
12,0.05709433073397586,-0.4743432199230649,19,3.15217600124688,-3.153148764712092,MC4R,MC4R/RF AL
13,0.08547323383965381,-0.5566970796459367,19,3.15217600124688,-3.153148764712092,MC4R,MC4R/RF AL
14,1.3656143268921066,-0.35272013851178485,19,3.15217600124688,-3.153148764712092,MC4R,MC4R/RF AL
15,-0.822038666463968,-0.31950734006341364,19,3.15217600124688,-3.153148764712092,MC4R,MC4R/RF AL
16,2.708128578429367,0.03313786190544306,19,3.15217600124688,-3.153148764712092,MC4R,MC4R/RF AL
17,-0.4619467340518567,-0.2526282586347734,19,3.15217600124688,-3.153148764712092,MC4R,MC4R/RF AL
18,4.811063179622003,0.026636299940010523,19,3.15217600124688,-3.153148764712092,MC4R,MC4R/RF AL
19,1.9487403687158795,-0.6320813597617965,19,3.15217600124688,-3.153148764712092,MC4R,MC4R/RF AL
20,0.21222842733309485,-0.5119853660036326,19,3.15217600124688,-3.153148764712092,MC4R,MC4R/RF AL
21,-1.1931280760743763,-0.4864706216791252,19,3.15217600124688,-3.153148764712092,MC4R,MC4R/RF AL
22,0.05875973208755511,-0.5568236500800453,19,3.15217600124688,-3.153148764712092,MC4R,MC4R/RF AL
23,0.017132134533412068,-0.5406803840880461,19,3.15217600124688,-3.153148764712092,MC4R,MC4R/RF AL
24,-0.18528698106531216,-0.6434709612808116,19,3.15217600124688,-3.153148764712092,MC4R,MC4R/RF AL
25,-0.5948614248098789,-0.4844251251450403,19,3.15217600124688,-3.153148764712092,MC4R,MC4R/RF AL
26,0.1665723305157649,-0.5329344794833152,19,3.15217600124688,-3.153148764712092,MC4R,MC4R/RF AL
27,-1.0191715860438026,-0.5860543101393006,19,3.15217600124688,-3.153148764712092,MC4R,MC4R/RF AL
28,0.07372636052115936,-0.8261903792584858,19,3.15217600124688,-3.153148764712092,MC4R,MC4R/RF AL
29,-0.1537976200990486,-0.36214356344962456,19,3.15217600124688,-3.153148764712092,MC4R,MC4R/RF AL
30,0.03306783415755001,-0.34119850924340894,19,3.15217600124688,-3.153148764712092,MC4R,MC4R/RF AL
31,-0.09613029108964026,-0.2841855635383528,19,3.15217600124688,-3.153148764712092,MC4R,MC4R/RF AL
32,0.1960151085585324,-0.8002145341024236,19,3.15217600124688,-3.153148764712092,MC4R,MC4R/RF AL
33,0.06233756675649138,-0.506039036209785,19,3.15217600124688,-3.153148764712092,MC4R,MC4R/RF AL
34,0.27354318477954703,-0.62777736989035,19,3.15217600124688,-3.153148764712092,MC4R,MC4R/RF AL
35,0.019363809557914956,-0.5275827331276187,19,3.15217600124688,-3.153148764712092,MC4R,MC4R/RF AL
36,-1.1364087482663503,-0.6595045964395345,19,3.15217600124688,-3.153148764712092,MC4R,MC4R/RF AL
37,-0.48679623934660204,-0.46064905528325345,19,3.15217600124688,-3.153148764712092,MC4R,MC4R/RF AL
38,0.5412514925853277,-0.3442591780084681,19,3.15217600124688,-3.153148764712092,MC4R,MC4R/RF AL
39,-1.2063978658176964,-0.7862167688845406,19,3.15217600124688,-3.153148764712092,MC4R,MC4R/RF AL
40,0.20248599979403709,-0.5801154052595645,19,3.15217600124688,-3.153148764712092,MC4R,MC4R/RF AL
41,-0.6949437887087001,-0.834784317417147,19,3.15217600124688,-3.153148764712092,MC4R,MC4R/RF AL
42,-1.7257106933108248,-0.803838255318531,19,3.15217600124688,-3.153148764712092,MC4R,MC4R/RF AL
43,-0.7304301708999804,-0.6698241324448031,19,3.15217600124688,-3.153148764712092,MC4R,MC4R/RF AL
44,-0.4836789117289816,-0.7709749513552199,19,3.15217600124688,-3.153148764712092,MC4R,MC4R/RF AL
45,-0.8119597264520093,-0.7107007336563906,19,3.15217600124688,-3.153148764712092,MC4R,MC4R/RF AL
46,0.3275422124446095,-0.6577962258590406,19,3.15217600124688,-3.153148764712092,MC4R,MC4R/RF AL
47,-1.6264232783772525,-0.7443077587246255,19,3.15217600124688,-3.153148764712092,MC4R,MC4R/RF AL
48,0.6201058263019558,-0.3828093398434089,19,3.15217600124688,-3.153148764712092,MC4R,MC4R/RF AL
49,-1.6303246204323412,-0.7802704500371918,19,3.15217600124688,-3.153148764712092,MC4R,MC4R/RF AL
50,-0.1586325303040787,-0.5762187661173568,19,3.15217600124688,-3.153148764712092,MC4R,MC4R/RF AL
51,-2.009843847678648,-0.7443645809773455,19,3.15217600124688,-3.153148764712092,MC4R,MC4R/RF AL
52,-1.3128114607932908,-0.542787727936901,19,3.15217600124688,-3.153148764712092,MC4R,MC4R/RF AL
53,-2.152047212694462,-0.9695387876558319,19,3.15217600124688,-3.153148764712092,MC4R,MC4R/RF AL
54,-1.2985252038504107,-0.4605683429834144,19,3.15217600124688,-3.153148764712092,MC4R,MC4R/RF AL
55,-0.39206877525280226,-0.6717371002887802,19,3.15217600124688,-3.153148764712092,MC4R,MC4R/RF AL
56,-1.3906182411236039,-0.7029807109939937,19,3.15217600124688,-3.153148764712092,MC4R,MC4R/RF AL
57,-1.0026677825180996,-0.6040246227109959,19,3.15217600124688,-3.153148764712092,MC4R,MC4R/RF AL
58,-0.4498954530642802,-0.7834127165606471,19,3.15217600124688,-3.153148764712092,MC4R,MC4R/RF AL
59,-0.6284375598951444,-0.7673919909937258,19,3.15217600124688,-3.153148764712092,MC4R,MC4R/RF AL
60,-0.9325389441037809,-0.549389603361664,19,3.15217600124688,-3.153148764712092,MC4R,MC4R/RF AL
61,-1.308710742046052,-0.6404126951283102,19,3.15217600124688,-3.153148764712092,MC4R,MC4R/RF AL
62,-0.5976028678989355,-0.8361016347626092,19,3.15217600124688,-3.153148764712092,MC4R,MC4R/RF AL
63,-0.2041878736203353,-0.5439741272719456,19,3.15217600124688,-3.153148764712092,MC4R,MC4R/RF AL
64,-1.5579178687279676,-0.7352799408474993,19,3.15217600124688,-3.153148764712092,MC4R,MC4R/RF AL
65,-1.3700162535548015,-0.6488833646305574,19,3.15217600124688,-3.153148764712092,MC4R,MC4R/RF AL
66,-0.8672268005542692,-0.6555496951869749,19,3.15217600124688,-3.153148764712092,MC4R,MC4R/RF AL
67,-0.7328068576141803,-0.5701732791261351,19,3.15217600124688,-3.153148764712092,MC4R,MC4R/RF AL
68,-1.6590708778667367,-0.7505715289815216,19,3.15217600124688,-3.153148764712092,MC4R,MC4R/RF AL
69,-1.4084952076626853,-0.6886306755401383,19,3.15217600124688,-3.153148764712092,MC4R,MC4R/RF AL
70,-0.33858152229176586,-0.6645751769580751,19,3.15217600124688,-3.153148764712092,MC4R,MC4R/RF AL
71,-0.5711542948270822,-0.5861199940138181,19,3.15217600124688,-3.153148764712092,MC4R,MC4R/RF AL
72,-0.09739475600045637,-0.688570661277909,19,3.15217600124688,-3.153148764712092,MC4R,MC4R/RF AL
73,0.7868075942801204,-0.6942768316156261,19,3.15217600124688,-3.153148764712092,MC4R,MC4R/RF AL
74,-0.7312469743647646,-0.5849910801560265,19,3.15217600124688,-3.153148764712092,MC4R,MC4R/RF AL
75,-0.7617582660697121,-0.5392128265353558,19,3.15217600124688,-3.153148764712092,MC4R,MC4R/RF AL
76,1.3745361093465363,-0.5290124108648333,19,3.15217600124688,-3.153148764712092,MC4R,MC4R/RF AL
77,-0.9736720553016829,-0.50369575491494,19,3.15217600124688,-3.153148764712092,MC4R,MC4R/RF AL
78,2.7220532646251914,0.10465503568178457,19,3.15217600124688,-3.153148764712092,MC4R,MC4R/RF AL
79,-1.1108854258143472,-0.516682188328264,19,3.15217600124688,-3.153148764712092,MC4R,MC4R/RF AL
80,0.7929856557478303,-0.29391399084788433,19,3.15217600124688,-3.153148764712092,MC4R,MC4R/RF AL
81,-0.7903900636984368,-0.7761857178757081,19,3.15217600124688,-3.153148764712092,MC4R,MC4R/RF AL
82,0.7396588790576368,-0.7384550961943842,19,3.15217600124688,-3.153148764712092,MC4R,MC4R/RF AL
83,-0.30722834715152264,-0.5412849226535029,19,3.15217600124688,-3.153148764712092,MC4R,MC4R/RF AL
84,-1.5710941764085586,-0.8177947189523033,19,3.15217600124688,-3.153148764712092,MC4R,MC4R/RF AL
85,-1.0760179983008062,-0.7532496668199727,19,3.15217600124688,-3.153148764712092,MC4R,MC4R/RF AL
86,-1.5264475285948509,-0.5597290535592476,19,3.15217600124688,-3.153148764712092,MC4R,MC4R/RF AL
87,-1.8890135372050496,-0.46558237866656355,19,3.15217600124688,-3.153148764712092,MC4R,MC4R/RF AL
88,-1.9253667733492703,-0.7063321922336023,19,3.15217600124688,-3.153148764712092,MC4R,MC4R/RF AL
89,-2.154491016138007,-0.5359752815879356,19,3.15217600124688,-3.153148764712092,MC4R,MC4R/RF AL
90,-0.9010421826382284,-0.8689873943249043,19,3.15217600124688,-3.153148764712092,MC4R,MC4R/RF AL
91,-0.33425817580957945,-1.023527740594231,19,3.15217600124688,-3.153148764712092,MC4R,MC4R/RF AL
92,0.29881080831230705,-0.4637894365857938,19,3.15217600124688,-3.153148764712092,MC4R,MC4R/RF AL
93,-1.4816168648441532,-0.5637049176967068,19,3.15217600124688,-3.153148764712092,MC4R,MC4R/RF AL
94,-1.536589857520067,-0.5927558868045247,19,3.15217600124688,-3.153148764712092,MC4R,MC4R/RF AL
95,-1.697139589162615,-0.6472597077526167,19,3.15217600124688,-3.153148764712092,MC4R,MC4R/RF AL
96,-0.17047867398099845,-0.8146676148988649,19,3.15217600124688,-3.153148764712092,MC4R,MC4R/RF AL
97,0.34440914732156386,-0.6025599046074026,19,3.15217600124688,-3.153148764712092,MC4R,MC4R/RF AL
98,0.14068794749915625,-0.6766955840177298,19,3.15217600124688,-3.153148764712092,MC4R,MC4R/RF AL
99,-0.8866572094989928,-0.6785853936681119,19,3.15217600124688,-3.153148764712092,MC4R,MC4R/RF AL
100,-0.43650685999139777,-0.6026098874853165,19,3.15217600124688,-3.153148764712092,MC4R,MC4R/RF AL
101,-1.2869720833689524,-0.7923641139545076,19,3.15217600124688,-3.153148764712092,MC4R,MC4R/RF AL
102,-0.7183999622294627,-0.6467414865244325,19,3.15217600124688,-3.153148764712092,MC4R,MC4R/RF AL
103,-0.16147514327448806,-0.5399962694695258,19,3.15217600124688,-3.153148764712092,MC4R,MC4R/RF AL
104,0.7564214372669864,-0.7721400663440048,19,3.15217600124688,-3.153148764712092,MC4R,MC4R/RF AL
105,-0.7076838318168439,-0.7942838495487566,19,3.15217600124688,-3.153148764712092,MC4R,MC4R/RF AL
106,-1.0172231837727488,-0.5710781926699579,19,3.15217600124688,-3.153148764712092,MC4R,MC4R/RF AL
107,1.2803078200105646,-0.686894768167544,19,3.15217600124688,-3.153148764712092,MC4R,MC4R/RF AL
108,-0.03541762030984158,-0.49680784457985555,19,3.15217600124688,-3.153148764712092,MC4R,MC4R/RF AL
109,0.4099829480250719,-0.6041536916471658,19,3.15217600124688,-3.153148764712092,MC4R,MC4R/RF AL
110,-0.49554461987702847,-0.7523018813552839,19,3.15217600124688,-3.153148764712092,MC4R,MC4R/RF AL
111,0.14868145050600443,-0.4746834628240991,19,3.15217600124688,-3.153148764712092,MC4R,MC4R/RF AL
112,-0.9995455703542117,-0.3890443396251189,19,3.15217600124688,-3.153148764712092,MC4R,MC4R/RF AL
113,-0.05248251250126368,-0.5047928570904459,19,3.15217600124688,-3.153148764712092,MC4R,MC4R/RF AL
114,0.3502573038290669,-0.42296725147055464,19,3.15217600124688,-3.153148764712092,MC4R,MC4R/RF AL
115,-0.3786996059966999,-0.6648547507766644,19,3.15217600124688,-3.153148764712092,MC4R,MC4R/RF AL
116,-0.7384951723622529,-0.5431684487960113,19,3.15217600124688,-3.153148764712092,MC4R,MC4R/RF AL
117,0.5643148022161942,-0.7262727899719039,19,3.15217600124688,-3.153148764712092,MC4R,MC4R/RF AL
118,0.4661547642445085,-0.5421782321691184,19,3.15217600124688,-3.153148764712092,MC4R,MC4R/RF AL
119,1.0750491722572113,-0.786237872580449,19,3.15217600124688,-3.153148764712092,MC4R,MC4R/RF AL
120,-2.017562743270965,-0.569398235508365,19,3.15217600124688,-3.153148764712092,MC4R,MC4R/RF AL
121,2.5461198729919334,-0.3470173161849468,19,3.15217600124688,-3.153148764712092,MC4R,MC4R/RF AL
122,-1.24657439667589,-0.6475485341017686,19,3.15217600124688,-3.153148764712092,MC4R,MC4R/RF AL
123,-1.5954449790662926,-0.6375210170772614,19,3.15217600124688,-3.153148764712092,MC4R,MC4R/RF AL
124,-2.0867409604765856,-0.7041862276511884,19,3.15217600124688,-3.153148764712092,MC4R,MC4R/RF AL
125,-1.7605660849591325,-0.8259672250098824,19,3.15217600124688,-3.153148764712092,MC4R,MC4R/RF AL
126,-1.1969929825210355,-0.7556437903514343,19,3.15217600124688,-3.153148764712092,MC4R,MC4R/RF AL
127,-2.511342667839592,-0.8576947897454315,19,3.15217600124688,-3.153148764712092,MC4R,MC4R/RF AL
128,-0.9281982564074277,-0.6866058108062703,19,3.15217600124688,-3.153148764712092,MC4R,MC4R/RF AL
129,-1.2155537855187937,-0.4596639553802058,19,3.15217600124688,-3.153148764712092,MC4R,MC4R/RF AL
130,-1.2617918297164679,-0.7603317494633585,19,3.15217600124688,-3.153148764712092,MC4R,MC4R/RF AL
131,-3.038114182922891,-0.8777524853214542,19,3.15217600124688,-3.153148764712092,MC4R,MC4R/RF AL
132,-0.13588745860735035,-0.7626750402092398,19,3.15217600124688,-3.153148764712092,MC4R,MC4R/RF AL
133,-1.3877564500676045,-0.5434852517335954,19,3.15217600124688,-3.153148764712092,MC4R,MC4R/RF AL
134,-2.4217609265825275,-0.7693000567808113,19,3.15217600124688,-3.153148764712092,MC4R,MC4R/RF AL
135,-2.675406260653159,-0.8694220122047601,19,3.15217600124688,-3.153148764712092,MC4R,MC4R/RF AL
136,0.02584008979809138,-0.8583595252850318,19,3.15217600124688,-3.153148764712092,MC4R,MC4R/RF AL
137,-1.067898316093038,-0.6704816243439609,19,3.15217600124688,-3.153148764712092,MC4R,MC4R/RF AL
138,-2.2809535855224525,-0.5527712293039763,19,3.15217600124688,-3.153148764712092,MC4R,MC4R/RF AL
139,3.754704316117713,-0.5611166919446742,19,3.15217600124688,-3.153148764712092,MC4R,MC4R/RF AL
140,-0.5687136351177946,-0.7480397245849568,19,3.15217600124688,-3.153148764712092,MC4R,MC4R/RF AL
141,-0.45506516026161886,-0.7324725131591985,19,3.15217600124688,-3.153148764712092,MC4R,MC4R/RF AL
142,-2.8147666100791406,-0.5288252779248456,19,3.15217600124688,-3.153148764712092,MC4R,MC4R/RF AL
143,-1.7719468229751494,-0.5007448116553778,19,3.15217600124688,-3.153148764712092,MC4R,MC4R/RF AL
144,-1.5047057502739782,-0.5063083090625584,19,3.15217600124688,-3.153148764712092,MC4R,MC4R/RF AL
145,0.3657233429178646,-0.551133011354901,19,3.15217600124688,-3.153148764712092,MC4R,MC4R/RF AL
146,-2.7873555738696623,-0.7350664980830057,19,3.15217600124688,-3.153148764712092,MC4R,MC4R/RF AL
147,-2.3137551778299628,-0.5518544916259794,19,3.15217600124688,-3.153148764712092,MC4R,MC4R/RF AL
148,-1.130685472902119,-0.8019049760990312,19,3.15217600124688,-3.153148764712092,MC4R,MC4R/RF AL
149,-2.813578806986138,-0.7116055377436797,19,3.15217600124688,-3.153148764712092,MC4R,MC4R/RF AL
150,-2.5635919593401426,-0.6997758527286819,19,3.15217600124688,-3.153148764712092,MC4R,MC4R/RF AL
151,1.5798727382504287,-0.5510799996605368,19,3.15217600124688,-3.153148764712092,MC4R,MC4R/RF AL
152,-1.5191998241010256,-0.8169645017761197,19,3.15217600124688,-3.153148764712092,MC4R,MC4R/RF AL
153,-2.6225903775699297,-0.8644241486911387,19,3.15217600124688,-3.153148764712092,MC4R,MC4R/RF AL
154,-2.2090373214890855,-0.6285216204322465,19,3.15217600124688,-3.153148764712092,MC4R,MC4R/RF AL
155,-0.47511378010550176,-0.6328440626081047,19,3.15217600124688,-3.153148764712092,MC4R,MC4R/RF AL
156,-2.5582168881992446,-0.6447064202056089,19,3.15217600124688,-3.153148764712092,MC4R,MC4R/RF AL
157,2.729642419651677,-0.42521294920560565,19,3.15217600124688,-3.153148764712092,MC4R,MC4R/RF AL
158,-0.9019523804941082,-0.6291897804731201,19,3.15217600124688,-3.153148764712092,MC4R,MC4R/RF AL
159,-1.3977140606855396,-0.5867895750294285,19,3.15217600124688,-3.153148764712092,MC4R,MC4R/RF AL
160,-2.563561761252193,-0.6722282008232684,19,3.15217600124688,-3.153148764712092,MC4R,MC4R/RF AL
161,-2.548778984071673,-0.6430405016802528,19,3.15217600124688,-3.153148764712092,MC4R,MC4R/RF AL
162,0.07224502230391838,-0.8540566038928856,19,3.15217600124688,-3.153148764712092,MC4R,MC4R/RF AL
163,-1.64581061084237,-0.6838877858190751,19,3.15217600124688,-3.153148764712092,MC4R,MC4R/RF AL
164,-1.045072525578554,-0.726180392990582,19,3.15217600124688,-3.153148764712092,MC4R,MC4R/RF AL
165,-0.5648248895197184,-0.7725997699440929,19,3.15217600124688,-3.153148764712092,MC4R,MC4R/RF AL
166,-0.8599938519411916,-0.79922302670497,19,3.15217600124688,-3.153148764712092,MC4R,MC4R/RF AL
167,-1.1149251397287074,-0.8340896588060362,19,3.15217600124688,-3.153148764712092,MC4R,MC4R/RF AL
168,-0.5895865428611573,-0.6155629762582919,19,3.15217600124688,-3.153148764712092,MC4R,MC4R/RF AL
169,-1.859803184909019,-0.8715324953378097,19,3.15217600124688,-3.153148764712092,MC4R,MC4R/RF AL
170,-1.0424740246773407,-0.6246300982219676,19,3.15217600124688,-3.153148764712092,MC4R,MC4R/RF AL
171,-0.6816609476275884,-0.6600616238289075,19,3.15217600124688,-3.153148764712092,MC4R,MC4R/RF AL
172,-0.16549305507241074,-0.39528676272206553,19,3.15217600124688,-3.153148764712092,MC4R,MC4R/RF AL
173,-1.6547343965207484,-0.785989957815311,19,3.15217600124688,-3.153148764712092,MC4R,MC4R/RF AL
174,-0.9000023809867898,-0.8072913762876951,19,3.15217600124688,-3.153148764712092,MC4R,MC4R/RF AL
175,-0.4426741240837492,-0.682775187147711,19,3.15217600124688,-3.153148764712092,MC4R,MC4R/RF AL
176,-1.60077844747577,-0.6746677872571407,19,3.15217600124688,-3.153148764712092,MC4R,MC4R/RF AL
177,-0.431953064598189,-0.7033834722889425,19,3.15217600124688,-3.153148764712092,MC4R,MC4R/RF AL
178,-1.2173041917977967,-0.5487034422172122,19,3.15217600124688,-3.153148764712092,MC4R,MC4R/RF AL
179,-0.23171422958236568,-0.650611291287253,19,3.15217600124688,-3.153148764712092,MC4R,MC4R/RF AL
180,-2.6197630171336606,-0.6715771492795694,19,3.15217600124688,-3.153148764712092,MC4R,MC4R/RF AL
181,-0.4575175112718884,-0.6674473302273836,19,3.15217600124688,-3.153148764712092,MC4R,MC4R/RF AL
182,-0.950496836280167,-0.5165080767830947,19,3.15217600124688,-3.153148764712092,MC4R,MC4R/RF AL
183,-1.021214696620271,-0.5789270215549225,19,3.15217600124688,-3.153148764712092,MC4R,MC4R/RF AL
184,-1.7896973698041831,-0.35019051565411713,19,3.15217600124688,-3.153148764712092,MC4R,MC4R/RF AL
185,-0.17206036706173494,-0.7923225438120804,19,3.15217600124688,-3.153148764712092,MC4R,MC4R/RF AL
186,-2.33964415482051,-0.7353769626542941,19,3.15217600124688,-3.153148764712092,MC4R,MC4R/RF AL
187,-1.629278863006095,-0.7006065931927088,19,3.15217600124688,-3.153148764712092,MC4R,MC4R/RF AL
188,-0.7013945483423047,-0.3858453609192934,19,3.15217600124688,-3.153148764712092,MC4R,MC4R/RF AL
189,-1.1036997973518883,-0.5335451335341058,19,3.15217600124688,-3.153148764712092,MC4R,MC4R/RF AL
190,-0.023074760172331003,-0.5704157831023613,19,3.15217600124688,-3.153148764712092,MC4R,MC4R/RF AL
191,-0.6003288072519835,-0.4704282819114805,19,3.15217600124688,-3.153148764712092,MC4R,MC4R/RF AL
192,-0.7372031024446709,-0.7765030226861631,19,3.15217600124688,-3.153148764712092,MC4R,MC4R/RF AL
193,-1.3536507366212749,-0.7797791188816423,19,3.15217600124688,-3.153148764712092,MC4R,MC4R/RF AL
194,-0.850301846043542,-0.7326843261597519,19,3.15217600124688,-3.153148764712092,MC4R,MC4R/RF AL
195,-1.3062776064562103,-0.744134806999163,19,3.15217600124688,-3.153148764712092,MC4R,MC4R/RF AL
196,-2.0368656728034296,-0.7050814542472973,19,3.15217600124688,-3.153148764712092,MC4R,MC4R/RF AL
197,-0.6153309736013292,-0.7923669716906486,19,3.15217600124688,-3.153148764712092,MC4R,MC4R/RF AL
198,-1.215531907628003,-0.7702552738275186,19,3.15217600124688,-3.153148764712092,MC4R,MC4R/RF AL
199,0.1279604591955835,-0.5456222384009544,19,3.15217600124688,-3.153148764712092,MC4R,MC4R/RF AL
200,-1.546925015598059,-0.9064332965883627,19,3.15217600124688,-3.153148764712092,MC4R,MC4R/RF AL
201,-0.9689882662515621,-0.7285682764591116,19,3.15217600124688,-3.153148764712092,MC4R,MC4R/RF AL
202,-0.41747248971143935,-0.31361251052942046,19,3.15217600124688,-3.153148764712092,MC4R,MC4R/RF AL
203,-0.17754822680790272,-0.6479365014889563,19,3.15217600124688,-3.153148764712092,MC4R,MC4R/RF AL
204,0.7250215108598169,-0.9131437599378278,19,3.15217600124688,-3.153148764712092,MC4R,MC4R/RF AL
205,-0.7675166320798017,-0.7094696375231101,19,3.15217600124688,-3.153148764712092,MC4R,MC4R/RF AL
206,-0.21117994455693273,-0.7445846178231306,19,3.15217600124688,-3.153148764712092,MC4R,MC4R/RF AL
207,-0.6601896801330538,-0.5260668193643925,19,3.15217600124688,-3.153148764712092,MC4R,MC4R/RF AL
208,0.22034893135260272,-0.5235622234475557,19,3.15217600124688,-3.153148764712092,MC4R,MC4R/RF AL
209,-0.8538460470306343,-0.7468267495434644,19,3.15217600124688,-3.153148764712092,MC4R,MC4R/RF AL
210,-1.2019810633380374,-0.670902342334275,19,3.15217600124688,-3.153148764712092,MC4R,MC4R/RF AL
211,-2.4217601390257046,-0.8327538170677282,19,3.15217600124688,-3.153148764712092,MC4R,MC4R/RF AL
212,-0.8792975673509976,-0.6370995932889713,19,3.15217600124688,-3.153148764712092,MC4R,MC4R/RF AL
213,-0.8177739531150158,-0.8521762486772944,19,3.15217600124688,-3.153148764712092,MC4R,MC4R/RF AL
214,-1.4424365325758564,-0.8427167675975911,19,3.15217600124688,-3.153148764712092,MC4R,MC4R/RF AL
215,-1.4571899914974673,-0.6273768884698069,19,3.15217600124688,-3.153148764712092,MC4R,MC4R/RF AL
216,-1.122100237839216,-0.5642462323015951,19,3.15217600124688,-3.153148764712092,MC4R,MC4R/RF AL
217,-0.3259879296206754,-0.7644447750631088,19,3.15217600124688,-3.153148764712092,MC4R,MC4R/RF AL
218,-1.9616985434140453,-0.581910712973621,19,3.15217600124688,-3.153148764712092,MC4R,MC4R/RF AL
219,-0.9147637975408011,-0.6830640907583717,19,3.15217600124688,-3.153148764712092,MC4R,MC4R/RF AL
220,0.6808658198097151,-0.7326329913240219,19,3.15217600124688,-3.153148764712092,MC4R,MC4R/RF AL
221,-0.553395571051135,-0.5285556273183988,19,3.15217600124688,-3.153148764712092,MC4R,MC4R/RF AL
222,-1.6131187143870622,-0.6758830010719616,19,3.15217600124688,-3.153148764712092,MC4R,MC4R/RF AL
223,-0.5678449705297026,-0.4946811249305297,19,3.15217600124688,-3.153148764712092,MC4R,MC4R/RF AL
224,-1.0478414212328815,-0.7004797327290907,19,3.15217600124688,-3.153148764712092,MC4R,MC4R/RF AL
225,-0.07985729381132067,-0.4716896445577417,19,3.15217600124688,-3.153148764712092,MC4R,MC4R/RF AL
226,-0.35395778516668736,-0.4598920729143144,19,3.15217600124688,-3.153148764712092,MC4R,MC4R/RF AL
227,-0.153144768120953,-0.7104115248157182,19,3.15217600124688,-3.153148764712092,MC4R,MC4R/RF AL
228,0.11405331858232384,-0.722920444358444,19,3.15217600124688,-3.153148764712092,MC4R,MC4R/RF AL
229,0.25594541335458115,-0.42522331059852,19,3.15217600124688,-3.153148764712092,MC4R,MC4R/RF AL
230,0.0853555764317453,-0.5718079950585846,19,3.15217600124688,-3.153148764712092,MC4R,MC4R/RF AL
231,-0.20962179245672272,-0.6916427488517559,19,3.15217600124688,-3.153148764712092,MC4R,MC4R/RF AL
232,0.3197569537783675,-0.6702572827347515,19,3.15217600124688,-3.153148764712092,MC4R,MC4R/RF AL
233,0.23408398718819276,-0.57402421043611,19,3.15217600124688,-3.153148764712092,MC4R,MC4R/RF AL
234,0.9487031669716983,-0.5901351170450264,19,3.15217600124688,-3.153148764712092,MC4R,MC4R/RF AL
235,0.5200309305742611,-0.6246599812874646,19,3.15217600124688,-3.153148764712092,MC4R,MC4R/RF AL
236,1.1359488813217284,-0.15491173462661267,19,3.15217600124688,-3.153148764712092,MC4R,MC4R/RF AL
237,0.6603931457073782,-0.45779640426899837,19,3.15217600124688,-3.153148764712092,MC4R,MC4R/RF AL
238,1.1077372334821305,-0.4623965350638676,19,3.15217600124688,-3.153148764712092,MC4R,MC4R/RF AL
239,0.37433209979716475,-0.6121839751827922,19,3.15217600124688,-3.153148764712092,MC4R,MC4R/RF AL
240,1.6605410979749564,-0.675174615371876,19,3.15217600124688,-3.153148764712092,MC4R,MC4R/RF AL
241,-1.077768598085123,-0.6409346563354316,19,3.15217600124688,-3.153148764712092,MC4R,MC4R/RF AL
242,-1.4820608334764689,-0.7740524643973657,19,3.15217600124688,-3.153148764712092,MC4R,MC4R/RF AL
243,-0.6178175330494128,-0.6268630302498901,19,3.15217600124688,-3.153148764712092,MC4R,MC4R/RF AL
244,-0.951997209718898,-0.5579195935721274,19,3.15217600124688,-3.153148764712092,MC4R,MC4R/RF AL
245,-0.013949975386125097,-0.5049093134072319,19,3.15217600124688,-3.153148764712092,MC4R,MC4R/RF AL
246,-0.7131817494435879,-0.6915233340438216,19,3.15217600124688,-3.153148764712092,MC4R,MC4R/RF AL
247,-0.288286882834626,-0.6047055841701441,19,3.15217600124688,-3.153148764712092,MC4R,MC4R/RF AL
248,-0.48292050019140803,-0.71534087701145,19,3.15217600124688,-3.153148764712092,MC4R,MC4R/RF AL
249,1.5474124170673522,-0.7496574639261655,19,3.15217600124688,-3.153148764712092,MC4R,MC4R/RF AL
250,-0.8840715194873447,-0.7137376063314275,19,3.15217600124688,-3.153148764712092,MC4R,MC4R/RF AL
251,-0.9099336689944648,-0.6268964983488153,19,3.15217600124688,-3.153148764712092,MC4R,MC4R/RF AL
252,1.25171620396585,-0.4681787807730641,19,3.15217600124688,-3.153148764712092,MC4R,MC4R/RF AL
253,1.2856444598884167,-0.5092471589136991,19,3.15217600124688,-3.153148764712092,MC4R,MC4R/RF AL
254,-0.3736371704063397,-0.6100744110409948,19,3.15217600124688,-3.153148764712092,MC4R,MC4R/RF AL
255,-0.8246732315639683,-0.7843740357827075,19,3.15217600124688,-3.153148764712092,MC4R,MC4R/RF AL
256,-0.39100789605330943,-0.3742792189071714,19,3.15217600124688,-3.153148764712092,MC4R,MC4R/RF AL
257,1.2321611426775803,-0.6270910603590095,19,3.15217600124688,-3.153148764712092,MC4R,MC4R/RF AL
258,-0.3511221589771532,-0.5974656314934919,19,3.15217600124688,-3.153148764712092,MC4R,MC4R/RF AL
259,-2.4519027312702377,-0.524503185874606,19,3.15217600124688,-3.153148764712092,MC4R,MC4R/RF AL
260,-1.421869569575881,-0.6551111329712722,19,3.15217600124688,-3.153148764712092,MC4R,MC4R/RF AL
261,-0.9906372151969055,-0.7172436981856973,19,3.15217600124688,-3.153148764712092,MC4R,MC4R/RF AL
262,-0.9659813586135463,-0.6370770775249344,19,3.15217600124688,-3.153148764712092,MC4R,MC4R/RF AL
263,-2.313409549178557,-0.5448580616652269,19,3.15217600124688,-3.153148764712092,MC4R,MC4R/RF AL
264,-1.605034429921463,-0.7223385327056747,19,3.15217600124688,-3.153148764712092,MC4R,MC4R/RF AL
265,-0.0271974116188302,-0.5961173131410713,19,3.15217600124688,-3.153148764712092,MC4R,MC4R/RF AL
266,-0.7375645028544593,-0.5451672849995187,19,3.15217600124688,-3.153148764712092,MC4R,MC4R/RF AL
267,-1.4903711451869834,-0.6345890028352456,19,3.15217600124688,-3.153148764712092,MC4R,MC4R/RF AL
268,-1.4322785847464405,-0.5250570172843256,19,3.15217600124688,-3.153148764712092,MC4R,MC4R/RF AL
269,-0.4103826089754378,-0.48717291141839164,19,3.15217600124688,-3.153148764712092,MC4R,MC4R/RF AL
270,-1.3175230803424363,-0.7364870956986381,19,3.15217600124688,-3.153148764712092,MC4R,MC4R/RF AL
271,-1.4390511858613755,-0.41736646783668785,19,3.15217600124688,-3.153148764712092,MC4R,MC4R/RF AL
272,-0.4531184081361123,-0.512294648774966,19,3.15217600124688,-3.153148764712092,MC4R,MC4R/RF AL
273,-0.9789299049787616,-0.7768020459198067,19,3.15217600124688,-3.153148764712092,MC4R,MC4R/RF AL
274,-0.40312010247208874,-0.757601869093927,19,3.15217600124688,-3.153148764712092,MC4R,MC4R/RF AL
275,-0.5216442538739159,-0.4162645030595735,19,3.15217600124688,-3.153148764712092,MC4R,MC4R/RF AL
276,-1.3200993698907901,-0.5072368870689258,19,3.15217600124688,-3.153148764712092,MC4R,MC4R/RF AL
277,-0.00803294297009375,-0.7747039595289194,19,3.15217600124688,-3.153148764712092,MC4R,MC4R/RF AL
278,0.26415090863876034,-0.5084536031083114,19,3.15217600124688,-3.153148764712092,MC4R,MC4R/RF AL
279,-1.0288075663013039,-0.6193217591740268,19,3.15217600124688,-3.153148764712092,MC4R,MC4R/RF AL
280,-1.6905553690969402,-0.6755818340471101,19,3.15217600124688,-3.153148764712092,MC4R,MC4R/RF AL
281,-0.15716707152055223,-0.68688409557599,19,3.15217600124688,-3.153148764712092,MC4R,MC4R/RF AL
282,-0.28296636435050343,-0.5420084809780734,19,3.15217600124688,-3.153148764712092,MC4R,MC4R/RF AL
283,-2.2299763238201535,-0.511605840547581,19,3.15217600124688,-3.153148764712092,MC4R,MC4R/RF AL
284,-0.6404773483196321,-0.7361144518978161,19,3.15217600124688,-3.153148764712092,MC4R,MC4R/RF AL
285,-0.9621708370318536,-0.6553771823375303,19,3.15217600124688,-3.153148764712092,MC4R,MC4R/RF AL
286,-1.1249690864728688,-0.7305566502686724,19,3.15217600124688,-3.153148764712092,MC4R,MC4R/RF AL
287,-1.073540639347823,-0.7521408056151875,19,3.15217600124688,-3.153148764712092,MC4R,MC4R/RF AL
288,-0.5119049806646753,-0.40927977745236066,19,3.15217600124688,-3.153148764712092,MC4R,MC4R/RF AL
289,-1.0788044292654406,-0.5392295583554126,19,3.15217600124688,-3.153148764712092,MC4R,MC4R/RF AL
290,-1.3244889379926836,-0.6167136638452039,19,3.15217600124688,-3.153148764712092,MC4R,MC4R/RF AL
291,-1.0899857598002771,-0.7506359993194544,19,3.15217600124688,-3.153148764712092,MC4R,MC4R/RF AL
292,-0.989948547748388,-0.579519891478378,17,3.15217600124688,-3.153148764712092,MC4R,MC4R/RF AL
293,-1.1260683105749834,-0.5378238807755458,19,3.15217600124688,-3.153148764712092,MC4R,MC4R/RF AL
294,-1.3401156595283261,-0.5033834466713444,19,3.15217600124688,-3.153148764712092,MC4R,MC4R/RF AL
295,-0.9093039811878311,-0.6031515633758523,19,3.15217600124688,-3.153148764712092,MC4R,MC4R/RF AL
296,-1.457234792217574,-0.6073568929027766,19,3.15217600124688,-3.153148764712092,MC4R,MC4R/RF AL
297,-2.302569164352149,-0.6875448179359531,19,3.15217600124688,-3.153148764712092,MC4R,MC4R/RF AL
298,-2.9624227211883065,-0.5962046320813696,19,3.15217600124688,-3.153148764712092,MC4R,MC4R/RF AL
299,-0.4448507012622837,-0.5172646143538323,19,3.15217600124688,-3.153148764712092,MC4R,MC4R/RF AL
300,-1.5023420487568984,-0.5388924966076355,19,3.15217600124688,-3.153148764712092,MC4R,MC4R/RF AL
301,-2.3564483048050797,-0.7638802951181191,19,3.15217600124688,-3.153148764712092,MC4R,MC4R/RF AL
302,-1.7940608763788717,-0.6979041075297348,19,3.15217600124688,-3.153148764712092,MC4R,MC4R/RF AL
303,-1.8662444205928062,-0.7429868507966396,19,3.15217600124688,-3.153148764712092,MC4R,MC4R/RF AL
304,-1.0527356220541428,-0.6590840250358243,19,3.15217600124688,-3.153148764712092,MC4R,MC4R/RF AL
305,1.1383650144380846,-0.46274789181713605,19,3.15217600124688,-3.153148764712092,MC4R,MC4R/RF AL
306,0.161191112305096,-0.44807848064584976,19,3.15217600124688,-3.153148764712092,MC4R,MC4R/RF AL
307,-0.5850226907547149,-0.7567861504913092,19,3.15217600124688,-3.153148764712092,MC4R,MC4R/RF AL
308,-1.0373891785241525,-0.5580380826223302,19,3.15217600124688,-3.153148764712092,MC4R,MC4R/RF AL
309,-0.41878756358095587,-0.5633374594304607,19,3.15217600124688,-3.153148764712092,MC4R,MC4R/RF AL
310,-1.1013235469748839,-0.5244426029872438,19,3.15217600124688,-3.153148764712092,MC4R,MC4R/RF AL
311,-0.25980788609752964,-0.6737809358756897,19,3.15217600124688,-3.153148764712092,MC4R,MC4R/RF AL
312,0.1840627352325524,-0.3228707472547944,19,3.15217600124688,-3.153148764712092,MC4R,MC4R/RF AL
313,1.2373558947989247,-0.23851337514070514,19,3.15217600124688,-3.153148764712092,MC4R,MC4R/RF AL
314,-0.3839097212295786,-0.4584718226412166,19,3.15217600124688,-3.153148764712092,MC4R,MC4R/RF AL
315,-0.3411859488399003,-0.44879211271759933,19,3.15217600124688,-3.153148764712092,MC4R,MC4R/RF AL
316,-0.09141045232511293,-0.484555482493752,19,3.15217600124688,-3.153148764712092,MC4R,MC4R/RF AL
317,0.5390679356437189,-0.4765971580540194,19,3.15217600124688,-3.153148764712092,MC4R,MC4R/RF AL
318,0.3127053346839653,-0.5208902704968462,19,3.15217600124688,-3.153148764712092,MC4R,MC4R/RF AL
319,0.6703781593120474,-0.3740505382084616,19,3.15217600124688,-3.153148764712092,MC4R,MC4R/RF AL
320,0.09389123185955679,-0.48553829376112895,19,3.15217600124688,-3.153148764712092,MC4R,MC4R/RF AL
321,-0.1364731284663312,-0.41894627078758756,19,3.15217600124688,-3.153148764712092,MC4R,MC4R/RF AL
322,0.07128715739782447,-0.4696835298755916,19,3.15217600124688,-3.153148764712092,MC4R,MC4R/RF AL
323,-0.8635348535594435,-0.78313762205361,19,3.15217600124688,-3.153148764712092,MC4R,MC4R/RF AL
324,-0.4252872985109879,-0.5841668542314885,19,3.15217600124688,-3.153148764712092,MC4R,MC4R/RF AL
325,-0.04853847400296276,-0.3630548080047292,19,3.15217600124688,-3.153148764712092,MC4R,MC4R/RF AL
326,0.3974866745633087,-0.16502123379422276,19,3.15217600124688,-3.153148764712092,MC4R,MC4R/RF AL
327,0.8489340779922939,-0.2884574591855533,19,3.15217600124688,-3.153148764712092,MC4R,MC4R/RF AL
328,0.21807354036466933,-0.6723577867483805,19,3.15217600124688,-3.153148764712092,MC4R,MC4R/RF AL
329,0.33292513462519135,-0.3350185761943813,19,3.15217600124688,-3.153148764712092,MC4R,MC4R/RF AL
330,-0.5597499316957857,-0.7010049672098231,19,3.15217600124688,-3.153148764712092,MC4R,MC4R/RF AL
331,0.04431833466488976,-0.4288552053112116,19,3.15217600124688,-3.153148764712092,MC4R,MC4R/RF AL
0,0.1688800076283977,-0.1366383138883225,19,3.15217600124688,-3.153148764712092,MC4R,MC4R/5 FOLD CV
1,0.06746854254840728,-0.5249900658244663,19,3.15217600124688,-3.153148764712092,MC4R,MC4R/5 FOLD CV
2,1.3575784633989507,0.4957956652175541,19,3.15217600124688,-3.153148764712092,MC4R,MC4R/5 FOLD CV
3,0.9513394921771607,0.18922126526797425,19,3.15217600124688,-3.153148764712092,MC4R,MC4R/5 FOLD CV
4,0.09429958995751156,-0.04532114861538785,19,3.15217600124688,-3.153148764712092,MC4R,MC4R/5 FOLD CV
5,0.49859149855209983,-0.021387114869397792,19,3.15217600124688,-3.153148764712092,MC4R,MC4R/5 FOLD CV
6,-1.0297293228649327,-0.5263759133917736,19,3.15217600124688,-3.153148764712092,MC4R,MC4R/5 FOLD CV
7,-0.5567265125925966,-0.2320797801869536,15,3.15217600124688,-3.153148764712092,MC4R,MC4R/5 FOLD CV
8,0.47830257201352994,-0.03975655295966642,19,3.15217600124688,-3.153148764712092,MC4R,MC4R/5 FOLD CV
9,-0.21611026710727804,-0.3707253229431594,19,3.15217600124688,-3.153148764712092,MC4R,MC4R/5 FOLD CV
10,-0.5003987500563348,-0.35499945985102094,19,3.15217600124688,-3.153148764712092,MC4R,MC4R/5 FOLD CV
11,0.7374400584668755,-0.1525437302794959,19,3.15217600124688,-3.153148764712092,MC4R,MC4R/5 FOLD CV
12,0.057094330733975844,-0.2262136502118487,19,3.15217600124688,-3.153148764712092,MC4R,MC4R/5 FOLD CV
13,0.08547323383965376,-0.16826557120207578,19,3.15217600124688,-3.153148764712092,MC4R,MC4R/5 FOLD CV
14,1.3656143268921066,0.601910968994952,19,3.15217600124688,-3.153148764712092,MC4R,MC4R/5 FOLD CV
15,-0.822038666463968,-0.52797531128407,19,3.15217600124688,-3.153148764712092,MC4R,MC4R/5 FOLD CV
16,2.708128578429367,1.0105436943617425,19,3.15217600124688,-3.153148764712092,MC4R,MC4R/5 FOLD CV
17,-0.4619467340518567,-0.313621866434749,19,3.15217600124688,-3.153148764712092,MC4R,MC4R/5 FOLD CV
18,4.811063179622003,2.7931869696739136,19,3.15217600124688,-3.153148764712092,MC4R,MC4R/5 FOLD CV
19,1.948740368715879,0.42846611635677795,19,3.15217600124688,-3.153148764712092,MC4R,MC4R/5 FOLD CV
20,0.21222842733309485,-0.17048875396478616,19,3.15217600124688,-3.153148764712092,MC4R,MC4R/5 FOLD CV
21,-1.1931280760743763,-0.6201468858549339,19,3.15217600124688,-3.153148764712092,MC4R,MC4R/5 FOLD CV
22,0.05875973208755508,-0.16057920793108144,19,3.15217600124688,-3.153148764712092,MC4R,MC4R/5 FOLD CV
23,0.017132134533412068,-0.16910104168057472,19,3.15217600124688,-3.153148764712092,MC4R,MC4R/5 FOLD CV
24,-0.1852869810653121,-0.16007014992627572,19,3.15217600124688,-3.153148764712092,MC4R,MC4R/5 FOLD CV
25,-0.594861424809879,-0.623270114214816,19,3.15217600124688,-3.153148764712092,MC4R,MC4R/5 FOLD CV
26,0.16657233051576487,-0.12238210654586228,19,3.15217600124688,-3.153148764712092,MC4R,MC4R/5 FOLD CV
27,-1.0191715860438026,-0.7705346663476281,19,3.15217600124688,-3.153148764712092,MC4R,MC4R/5 FOLD CV
28,0.07372636052115933,-0.6266725694494,19,3.15217600124688,-3.153148764712092,MC4R,MC4R/5 FOLD CV
29,-0.1537976200990486,-0.4434520058118898,19,3.15217600124688,-3.153148764712092,MC4R,MC4R/5 FOLD CV
30,0.033067834157549984,-0.29371574839244263,19,3.15217600124688,-3.153148764712092,MC4R,MC4R/5 FOLD CV
31,-0.09613029108964029,-0.3308686361733793,19,3.15217600124688,-3.153148764712092,MC4R,MC4R/5 FOLD CV
32,0.19601510855853246,-0.16964081469208891,19,3.15217600124688,-3.153148764712092,MC4R,MC4R/5 FOLD CV
33,0.06233756675649138,-0.3336238966447678,19,3.15217600124688,-3.153148764712092,MC4R,MC4R/5 FOLD CV
34,0.27354318477954703,-0.15131617827194233,19,3.15217600124688,-3.153148764712092,MC4R,MC4R/5 FOLD CV
35,0.019363809557914956,-0.4829354255036636,19,3.15217600124688,-3.153148764712092,MC4R,MC4R/5 FOLD CV
36,-1.1364087482663503,-0.47883095110743995,19,3.15217600124688,-3.153148764712092,MC4R,MC4R/5 FOLD CV
37,-0.48679623934660204,-0.46323875435776624,19,3.15217600124688,-3.153148764712092,MC4R,MC4R/5 FOLD CV
38,0.5412514925853277,-0.35560659368981806,19,3.15217600124688,-3.153148764712092,MC4R,MC4R/5 FOLD CV
39,-1.2063978658176964,-0.9010268533042272,19,3.15217600124688,-3.153148764712092,MC4R,MC4R/5 FOLD CV
40,0.20248599979403714,0.10118717724030736,19,3.15217600124688,-3.153148764712092,MC4R,MC4R/5 FOLD CV
41,-0.6949437887087,-0.6655809187169096,19,3.15217600124688,-3.153148764712092,MC4R,MC4R/5 FOLD CV
42,-1.7257106933108244,-1.073457944396013,19,3.15217600124688,-3.153148764712092,MC4R,MC4R/5 FOLD CV
43,-0.7304301708999804,-0.5225264591124152,19,3.15217600124688,-3.153148764712092,MC4R,MC4R/5 FOLD CV
44,-0.4836789117289816,-0.42801500252804203,19,3.15217600124688,-3.153148764712092,MC4R,MC4R/5 FOLD CV
45,-0.8119597264520093,-0.5009410985906018,19,3.15217600124688,-3.153148764712092,MC4R,MC4R/5 FOLD CV
46,0.3275422124446095,-0.33202295116598135,19,3.15217600124688,-3.153148764712092,MC4R,MC4R/5 FOLD CV
47,-1.6264232783772528,-0.6784792018131803,19,3.15217600124688,-3.153148764712092,MC4R,MC4R/5 FOLD CV
48,0.6201058263019558,-0.3031999437925393,19,3.15217600124688,-3.153148764712092,MC4R,MC4R/5 FOLD CV
49,-1.6303246204323412,-0.8532533770114284,19,3.15217600124688,-3.153148764712092,MC4R,MC4R/5 FOLD CV
50,-0.1586325303040787,-0.37297632933251407,19,3.15217600124688,-3.153148764712092,MC4R,MC4R/5 FOLD CV
51,-2.009843847678648,-0.8261510524026114,19,3.15217600124688,-3.153148764712092,MC4R,MC4R/5 FOLD CV
52,-1.3128114607932908,-0.8364181101433084,19,3.15217600124688,-3.153148764712092,MC4R,MC4R/5 FOLD CV
53,-2.1520472126944625,-1.0391197750514813,19,3.15217600124688,-3.153148764712092,MC4R,MC4R/5 FOLD CV
54,-1.2985252038504107,-0.6851186218699674,19,3.15217600124688,-3.153148764712092,MC4R,MC4R/5 FOLD CV
55,-0.39206877525280226,-0.68901359358244,19,3.15217600124688,-3.153148764712092,MC4R,MC4R/5 FOLD CV
56,-1.3906182411236037,-0.7636604041849747,19,3.15217600124688,-3.153148764712092,MC4R,MC4R/5 FOLD CV
57,-1.0026677825180996,-0.7985051013986273,19,3.15217600124688,-3.153148764712092,MC4R,MC4R/5 FOLD CV
58,-0.4498954530642802,-0.9039040007876168,19,3.15217600124688,-3.153148764712092,MC4R,MC4R/5 FOLD CV
59,-0.6284375598951444,-0.758179206110325,19,3.15217600124688,-3.153148764712092,MC4R,MC4R/5 FOLD CV
60,-0.9325389441037809,-0.44514213578089334,19,3.15217600124688,-3.153148764712092,MC4R,MC4R/5 FOLD CV
61,-1.308710742046052,-0.8627036409626596,19,3.15217600124688,-3.153148764712092,MC4R,MC4R/5 FOLD CV
62,-0.5976028678989355,-0.3345643586911813,19,3.15217600124688,-3.153148764712092,MC4R,MC4R/5 FOLD CV
63,-0.20418787362033528,-0.7349137583612079,19,3.15217600124688,-3.153148764712092,MC4R,MC4R/5 FOLD CV
64,-1.5579178687279676,-0.6983544082288845,19,3.15217600124688,-3.153148764712092,MC4R,MC4R/5 FOLD CV
65,-1.3700162535548015,-0.7766468375510484,19,3.15217600124688,-3.153148764712092,MC4R,MC4R/5 FOLD CV
66,-0.8672268005542692,-0.7678735164953777,19,3.15217600124688,-3.153148764712092,MC4R,MC4R/5 FOLD CV
67,-0.7328068576141803,-0.670733071716687,19,3.15217600124688,-3.153148764712092,MC4R,MC4R/5 FOLD CV
68,-1.6590708778667367,-0.9830553572604169,19,3.15217600124688,-3.153148764712092,MC4R,MC4R/5 FOLD CV
69,-1.4084952076626853,-0.7595566740805793,19,3.15217600124688,-3.153148764712092,MC4R,MC4R/5 FOLD CV
70,-0.33858152229176586,-0.6727218169624265,19,3.15217600124688,-3.153148764712092,MC4R,MC4R/5 FOLD CV
71,-0.5711542948270822,-0.8006384999374182,19,3.15217600124688,-3.153148764712092,MC4R,MC4R/5 FOLD CV
72,-0.09739475600045637,-0.406215191787656,19,3.15217600124688,-3.153148764712092,MC4R,MC4R/5 FOLD CV
73,0.7868075942801204,-0.07560505901298815,19,3.15217600124688,-3.153148764712092,MC4R,MC4R/5 FOLD CV
74,-0.7312469743647646,-0.7756717654179541,19,3.15217600124688,-3.153148764712092,MC4R,MC4R/5 FOLD CV
75,-0.7617582660697121,-0.658939239311487,19,3.15217600124688,-3.153148764712092,MC4R,MC4R/5 FOLD CV
76,1.3745361093465363,-0.3553945573110294,19,3.15217600124688,-3.153148764712092,MC4R,MC4R/5 FOLD CV
77,-0.9736720553016829,-0.8095162547502254,19,3.15217600124688,-3.153148764712092,MC4R,MC4R/5 FOLD CV
78,2.7220532646251914,0.8326055750163878,19,3.15217600124688,-3.153148764712092,MC4R,MC4R/5 FOLD CV
79,-1.1108854258143472,-0.8714822009017515,19,3.15217600124688,-3.153148764712092,MC4R,MC4R/5 FOLD CV
80,0.7929856557478303,-0.32747862643775766,19,3.15217600124688,-3.153148764712092,MC4R,MC4R/5 FOLD CV
81,-0.7903900636984368,-0.5504940111378431,19,3.15217600124688,-3.153148764712092,MC4R,MC4R/5 FOLD CV
82,0.7396588790576368,-0.4216459923895157,19,3.15217600124688,-3.153148764712092,MC4R,MC4R/5 FOLD CV
83,-0.30722834715152264,-0.6473530499923427,19,3.15217600124688,-3.153148764712092,MC4R,MC4R/5 FOLD CV
84,-1.5710941764085586,-0.9185366378718903,19,3.15217600124688,-3.153148764712092,MC4R,MC4R/5 FOLD CV
85,-1.0760179983008062,-0.8263063826626283,19,3.15217600124688,-3.153148764712092,MC4R,MC4R/5 FOLD CV
86,-1.526447528594851,-0.8169802371413679,19,3.15217600124688,-3.153148764712092,MC4R,MC4R/5 FOLD CV
87,-1.8890135372050496,-0.9824850626476246,19,3.15217600124688,-3.153148764712092,MC4R,MC4R/5 FOLD CV
88,-1.9253667733492703,-0.8755104821080636,19,3.15217600124688,-3.153148764712092,MC4R,MC4R/5 FOLD CV
89,-2.154491016138007,-0.7480851930364776,19,3.15217600124688,-3.153148764712092,MC4R,MC4R/5 FOLD CV
90,-0.9010421826382284,-0.6812680773423402,19,3.15217600124688,-3.153148764712092,MC4R,MC4R/5 FOLD CV
91,-0.3342581758095795,-0.666126453174482,19,3.15217600124688,-3.153148764712092,MC4R,MC4R/5 FOLD CV
92,0.29881080831230705,-0.48305484915336644,19,3.15217600124688,-3.153148764712092,MC4R,MC4R/5 FOLD CV
93,-1.4816168648441532,-0.8312622801565333,19,3.15217600124688,-3.153148764712092,MC4R,MC4R/5 FOLD CV
94,-1.536589857520067,-0.630491505852061,19,3.15217600124688,-3.153148764712092,MC4R,MC4R/5 FOLD CV
95,-1.697139589162615,-0.708092205517338,19,3.15217600124688,-3.153148764712092,MC4R,MC4R/5 FOLD CV
96,-0.17047867398099845,-0.7947294750206177,19,3.15217600124688,-3.153148764712092,MC4R,MC4R/5 FOLD CV
97,0.34440914732156386,-0.6218744705914164,19,3.15217600124688,-3.153148764712092,MC4R,MC4R/5 FOLD CV
98,0.14068794749915625,-0.41853194173437563,19,3.15217600124688,-3.153148764712092,MC4R,MC4R/5 FOLD CV
99,-0.8866572094989928,-0.7436042061038579,19,3.15217600124688,-3.153148764712092,MC4R,MC4R/5 FOLD CV
100,-0.43650685999139777,-0.3928186209527968,19,3.15217600124688,-3.153148764712092,MC4R,MC4R/5 FOLD CV
101,-1.2869720833689524,-1.0377114691208287,19,3.15217600124688,-3.153148764712092,MC4R,MC4R/5 FOLD CV
102,-0.7183999622294627,-0.7085191074447605,19,3.15217600124688,-3.153148764712092,MC4R,MC4R/5 FOLD CV
103,-0.16147514327448811,-0.4225346843019439,19,3.15217600124688,-3.153148764712092,MC4R,MC4R/5 FOLD CV
104,0.7564214372669864,-0.1264475557329995,19,3.15217600124688,-3.153148764712092,MC4R,MC4R/5 FOLD CV
105,-0.7076838318168439,-0.9799527320201888,19,3.15217600124688,-3.153148764712092,MC4R,MC4R/5 FOLD CV
106,-1.0172231837727488,-0.834861545949885,19,3.15217600124688,-3.153148764712092,MC4R,MC4R/5 FOLD CV
107,1.2803078200105646,-0.21271253089284495,19,3.15217600124688,-3.153148764712092,MC4R,MC4R/5 FOLD CV
108,-0.0354176203098416,-0.5862651803082887,19,3.15217600124688,-3.153148764712092,MC4R,MC4R/5 FOLD CV
109,0.4099829480250719,-0.37343745345888896,19,3.15217600124688,-3.153148764712092,MC4R,MC4R/5 FOLD CV
110,-0.4955446198770284,-0.5435544391760796,19,3.15217600124688,-3.153148764712092,MC4R,MC4R/5 FOLD CV
111,0.14868145050600443,-0.20615351474348037,19,3.15217600124688,-3.153148764712092,MC4R,MC4R/5 FOLD CV
112,-0.9995455703542117,-0.599989714023599,19,3.15217600124688,-3.153148764712092,MC4R,MC4R/5 FOLD CV
113,-0.052482512501263665,-0.33976878630263435,19,3.15217600124688,-3.153148764712092,MC4R,MC4R/5 FOLD CV
114,0.35025730382906684,-0.1472410556305936,19,3.15217600124688,-3.153148764712092,MC4R,MC4R/5 FOLD CV
115,-0.37869960599669994,-0.6593641562002285,19,3.15217600124688,-3.153148764712092,MC4R,MC4R/5 FOLD CV
116,-0.7384951723622529,-0.3813541968948623,19,3.15217600124688,-3.153148764712092,MC4R,MC4R/5 FOLD CV
117,0.5643148022161942,-0.07703523947065519,19,3.15217600124688,-3.153148764712092,MC4R,MC4R/5 FOLD CV
118,0.4661547642445086,-0.021678769349699804,19,3.15217600124688,-3.153148764712092,MC4R,MC4R/5 FOLD CV
119,1.0750491722572113,-0.03200068015440555,19,3.15217600124688,-3.153148764712092,MC4R,MC4R/5 FOLD CV
120,-2.017562743270965,-0.805317119501539,19,3.15217600124688,-3.153148764712092,MC4R,MC4R/5 FOLD CV
121,2.5461198729919334,0.35183024376865,19,3.15217600124688,-3.153148764712092,MC4R,MC4R/5 FOLD CV
122,-1.24657439667589,-0.7867788634310452,19,3.15217600124688,-3.153148764712092,MC4R,MC4R/5 FOLD CV
123,-1.5954449790662926,-0.6676882780399587,19,3.15217600124688,-3.153148764712092,MC4R,MC4R/5 FOLD CV
124,-2.0867409604765856,-0.9569989011430643,19,3.15217600124688,-3.153148764712092,MC4R,MC4R/5 FOLD CV
125,-1.7605660849591325,-0.8715957240572706,19,3.15217600124688,-3.153148764712092,MC4R,MC4R/5 FOLD CV
126,-1.1969929825210355,-1.0843004369125608,19,3.15217600124688,-3.153148764712092,MC4R,MC4R/5 FOLD CV
127,-2.511342667839592,-1.0697518954268808,19,3.15217600124688,-3.153148764712092,MC4R,MC4R/5 FOLD CV
128,-0.9281982564074277,-0.8960907922979118,19,3.15217600124688,-3.153148764712092,MC4R,MC4R/5 FOLD CV
129,-1.2155537855187937,-0.6809745942011091,19,3.15217600124688,-3.153148764712092,MC4R,MC4R/5 FOLD CV
130,-1.2617918297164679,-0.9161373737478788,19,3.15217600124688,-3.153148764712092,MC4R,MC4R/5 FOLD CV
131,-3.038114182922891,-1.1455556314063269,19,3.15217600124688,-3.153148764712092,MC4R,MC4R/5 FOLD CV
132,-0.13588745860735035,-0.4187834766309555,19,3.15217600124688,-3.153148764712092,MC4R,MC4R/5 FOLD CV
133,-1.3877564500676045,-0.8109220457454276,19,3.15217600124688,-3.153148764712092,MC4R,MC4R/5 FOLD CV
134,-2.4217609265825275,-1.1891931386542052,19,3.15217600124688,-3.153148764712092,MC4R,MC4R/5 FOLD CV
135,-2.675406260653159,-1.144026556613565,19,3.15217600124688,-3.153148764712092,MC4R,MC4R/5 FOLD CV
136,0.025840089798091423,-0.22779486575465144,19,3.15217600124688,-3.153148764712092,MC4R,MC4R/5 FOLD CV
137,-1.067898316093038,-1.0424580439071927,19,3.15217600124688,-3.153148764712092,MC4R,MC4R/5 FOLD CV
138,-2.2809535855224525,-0.9153187058244803,19,3.15217600124688,-3.153148764712092,MC4R,MC4R/5 FOLD CV
139,3.754704316117713,1.3143049397182862,19,3.15217600124688,-3.153148764712092,MC4R,MC4R/5 FOLD CV
140,-0.5687136351177946,-0.5343742610652008,19,3.15217600124688,-3.153148764712092,MC4R,MC4R/5 FOLD CV
141,-0.45506516026161886,-0.8263684931899244,19,3.15217600124688,-3.153148764712092,MC4R,MC4R/5 FOLD CV
142,-2.8147666100791406,-1.0314558213760805,19,3.15217600124688,-3.153148764712092,MC4R,MC4R/5 FOLD CV
143,-1.7719468229751494,-1.0596104603205347,19,3.15217600124688,-3.153148764712092,MC4R,MC4R/5 FOLD CV
144,-1.5047057502739782,-0.627822596161054,19,3.15217600124688,-3.153148764712092,MC4R,MC4R/5 FOLD CV
145,0.36572334291786457,-0.8849379473107645,19,3.15217600124688,-3.153148764712092,MC4R,MC4R/5 FOLD CV
146,-2.7873555738696623,-1.0469332189054912,19,3.15217600124688,-3.153148764712092,MC4R,MC4R/5 FOLD CV
147,-2.3137551778299628,-1.086383899416626,19,3.15217600124688,-3.153148764712092,MC4R,MC4R/5 FOLD CV
148,-1.130685472902119,-0.9309138822700082,19,3.15217600124688,-3.153148764712092,MC4R,MC4R/5 FOLD CV
149,-2.813578806986138,-1.1716267989634899,19,3.15217600124688,-3.153148764712092,MC4R,MC4R/5 FOLD CV
150,-2.5635919593401426,-0.9406087629010019,19,3.15217600124688,-3.153148764712092,MC4R,MC4R/5 FOLD CV
151,1.5798727382504287,0.09778141584683027,19,3.15217600124688,-3.153148764712092,MC4R,MC4R/5 FOLD CV
152,-1.5191998241010256,-0.9851907320394191,19,3.15217600124688,-3.153148764712092,MC4R,MC4R/5 FOLD CV
153,-2.6225903775699297,-0.8377706615440894,19,3.15217600124688,-3.153148764712092,MC4R,MC4R/5 FOLD CV
154,-2.2090373214890855,-0.9509497512527809,19,3.15217600124688,-3.153148764712092,MC4R,MC4R/5 FOLD CV
155,-0.47511378010550165,-0.7400843562516816,19,3.15217600124688,-3.153148764712092,MC4R,MC4R/5 FOLD CV
156,-2.5582168881992446,-1.0654134867821847,19,3.15217600124688,-3.153148764712092,MC4R,MC4R/5 FOLD CV
157,2.729642419651677,0.20556021354144918,19,3.15217600124688,-3.153148764712092,MC4R,MC4R/5 FOLD CV
158,-0.9019523804941082,-0.6862848626744543,19,3.15217600124688,-3.153148764712092,MC4R,MC4R/5 FOLD CV
159,-1.3977140606855394,-0.960734426780742,19,3.15217600124688,-3.153148764712092,MC4R,MC4R/5 FOLD CV
160,-2.563561761252193,-1.0517654773630642,19,3.15217600124688,-3.153148764712092,MC4R,MC4R/5 FOLD CV
161,-2.548778984071673,-0.9936523968450913,19,3.15217600124688,-3.153148764712092,MC4R,MC4R/5 FOLD CV
162,0.07224502230391835,-0.6796430224938089,19,3.15217600124688,-3.153148764712092,MC4R,MC4R/5 FOLD CV
163,-1.64581061084237,-0.9688126562001746,19,3.15217600124688,-3.153148764712092,MC4R,MC4R/5 FOLD CV
164,-1.045072525578554,-0.7639914089163663,19,3.15217600124688,-3.153148764712092,MC4R,MC4R/5 FOLD CV
165,-0.5648248895197184,-0.7116256839070925,19,3.15217600124688,-3.153148764712092,MC4R,MC4R/5 FOLD CV
166,-0.8599938519411916,-0.7038930459092407,19,3.15217600124688,-3.153148764712092,MC4R,MC4R/5 FOLD CV
167,-1.1149251397287074,-1.0581788219901984,19,3.15217600124688,-3.153148764712092,MC4R,MC4R/5 FOLD CV
168,-0.5895865428611572,-0.7943060368802225,19,3.15217600124688,-3.153148764712092,MC4R,MC4R/5 FOLD CV
169,-1.859803184909019,-1.0213908168256327,19,3.15217600124688,-3.153148764712092,MC4R,MC4R/5 FOLD CV
170,-1.0424740246773407,-0.8674161529855793,19,3.15217600124688,-3.153148764712092,MC4R,MC4R/5 FOLD CV
171,-0.6816609476275884,-0.7542773755546188,19,3.15217600124688,-3.153148764712092,MC4R,MC4R/5 FOLD CV
172,-0.1654930550724107,-0.3935109455133388,19,3.15217600124688,-3.153148764712092,MC4R,MC4R/5 FOLD CV
173,-1.6547343965207484,-1.324084838337005,19,3.15217600124688,-3.153148764712092,MC4R,MC4R/5 FOLD CV
174,-0.9000023809867898,-0.5822340664315158,19,3.15217600124688,-3.153148764712092,MC4R,MC4R/5 FOLD CV
175,-0.4426741240837492,-0.5454454792128364,19,3.15217600124688,-3.153148764712092,MC4R,MC4R/5 FOLD CV
176,-1.6007784474757698,-0.6838034392787098,19,3.15217600124688,-3.153148764712092,MC4R,MC4R/5 FOLD CV
177,-0.431953064598189,-0.49792225217380337,19,3.15217600124688,-3.153148764712092,MC4R,MC4R/5 FOLD CV
178,-1.2173041917977967,-0.4710422943953831,19,3.15217600124688,-3.153148764712092,MC4R,MC4R/5 FOLD CV
179,-0.23171422958236568,-0.5938719613666166,19,3.15217600124688,-3.153148764712092,MC4R,MC4R/5 FOLD CV
180,-2.6197630171336606,-1.1648890456460816,19,3.15217600124688,-3.153148764712092,MC4R,MC4R/5 FOLD CV
181,-0.4575175112718884,-0.6894708947195117,19,3.15217600124688,-3.153148764712092,MC4R,MC4R/5 FOLD CV
182,-0.950496836280167,-0.7495232004150074,19,3.15217600124688,-3.153148764712092,MC4R,MC4R/5 FOLD CV
183,-1.021214696620271,-0.8460544202149115,19,3.15217600124688,-3.153148764712092,MC4R,MC4R/5 FOLD CV
184,-1.7896973698041831,-1.0120016072611222,19,3.15217600124688,-3.153148764712092,MC4R,MC4R/5 FOLD CV
185,-0.17206036706173497,-0.278002140804394,19,3.15217600124688,-3.153148764712092,MC4R,MC4R/5 FOLD CV
186,-2.33964415482051,-1.1552282059319083,19,3.15217600124688,-3.153148764712092,MC4R,MC4R/5 FOLD CV
187,-1.629278863006095,-0.6216415290350613,19,3.15217600124688,-3.153148764712092,MC4R,MC4R/5 FOLD CV
188,-0.7013945483423047,-0.8609232917715318,19,3.15217600124688,-3.153148764712092,MC4R,MC4R/5 FOLD CV
189,-1.1036997973518883,-0.5748628090019988,19,3.15217600124688,-3.153148764712092,MC4R,MC4R/5 FOLD CV
190,-0.023074760172330972,-0.2537551516790318,19,3.15217600124688,-3.153148764712092,MC4R,MC4R/5 FOLD CV
191,-0.6003288072519835,-0.5222568001866891,19,3.15217600124688,-3.153148764712092,MC4R,MC4R/5 FOLD CV
192,-0.7372031024446709,-0.7132563206433084,19,3.15217600124688,-3.153148764712092,MC4R,MC4R/5 FOLD CV
193,-1.3536507366212749,-0.8735624519381817,19,3.15217600124688,-3.153148764712092,MC4R,MC4R/5 FOLD CV
194,-0.8503018460435419,-0.7146093053324517,19,3.15217600124688,-3.153148764712092,MC4R,MC4R/5 FOLD CV
195,-1.3062776064562105,-0.6408454052373787,19,3.15217600124688,-3.153148764712092,MC4R,MC4R/5 FOLD CV
196,-2.0368656728034296,-0.7573011538708543,19,3.15217600124688,-3.153148764712092,MC4R,MC4R/5 FOLD CV
197,-0.6153309736013292,-0.5890192126166688,19,3.15217600124688,-3.153148764712092,MC4R,MC4R/5 FOLD CV
198,-1.215531907628003,-0.7880247723148496,19,3.15217600124688,-3.153148764712092,MC4R,MC4R/5 FOLD CV
199,0.1279604591955835,-0.5457351262609326,19,3.15217600124688,-3.153148764712092,MC4R,MC4R/5 FOLD CV
200,-1.546925015598059,-0.8764513565556438,19,3.15217600124688,-3.153148764712092,MC4R,MC4R/5 FOLD CV
201,-0.9689882662515621,-0.7741979253620134,19,3.15217600124688,-3.153148764712092,MC4R,MC4R/5 FOLD CV
202,-0.41747248971143935,-0.462298876394291,19,3.15217600124688,-3.153148764712092,MC4R,MC4R/5 FOLD CV
203,-0.17754822680790278,-0.34452945655881967,19,3.15217600124688,-3.153148764712092,MC4R,MC4R/5 FOLD CV
204,0.7250215108598169,-0.2369699165327941,19,3.15217600124688,-3.153148764712092,MC4R,MC4R/5 FOLD CV
205,-0.7675166320798017,-0.5787051373102439,19,3.15217600124688,-3.153148764712092,MC4R,MC4R/5 FOLD CV
206,-0.21117994455693273,-0.9382428717030834,19,3.15217600124688,-3.153148764712092,MC4R,MC4R/5 FOLD CV
207,-0.6601896801330538,-0.7442427284160148,19,3.15217600124688,-3.153148764712092,MC4R,MC4R/5 FOLD CV
208,0.22034893135260267,-0.34017707237559236,19,3.15217600124688,-3.153148764712092,MC4R,MC4R/5 FOLD CV
209,-0.8538460470306343,-0.9356030065712023,19,3.15217600124688,-3.153148764712092,MC4R,MC4R/5 FOLD CV
210,-1.2019810633380374,-0.9467165384265037,19,3.15217600124688,-3.153148764712092,MC4R,MC4R/5 FOLD CV
211,-2.4217601390257046,-1.1337925737162586,19,3.15217600124688,-3.153148764712092,MC4R,MC4R/5 FOLD CV
212,-0.8792975673509974,-0.8127651833202606,19,3.15217600124688,-3.153148764712092,MC4R,MC4R/5 FOLD CV
213,-0.8177739531150158,-0.9194721886122976,19,3.15217600124688,-3.153148764712092,MC4R,MC4R/5 FOLD CV
214,-1.4424365325758564,-0.7509062087949268,19,3.15217600124688,-3.153148764712092,MC4R,MC4R/5 FOLD CV
215,-1.4571899914974673,-0.6885700522724388,19,3.15217600124688,-3.153148764712092,MC4R,MC4R/5 FOLD CV
216,-1.122100237839216,-0.7989077378739559,19,3.15217600124688,-3.153148764712092,MC4R,MC4R/5 FOLD CV
217,-0.3259879296206754,-0.5778900649162949,19,3.15217600124688,-3.153148764712092,MC4R,MC4R/5 FOLD CV
218,-1.9616985434140453,-0.8073833824860492,19,3.15217600124688,-3.153148764712092,MC4R,MC4R/5 FOLD CV
219,-0.9147637975408011,-0.5810582112630145,19,3.15217600124688,-3.153148764712092,MC4R,MC4R/5 FOLD CV
220,0.6808658198097151,-0.32080038344179146,19,3.15217600124688,-3.153148764712092,MC4R,MC4R/5 FOLD CV
221,-0.553395571051135,-0.49423527552194624,19,3.15217600124688,-3.153148764712092,MC4R,MC4R/5 FOLD CV
222,-1.6131187143870622,-0.9341355738707199,19,3.15217600124688,-3.153148764712092,MC4R,MC4R/5 FOLD CV
223,-0.5678449705297026,-0.39659592493865825,19,3.15217600124688,-3.153148764712092,MC4R,MC4R/5 FOLD CV
224,-1.0478414212328813,-0.899905522552625,19,3.15217600124688,-3.153148764712092,MC4R,MC4R/5 FOLD CV
225,-0.07985729381132069,-0.4796264196098646,19,3.15217600124688,-3.153148764712092,MC4R,MC4R/5 FOLD CV
226,-0.35395778516668736,-0.5775210781926748,19,3.15217600124688,-3.153148764712092,MC4R,MC4R/5 FOLD CV
227,-0.153144768120953,-0.47603935852722307,19,3.15217600124688,-3.153148764712092,MC4R,MC4R/5 FOLD CV
228,0.11405331858232384,-0.42994495902949526,19,3.15217600124688,-3.153148764712092,MC4R,MC4R/5 FOLD CV
229,0.2559454133545812,-0.4913914085063904,19,3.15217600124688,-3.153148764712092,MC4R,MC4R/5 FOLD CV
230,0.08535557643174531,-0.3465932928293401,19,3.15217600124688,-3.153148764712092,MC4R,MC4R/5 FOLD CV
231,-0.20962179245672274,-0.49638480826415277,19,3.15217600124688,-3.153148764712092,MC4R,MC4R/5 FOLD CV
232,0.3197569537783675,-0.17177662776532818,19,3.15217600124688,-3.153148764712092,MC4R,MC4R/5 FOLD CV
233,0.23408398718819276,-0.14999077405114664,19,3.15217600124688,-3.153148764712092,MC4R,MC4R/5 FOLD CV
234,0.9487031669716983,-0.2311887469979322,19,3.15217600124688,-3.153148764712092,MC4R,MC4R/5 FOLD CV
235,0.5200309305742611,-0.2563607304388697,19,3.15217600124688,-3.153148764712092,MC4R,MC4R/5 FOLD CV
236,1.1359488813217284,-0.13108432610311196,19,3.15217600124688,-3.153148764712092,MC4R,MC4R/5 FOLD CV
237,0.6603931457073783,-0.28119484079891716,19,3.15217600124688,-3.153148764712092,MC4R,MC4R/5 FOLD CV
238,1.1077372334821305,-0.1560218684248232,19,3.15217600124688,-3.153148764712092,MC4R,MC4R/5 FOLD CV
239,0.37433209979716475,-0.31604763486212756,19,3.15217600124688,-3.153148764712092,MC4R,MC4R/5 FOLD CV
240,1.6605410979749564,-0.2853153177250559,19,3.15217600124688,-3.153148764712092,MC4R,MC4R/5 FOLD CV
241,-1.0777685980851228,-0.8023479010927627,19,3.15217600124688,-3.153148764712092,MC4R,MC4R/5 FOLD CV
242,-1.4820608334764689,-0.898390407112602,19,3.15217600124688,-3.153148764712092,MC4R,MC4R/5 FOLD CV
243,-0.6178175330494128,-0.5261110609669979,19,3.15217600124688,-3.153148764712092,MC4R,MC4R/5 FOLD CV
244,-0.951997209718898,-0.955662065802474,19,3.15217600124688,-3.153148764712092,MC4R,MC4R/5 FOLD CV
245,-0.013949975386125057,-0.5322539397566902,19,3.15217600124688,-3.153148764712092,MC4R,MC4R/5 FOLD CV
246,-0.7131817494435879,-0.8618699945257341,19,3.15217600124688,-3.153148764712092,MC4R,MC4R/5 FOLD CV
247,-0.288286882834626,-0.7013309860742677,19,3.15217600124688,-3.153148764712092,MC4R,MC4R/5 FOLD CV
248,-0.4829205001914079,-0.9352222443412813,19,3.15217600124688,-3.153148764712092,MC4R,MC4R/5 FOLD CV
249,1.5474124170673524,-0.2504533253390024,19,3.15217600124688,-3.153148764712092,MC4R,MC4R/5 FOLD CV
250,-0.8840715194873447,-0.7684342768852144,19,3.15217600124688,-3.153148764712092,MC4R,MC4R/5 FOLD CV
251,-0.9099336689944648,-0.6742603261131952,19,3.15217600124688,-3.153148764712092,MC4R,MC4R/5 FOLD CV
252,1.25171620396585,-0.1668861409723555,19,3.15217600124688,-3.153148764712092,MC4R,MC4R/5 FOLD CV
253,1.2856444598884165,-0.04513196251962672,19,3.15217600124688,-3.153148764712092,MC4R,MC4R/5 FOLD CV
254,-0.3736371704063397,-0.7957694435373636,19,3.15217600124688,-3.153148764712092,MC4R,MC4R/5 FOLD CV
255,-0.8246732315639683,-0.8081328378699176,19,3.15217600124688,-3.153148764712092,MC4R,MC4R/5 FOLD CV
256,-0.39100789605330943,-0.3958281658046461,19,3.15217600124688,-3.153148764712092,MC4R,MC4R/5 FOLD CV
257,1.2321611426775803,-0.48251656584992825,19,3.15217600124688,-3.153148764712092,MC4R,MC4R/5 FOLD CV
258,-0.3511221589771532,-0.8658647892182579,19,3.15217600124688,-3.153148764712092,MC4R,MC4R/5 FOLD CV
259,-2.4519027312702373,-1.4792593733393156,19,3.15217600124688,-3.153148764712092,MC4R,MC4R/5 FOLD CV
260,-1.421869569575881,-0.8731414176722408,19,3.15217600124688,-3.153148764712092,MC4R,MC4R/5 FOLD CV
261,-0.9906372151969055,-0.7970627016217958,19,3.15217600124688,-3.153148764712092,MC4R,MC4R/5 FOLD CV
262,-0.9659813586135463,-0.8422244858196498,19,3.15217600124688,-3.153148764712092,MC4R,MC4R/5 FOLD CV
263,-2.313409549178557,-1.1297253899811432,19,3.15217600124688,-3.153148764712092,MC4R,MC4R/5 FOLD CV
264,-1.605034429921463,-0.9897270940966922,19,3.15217600124688,-3.153148764712092,MC4R,MC4R/5 FOLD CV
265,-0.0271974116188302,-0.49574297938663403,19,3.15217600124688,-3.153148764712092,MC4R,MC4R/5 FOLD CV
266,-0.7375645028544593,-0.8299147150143409,19,3.15217600124688,-3.153148764712092,MC4R,MC4R/5 FOLD CV
267,-1.4903711451869834,-0.6671911709899896,19,3.15217600124688,-3.153148764712092,MC4R,MC4R/5 FOLD CV
268,-1.4322785847464405,-0.733496241563868,19,3.15217600124688,-3.153148764712092,MC4R,MC4R/5 FOLD CV
269,-0.4103826089754378,-0.4351233483427521,19,3.15217600124688,-3.153148764712092,MC4R,MC4R/5 FOLD CV
270,-1.3175230803424363,-0.8439657250635326,19,3.15217600124688,-3.153148764712092,MC4R,MC4R/5 FOLD CV
271,-1.4390511858613755,-0.799592761822848,19,3.15217600124688,-3.153148764712092,MC4R,MC4R/5 FOLD CV
272,-0.4531184081361123,-0.5501988404987725,19,3.15217600124688,-3.153148764712092,MC4R,MC4R/5 FOLD CV
273,-0.9789299049787616,-0.8000866373211512,19,3.15217600124688,-3.153148764712092,MC4R,MC4R/5 FOLD CV
274,-0.40312010247208874,-0.5182116537867038,19,3.15217600124688,-3.153148764712092,MC4R,MC4R/5 FOLD CV
275,-0.5216442538739159,-0.5746594815514326,19,3.15217600124688,-3.153148764712092,MC4R,MC4R/5 FOLD CV
276,-1.3200993698907901,-1.0448782228237423,19,3.15217600124688,-3.153148764712092,MC4R,MC4R/5 FOLD CV
277,-0.008032942970093744,-0.3899403152304661,19,3.15217600124688,-3.153148764712092,MC4R,MC4R/5 FOLD CV
278,0.26415090863876034,-0.34470923980044893,19,3.15217600124688,-3.153148764712092,MC4R,MC4R/5 FOLD CV
279,-1.0288075663013039,-0.8638567641242038,19,3.15217600124688,-3.153148764712092,MC4R,MC4R/5 FOLD CV
280,-1.6905553690969402,-0.9402659885986141,19,3.15217600124688,-3.153148764712092,MC4R,MC4R/5 FOLD CV
281,-0.15716707152055223,-0.3886352757090836,19,3.15217600124688,-3.153148764712092,MC4R,MC4R/5 FOLD CV
282,-0.2829663643505034,-0.2263398730888216,19,3.15217600124688,-3.153148764712092,MC4R,MC4R/5 FOLD CV
283,-2.2299763238201535,-1.3842586459222652,19,3.15217600124688,-3.153148764712092,MC4R,MC4R/5 FOLD CV
284,-0.6404773483196321,-0.37049462484980344,19,3.15217600124688,-3.153148764712092,MC4R,MC4R/5 FOLD CV
285,-0.9621708370318536,-0.8259560545170769,19,3.15217600124688,-3.153148764712092,MC4R,MC4R/5 FOLD CV
286,-1.1249690864728688,-0.6176165177429475,19,3.15217600124688,-3.153148764712092,MC4R,MC4R/5 FOLD CV
287,-1.073540639347823,-0.8860164682176661,19,3.15217600124688,-3.153148764712092,MC4R,MC4R/5 FOLD CV
288,-0.5119049806646753,-0.7134144147563184,19,3.15217600124688,-3.153148764712092,MC4R,MC4R/5 FOLD CV
289,-1.0788044292654406,-0.7265699436385692,19,3.15217600124688,-3.153148764712092,MC4R,MC4R/5 FOLD CV
290,-1.3244889379926834,-0.6156585117011,19,3.15217600124688,-3.153148764712092,MC4R,MC4R/5 FOLD CV
291,-1.0899857598002771,-0.7009204532226394,19,3.15217600124688,-3.153148764712092,MC4R,MC4R/5 FOLD CV
292,-0.989948547748388,-0.6671684849031094,17,3.15217600124688,-3.153148764712092,MC4R,MC4R/5 FOLD CV
293,-1.1260683105749834,-0.9474616599184863,19,3.15217600124688,-3.153148764712092,MC4R,MC4R/5 FOLD CV
294,-1.3401156595283261,-0.7614577293306974,19,3.15217600124688,-3.153148764712092,MC4R,MC4R/5 FOLD CV
295,-0.9093039811878311,-0.7259678388197007,19,3.15217600124688,-3.153148764712092,MC4R,MC4R/5 FOLD CV
296,-1.457234792217574,-1.0563126617586174,19,3.15217600124688,-3.153148764712092,MC4R,MC4R/5 FOLD CV
297,-2.302569164352149,-0.8894526469365238,19,3.15217600124688,-3.153148764712092,MC4R,MC4R/5 FOLD CV
298,-2.9624227211883065,-1.1162573218852023,19,3.15217600124688,-3.153148764712092,MC4R,MC4R/5 FOLD CV
299,-0.4448507012622837,-0.8969337589592529,19,3.15217600124688,-3.153148764712092,MC4R,MC4R/5 FOLD CV
300,-1.5023420487568984,-0.7018074462380162,19,3.15217600124688,-3.153148764712092,MC4R,MC4R/5 FOLD CV
301,-2.3564483048050797,-1.3861081893275131,19,3.15217600124688,-3.153148764712092,MC4R,MC4R/5 FOLD CV
302,-1.7940608763788717,-0.8048801835010001,19,3.15217600124688,-3.153148764712092,MC4R,MC4R/5 FOLD CV
303,-1.8662444205928062,-0.7846374341533444,19,3.15217600124688,-3.153148764712092,MC4R,MC4R/5 FOLD CV
304,-1.0527356220541428,-0.7041431491286297,19,3.15217600124688,-3.153148764712092,MC4R,MC4R/5 FOLD CV
305,1.1383650144380846,-0.06443363747220421,19,3.15217600124688,-3.153148764712092,MC4R,MC4R/5 FOLD CV
306,0.161191112305096,-0.46892607744337833,19,3.15217600124688,-3.153148764712092,MC4R,MC4R/5 FOLD CV
307,-0.5850226907547148,-0.6132000045916236,19,3.15217600124688,-3.153148764712092,MC4R,MC4R/5 FOLD CV
308,-1.0373891785241525,-0.5390263877708236,19,3.15217600124688,-3.153148764712092,MC4R,MC4R/5 FOLD CV
309,-0.4187875635809559,-0.5311196173178891,19,3.15217600124688,-3.153148764712092,MC4R,MC4R/5 FOLD CV
310,-1.1013235469748839,-0.6419947350071844,19,3.15217600124688,-3.153148764712092,MC4R,MC4R/5 FOLD CV
311,-0.25980788609752964,-0.5460226404816664,19,3.15217600124688,-3.153148764712092,MC4R,MC4R/5 FOLD CV
312,0.18406273523255245,-0.6602357689250816,19,3.15217600124688,-3.153148764712092,MC4R,MC4R/5 FOLD CV
313,1.2373558947989247,-0.2917244313558506,19,3.15217600124688,-3.153148764712092,MC4R,MC4R/5 FOLD CV
314,-0.3839097212295786,-0.488038923799522,19,3.15217600124688,-3.153148764712092,MC4R,MC4R/5 FOLD CV
315,-0.3411859488399003,-0.17254322929639443,19,3.15217600124688,-3.153148764712092,MC4R,MC4R/5 FOLD CV
316,-0.09141045232511295,-0.5618803551570767,19,3.15217600124688,-3.153148764712092,MC4R,MC4R/5 FOLD CV
317,0.5390679356437189,-0.1240619545690158,19,3.15217600124688,-3.153148764712092,MC4R,MC4R/5 FOLD CV
318,0.31270533468396533,-0.2658806819291744,19,3.15217600124688,-3.153148764712092,MC4R,MC4R/5 FOLD CV
319,0.6703781593120474,-0.00808438541322348,19,3.15217600124688,-3.153148764712092,MC4R,MC4R/5 FOLD CV
320,0.09389123185955683,-0.35841879628388496,19,3.15217600124688,-3.153148764712092,MC4R,MC4R/5 FOLD CV
321,-0.1364731284663312,-0.35130514944899605,19,3.15217600124688,-3.153148764712092,MC4R,MC4R/5 FOLD CV
322,0.07128715739782447,-0.2630161114197196,19,3.15217600124688,-3.153148764712092,MC4R,MC4R/5 FOLD CV
323,-0.8635348535594435,-0.48590157867223616,19,3.15217600124688,-3.153148764712092,MC4R,MC4R/5 FOLD CV
324,-0.4252872985109879,-0.17478918804064644,19,3.15217600124688,-3.153148764712092,MC4R,MC4R/5 FOLD CV
325,-0.04853847400296276,-0.3509436498600412,19,3.15217600124688,-3.153148764712092,MC4R,MC4R/5 FOLD CV
326,0.3974866745633087,-0.12249822304776758,19,3.15217600124688,-3.153148764712092,MC4R,MC4R/5 FOLD CV
327,0.8489340779922937,0.03739351836150725,19,3.15217600124688,-3.153148764712092,MC4R,MC4R/5 FOLD CV
328,0.2180735403646693,-0.16364370719153973,19,3.15217600124688,-3.153148764712092,MC4R,MC4R/5 FOLD CV
329,0.3329251346251913,-0.21210183545359845,19,3.15217600124688,-3.153148764712092,MC4R,MC4R/5 FOLD CV
330,-0.5597499316957857,-0.4206440934960889,19,3.15217600124688,-3.153148764712092,MC4R,MC4R/5 FOLD CV
331,0.04431833466488974,-0.10900573936946371,19,3.15217600124688,-3.153148764712092,MC4R,MC4R/5 FOLD CV
1,0.36707473322969236,1.2414494073245066,19,1.1811940342246439,0.6486495207681794,HXK4,HXK4/LLR
2,0.3990735109969275,1.0877013616435525,18,1.1811940342246439,0.6486495207681794,HXK4,HXK4/LLR
3,0.434130146566688,1.0353068307683033,19,1.1811940342246439,0.6486495207681794,HXK4,HXK4/LLR
4,0.3522193509589671,1.098118980380074,19,1.1811940342246439,0.6486495207681794,HXK4,HXK4/LLR
5,-0.011411654068592385,0.9225489760154152,19,1.1811940342246439,0.6486495207681794,HXK4,HXK4/LLR
6,0.39681050976213994,0.9935487369676862,19,1.1811940342246439,0.6486495207681794,HXK4,HXK4/LLR
7,0.16744011202802542,1.2787211410800732,19,1.1811940342246439,0.6486495207681794,HXK4,HXK4/LLR
8,0.7948805615180533,0.7927346793344958,19,1.1811940342246439,0.6486495207681794,HXK4,HXK4/LLR
9,0.47344604181605554,0.7237034743514607,19,1.1811940342246439,0.6486495207681794,HXK4,HXK4/LLR
10,0.5934164369284511,0.8663654642844847,19,1.1811940342246439,0.6486495207681794,HXK4,HXK4/LLR
11,0.7216610868808225,0.7682131388530393,18,1.1811940342246439,0.6486495207681794,HXK4,HXK4/LLR
12,0.6015710361804046,0.5123190807716894,19,1.1811940342246439,0.6486495207681794,HXK4,HXK4/LLR
13,0.5615493135161727,0.4403067359852875,19,1.1811940342246439,0.6486495207681794,HXK4,HXK4/LLR
14,0.7148840126001638,0.38102842455479685,18,1.1811940342246439,0.6486495207681794,HXK4,HXK4/LLR
15,0.5625118513373365,-0.7093574107048127,19,1.1811940342246439,0.6486495207681794,HXK4,HXK4/LLR
16,0.421088774127617,0.30045175727960444,19,1.1811940342246439,0.6486495207681794,HXK4,HXK4/LLR
17,0.4469856003947686,0.6392672412702727,19,1.1811940342246439,0.6486495207681794,HXK4,HXK4/LLR
18,0.5832236626746206,-0.06133537319352257,18,1.1811940342246439,0.6486495207681794,HXK4,HXK4/LLR
19,0.10236594021429297,-0.25421897844792785,19,1.1811940342246439,0.6486495207681794,HXK4,HXK4/LLR
20,0.1790105892936835,0.5065426002605944,19,1.1811940342246439,0.6486495207681794,HXK4,HXK4/LLR
21,0.42790430483420683,0.2167348499117703,18,1.1811940342246439,0.6486495207681794,HXK4,HXK4/LLR
22,-0.07471859933933632,-0.26162938276078357,16,1.1811940342246439,0.6486495207681794,HXK4,HXK4/LLR
23,0.4653028643229523,1.631575883678873,18,1.1811940342246439,0.6486495207681794,HXK4,HXK4/LLR
24,0.10874567182331624,-0.47322505656132574,19,1.1811940342246439,0.6486495207681794,HXK4,HXK4/LLR
25,0.7680695402737323,1.3070203850404318,19,1.1811940342246439,0.6486495207681794,HXK4,HXK4/LLR
26,0.20955848674562788,0.7976607730428533,18,1.1811940342246439,0.6486495207681794,HXK4,HXK4/LLR
27,0.5137379788252764,0.37198421878132504,19,1.1811940342246439,0.6486495207681794,HXK4,HXK4/LLR
28,0.3667515493290443,0.8110026405606323,16,1.1811940342246439,0.6486495207681794,HXK4,HXK4/LLR
29,0.32139441654824485,-0.6147822583965813,19,1.1811940342246439,0.6486495207681794,HXK4,HXK4/LLR
30,0.27948837498451773,0.5456161174603715,18,1.1811940342246439,0.6486495207681794,HXK4,HXK4/LLR
31,0.33018688423173576,0.7480826118407321,18,1.1811940342246439,0.6486495207681794,HXK4,HXK4/LLR
32,-0.4566160469869703,-0.502294251277695,19,1.1811940342246439,0.6486495207681794,HXK4,HXK4/LLR
33,0.18401673104395566,-0.2143641092775409,18,1.1811940342246439,0.6486495207681794,HXK4,HXK4/LLR
34,0.3394452556266444,1.1277594830911166,2,1.1811940342246439,0.6486495207681794,HXK4,HXK4/LLR
35,0.07231076757716956,0.780776725623408,19,1.1811940342246439,0.6486495207681794,HXK4,HXK4/LLR
36,-0.7322331344799514,-0.434617430387768,19,1.1811940342246439,0.6486495207681794,HXK4,HXK4/LLR
37,0.13933270943179443,0.8256735541508857,19,1.1811940342246439,0.6486495207681794,HXK4,HXK4/LLR
38,0.40458327141831085,0.7949344344304956,19,1.1811940342246439,0.6486495207681794,HXK4,HXK4/LLR
39,-0.15906405201335108,-0.6198413721885395,19,1.1811940342246439,0.6486495207681794,HXK4,HXK4/LLR
40,-0.40411101867188615,-0.683821898527551,16,1.1811940342246439,0.6486495207681794,HXK4,HXK4/LLR
41,0.5961305088911943,0.35650440757040874,18,1.1811940342246439,0.6486495207681794,HXK4,HXK4/LLR
42,0.16520077200918673,0.44152948465792924,19,1.1811940342246439,0.6486495207681794,HXK4,HXK4/LLR
43,-0.7550645791830525,-1.3278639963922172,18,1.1811940342246439,0.6486495207681794,HXK4,HXK4/LLR
44,-0.7848801667225792,-0.886883345716642,17,1.1811940342246439,0.6486495207681794,HXK4,HXK4/LLR
45,0.2177351638158451,0.8848109850460403,19,1.1811940342246439,0.6486495207681794,HXK4,HXK4/LLR
46,0.40420079564590033,1.1728594521369666,19,1.1811940342246439,0.6486495207681794,HXK4,HXK4/LLR
47,0.28700748782468605,0.7915895597029058,12,1.1811940342246439,0.6486495207681794,HXK4,HXK4/LLR
48,0.026278776698051134,1.0716048291449658,18,1.1811940342246439,0.6486495207681794,HXK4,HXK4/LLR
49,-0.6013736141349785,1.3659682208607344,18,1.1811940342246439,0.6486495207681794,HXK4,HXK4/LLR
50,0.32887984311195206,0.6112893601946214,18,1.1811940342246439,0.6486495207681794,HXK4,HXK4/LLR
51,0.3499559287967269,0.7340046944206318,19,1.1811940342246439,0.6486495207681794,HXK4,HXK4/LLR
52,-0.6580029057435961,-0.15090732992155614,18,1.1811940342246439,0.6486495207681794,HXK4,HXK4/LLR
53,0.15349764572903318,0.20700561895433514,18,1.1811940342246439,0.6486495207681794,HXK4,HXK4/LLR
54,-0.6179582323636841,-0.5288791737956556,17,1.1811940342246439,0.6486495207681794,HXK4,HXK4/LLR
55,-0.29887462729652814,-0.387514154541817,17,1.1811940342246439,0.6486495207681794,HXK4,HXK4/LLR
56,-0.6021370070625888,-0.6751413605579927,18,1.1811940342246439,0.6486495207681794,HXK4,HXK4/LLR
57,-0.5062877698876269,-0.06958291651088208,18,1.1811940342246439,0.6486495207681794,HXK4,HXK4/LLR
58,-0.7059995609232864,0.021082147314053043,19,1.1811940342246439,0.6486495207681794,HXK4,HXK4/LLR
59,-0.7375396220399995,-0.8996888760765285,18,1.1811940342246439,0.6486495207681794,HXK4,HXK4/LLR
60,-0.7116230516438004,-0.366085005376665,19,1.1811940342246439,0.6486495207681794,HXK4,HXK4/LLR
61,-0.4063367694579296,-0.6240593049717078,18,1.1811940342246439,0.6486495207681794,HXK4,HXK4/LLR
62,0.9918265191666764,1.225079912468572,19,1.1811940342246439,0.6486495207681794,HXK4,HXK4/LLR
63,2.3871273135235214,0.824993351243017,19,1.1811940342246439,0.6486495207681794,HXK4,HXK4/LLR
64,1.7407479680625657,1.1161265160297178,18,1.1811940342246439,0.6486495207681794,HXK4,HXK4/LLR
65,0.8581505223082149,0.39555645659090366,19,1.1811940342246439,0.6486495207681794,HXK4,HXK4/LLR
66,1.2054116919257072,1.026196600293786,19,1.1811940342246439,0.6486495207681794,HXK4,HXK4/LLR
67,1.0769290683420534,-0.28762204039725064,18,1.1811940342246439,0.6486495207681794,HXK4,HXK4/LLR
68,0.8612117694826096,0.6641840229002861,19,1.1811940342246439,0.6486495207681794,HXK4,HXK4/LLR
69,0.576348230940542,-0.7976840266721763,18,1.1811940342246439,0.6486495207681794,HXK4,HXK4/LLR
70,2.0651365070975416,1.0505967538577368,18,1.1811940342246439,0.6486495207681794,HXK4,HXK4/LLR
71,-0.6745645566870783,-1.2796172302301716,18,1.1811940342246439,0.6486495207681794,HXK4,HXK4/LLR
72,0.9724724410931289,0.26089716955737857,19,1.1811940342246439,0.6486495207681794,HXK4,HXK4/LLR
73,-0.15215586531044564,-0.7775067730347671,19,1.1811940342246439,0.6486495207681794,HXK4,HXK4/LLR
74,-0.1135885156995253,-1.5009557418051207,19,1.1811940342246439,0.6486495207681794,HXK4,HXK4/LLR
75,-0.6106803709809892,-0.683581909875722,19,1.1811940342246439,0.6486495207681794,HXK4,HXK4/LLR
76,-0.8709299847186243,-1.2583725261257512,19,1.1811940342246439,0.6486495207681794,HXK4,HXK4/LLR
77,-0.7409310415188157,-1.6610162996569375,19,1.1811940342246439,0.6486495207681794,HXK4,HXK4/LLR
78,-0.5313307435118597,-1.1987212317052507,19,1.1811940342246439,0.6486495207681794,HXK4,HXK4/LLR
79,-0.7478921538796397,-1.9244060852737785,17,1.1811940342246439,0.6486495207681794,HXK4,HXK4/LLR
80,-0.7621983736050939,-1.7648032645371725,19,1.1811940342246439,0.6486495207681794,HXK4,HXK4/LLR
81,-0.8622516388121798,-1.5239829595846528,18,1.1811940342246439,0.6486495207681794,HXK4,HXK4/LLR
82,-0.6210106882303559,-0.8348981184306427,19,1.1811940342246439,0.6486495207681794,HXK4,HXK4/LLR
83,-0.7272258190690055,-1.1002732823248673,19,1.1811940342246439,0.6486495207681794,HXK4,HXK4/LLR
84,-0.8959355997436074,-1.3014669844158873,18,1.1811940342246439,0.6486495207681794,HXK4,HXK4/LLR
85,-0.7908721672584611,-0.8510835544432913,19,1.1811940342246439,0.6486495207681794,HXK4,HXK4/LLR
86,-0.04710883240547639,-0.3062159505727507,18,1.1811940342246439,0.6486495207681794,HXK4,HXK4/LLR
87,0.007532035031629055,0.05987212693169375,19,1.1811940342246439,0.6486495207681794,HXK4,HXK4/LLR
88,-0.24042281722964243,-0.5402027959082716,18,1.1811940342246439,0.6486495207681794,HXK4,HXK4/LLR
89,1.0185309254414217,0.43120485131080377,19,1.1811940342246439,0.6486495207681794,HXK4,HXK4/LLR
90,0.04759488805553274,-0.04821306605103721,19,1.1811940342246439,0.6486495207681794,HXK4,HXK4/LLR
91,-0.053575701297750244,0.6918041630677436,19,1.1811940342246439,0.6486495207681794,HXK4,HXK4/LLR
92,0.1471415537625945,0.39260761445141246,19,1.1811940342246439,0.6486495207681794,HXK4,HXK4/LLR
93,0.4101970970419712,0.4334702005843402,19,1.1811940342246439,0.6486495207681794,HXK4,HXK4/LLR
94,0.2318590056095148,0.3827805592926376,19,1.1811940342246439,0.6486495207681794,HXK4,HXK4/LLR
95,0.429901476080717,0.5001401623692567,19,1.1811940342246439,0.6486495207681794,HXK4,HXK4/LLR
96,0.5899433287172199,0.12800182213206493,19,1.1811940342246439,0.6486495207681794,HXK4,HXK4/LLR
97,0.20756712763596236,1.013636787824977,19,1.1811940342246439,0.6486495207681794,HXK4,HXK4/LLR
98,1.77698471724107,1.9430536100792888,19,1.1811940342246439,0.6486495207681794,HXK4,HXK4/LLR
99,0.1349007210663074,0.8199382957739346,19,1.1811940342246439,0.6486495207681794,HXK4,HXK4/LLR
100,0.3021349338311235,0.5229962897346366,19,1.1811940342246439,0.6486495207681794,HXK4,HXK4/LLR
101,-0.01981377541870095,0.8016765643952839,17,1.1811940342246439,0.6486495207681794,HXK4,HXK4/LLR
102,-0.19082097002364376,0.790548997429077,19,1.1811940342246439,0.6486495207681794,HXK4,HXK4/LLR
103,0.36002450159453686,0.9832436792296497,19,1.1811940342246439,0.6486495207681794,HXK4,HXK4/LLR
104,-0.08127563424806639,1.1938752394546137,19,1.1811940342246439,0.6486495207681794,HXK4,HXK4/LLR
105,0.0005424547690728515,0.7414324807837166,19,1.1811940342246439,0.6486495207681794,HXK4,HXK4/LLR
106,-0.1579795085847117,0.7139594275748328,19,1.1811940342246439,0.6486495207681794,HXK4,HXK4/LLR
107,-0.9400282714316145,-0.34127457096827385,19,1.1811940342246439,0.6486495207681794,HXK4,HXK4/LLR
108,-0.1913422197975349,0.7457152314647534,19,1.1811940342246439,0.6486495207681794,HXK4,HXK4/LLR
109,-0.6251015877901787,-0.6090677591760953,19,1.1811940342246439,0.6486495207681794,HXK4,HXK4/LLR
110,-0.06428438481750472,-0.15598367451201997,19,1.1811940342246439,0.6486495207681794,HXK4,HXK4/LLR
111,0.3822933927926048,0.45730401700190393,19,1.1811940342246439,0.6486495207681794,HXK4,HXK4/LLR
112,0.45168249323321513,0.5295714704133418,19,1.1811940342246439,0.6486495207681794,HXK4,HXK4/LLR
113,0.33686962449333874,0.7337999196775534,19,1.1811940342246439,0.6486495207681794,HXK4,HXK4/LLR
114,-0.26681917245581793,-0.08246425273286473,18,1.1811940342246439,0.6486495207681794,HXK4,HXK4/LLR
115,-0.28117680503237025,0.3335315882134385,19,1.1811940342246439,0.6486495207681794,HXK4,HXK4/LLR
116,-0.3704153668450858,-0.32825056323967516,19,1.1811940342246439,0.6486495207681794,HXK4,HXK4/LLR
117,-0.7772777672387083,0.09550648572098829,19,1.1811940342246439,0.6486495207681794,HXK4,HXK4/LLR
118,-0.7696302618677676,-0.17066446684342754,19,1.1811940342246439,0.6486495207681794,HXK4,HXK4/LLR
119,-0.019850946504444248,0.17524262956199083,19,1.1811940342246439,0.6486495207681794,HXK4,HXK4/LLR
120,-0.10104073396054349,1.1901648402376714,19,1.1811940342246439,0.6486495207681794,HXK4,HXK4/LLR
121,-0.923704936874517,-1.2917670235162027,18,1.1811940342246439,0.6486495207681794,HXK4,HXK4/LLR
122,-1.0585048261515333,-1.302531303983303,19,1.1811940342246439,0.6486495207681794,HXK4,HXK4/LLR
123,-0.767239681798266,-1.0021285474468293,16,1.1811940342246439,0.6486495207681794,HXK4,HXK4/LLR
124,-0.6504466432657676,-0.2721578955795893,19,1.1811940342246439,0.6486495207681794,HXK4,HXK4/LLR
125,-0.8630659131032354,-0.6209242269246181,19,1.1811940342246439,0.6486495207681794,HXK4,HXK4/LLR
126,-0.42345532073541475,0.23321106908567774,17,1.1811940342246439,0.6486495207681794,HXK4,HXK4/LLR
127,0.22796161706125137,0.4537027435633562,19,1.1811940342246439,0.6486495207681794,HXK4,HXK4/LLR
128,-0.7048931026223823,0.2087388784313282,17,1.1811940342246439,0.6486495207681794,HXK4,HXK4/LLR
129,-0.9399699355767088,-0.8062095502316713,17,1.1811940342246439,0.6486495207681794,HXK4,HXK4/LLR
130,-0.44285459066396093,0.5514687774823857,19,1.1811940342246439,0.6486495207681794,HXK4,HXK4/LLR
131,-0.3345017075506838,0.24310351473177916,19,1.1811940342246439,0.6486495207681794,HXK4,HXK4/LLR
132,-0.8963204430444548,-0.8791615413525303,19,1.1811940342246439,0.6486495207681794,HXK4,HXK4/LLR
133,-0.8264906211992921,-0.7216203124182863,17,1.1811940342246439,0.6486495207681794,HXK4,HXK4/LLR
134,-0.08698916696354607,0.6511122888543545,18,1.1811940342246439,0.6486495207681794,HXK4,HXK4/LLR
135,0.009283332780877592,0.639362857102908,19,1.1811940342246439,0.6486495207681794,HXK4,HXK4/LLR
136,0.38144429479365927,0.5468595833554095,19,1.1811940342246439,0.6486495207681794,HXK4,HXK4/LLR
137,0.09405256084000664,0.7841125958206654,19,1.1811940342246439,0.6486495207681794,HXK4,HXK4/LLR
138,-0.19811405496542153,0.19489761895908345,18,1.1811940342246439,0.6486495207681794,HXK4,HXK4/LLR
139,-0.5349796655263669,0.37362950405129697,19,1.1811940342246439,0.6486495207681794,HXK4,HXK4/LLR
140,-0.31300145456611117,0.952999571430364,19,1.1811940342246439,0.6486495207681794,HXK4,HXK4/LLR
141,-0.2925206223789007,0.4466878664813197,18,1.1811940342246439,0.6486495207681794,HXK4,HXK4/LLR
142,-0.4251721544748988,0.18956035633160281,19,1.1811940342246439,0.6486495207681794,HXK4,HXK4/LLR
143,-0.3277663556668037,-0.26560784718899916,19,1.1811940342246439,0.6486495207681794,HXK4,HXK4/LLR
144,1.2385269275864697,-0.3033044833051805,18,1.1811940342246439,0.6486495207681794,HXK4,HXK4/LLR
145,-0.9284798806181583,-1.2032943627615995,18,1.1811940342246439,0.6486495207681794,HXK4,HXK4/LLR
146,-0.789478100396265,-1.480570229284606,18,1.1811940342246439,0.6486495207681794,HXK4,HXK4/LLR
147,-0.8091742357614767,-1.2812152930399727,18,1.1811940342246439,0.6486495207681794,HXK4,HXK4/LLR
148,-0.4400418408850593,-1.2895625663586763,19,1.1811940342246439,0.6486495207681794,HXK4,HXK4/LLR
149,-0.739787866232476,-1.528189236428299,19,1.1811940342246439,0.6486495207681794,HXK4,HXK4/LLR
150,-0.8932574681639042,-1.5778874047117866,19,1.1811940342246439,0.6486495207681794,HXK4,HXK4/LLR
151,-0.9835817352669829,-1.1250159857830204,19,1.1811940342246439,0.6486495207681794,HXK4,HXK4/LLR
152,-0.9170534762843305,-1.0946176512147137,19,1.1811940342246439,0.6486495207681794,HXK4,HXK4/LLR
153,-0.8704572782713763,-0.12327482286551596,18,1.1811940342246439,0.6486495207681794,HXK4,HXK4/LLR
154,-0.7234051210410399,0.7020917694498238,19,1.1811940342246439,0.6486495207681794,HXK4,HXK4/LLR
155,-0.7268647743616989,0.5247702555351962,19,1.1811940342246439,0.6486495207681794,HXK4,HXK4/LLR
156,-0.28394940424285436,0.5102051939510719,19,1.1811940342246439,0.6486495207681794,HXK4,HXK4/LLR
157,-0.5497405594234275,0.9659171709146251,19,1.1811940342246439,0.6486495207681794,HXK4,HXK4/LLR
158,-0.9704610583598433,-0.015114433277230178,19,1.1811940342246439,0.6486495207681794,HXK4,HXK4/LLR
159,-0.9088278148443278,-0.07978573336803504,17,1.1811940342246439,0.6486495207681794,HXK4,HXK4/LLR
160,0.141798867244419,0.16224788157254288,13,1.1811940342246439,0.6486495207681794,HXK4,HXK4/LLR
161,-0.9317947850582301,-1.4173382160215993,17,1.1811940342246439,0.6486495207681794,HXK4,HXK4/LLR
162,-0.9147239602684364,0.16838407308089784,19,1.1811940342246439,0.6486495207681794,HXK4,HXK4/LLR
163,-0.9724229023860139,-1.2687482141271946,18,1.1811940342246439,0.6486495207681794,HXK4,HXK4/LLR
164,-0.7587867895060668,0.017224227217333216,19,1.1811940342246439,0.6486495207681794,HXK4,HXK4/LLR
165,-0.05448840946941867,0.9476731833868934,19,1.1811940342246439,0.6486495207681794,HXK4,HXK4/LLR
166,-0.861299984961906,-1.2583103742645,19,1.1811940342246439,0.6486495207681794,HXK4,HXK4/LLR
167,-0.9494829263732348,-0.7838747974448693,19,1.1811940342246439,0.6486495207681794,HXK4,HXK4/LLR
168,-0.8563606545126438,-1.1846097090452694,19,1.1811940342246439,0.6486495207681794,HXK4,HXK4/LLR
169,-0.8801954291077042,-0.7430451923548663,19,1.1811940342246439,0.6486495207681794,HXK4,HXK4/LLR
170,-0.924124421242547,-1.3070399130390005,19,1.1811940342246439,0.6486495207681794,HXK4,HXK4/LLR
171,-0.49155191745788984,0.9662604076379999,19,1.1811940342246439,0.6486495207681794,HXK4,HXK4/LLR
172,-0.8479606649807656,-0.2952281244682865,19,1.1811940342246439,0.6486495207681794,HXK4,HXK4/LLR
173,-0.6657913156397876,0.5640814565338313,19,1.1811940342246439,0.6486495207681794,HXK4,HXK4/LLR
174,-0.9420593556241683,-0.3391709078151597,19,1.1811940342246439,0.6486495207681794,HXK4,HXK4/LLR
175,-0.7356602937673088,0.018728101537446563,19,1.1811940342246439,0.6486495207681794,HXK4,HXK4/LLR
176,-0.41054581761231984,0.24421157757948034,19,1.1811940342246439,0.6486495207681794,HXK4,HXK4/LLR
177,-0.8027465865605349,-0.7220882020000232,18,1.1811940342246439,0.6486495207681794,HXK4,HXK4/LLR
178,0.4658430521582004,0.9047671073939889,18,1.1811940342246439,0.6486495207681794,HXK4,HXK4/LLR
179,-0.8254034745734319,-0.11798975566860642,17,1.1811940342246439,0.6486495207681794,HXK4,HXK4/LLR
180,-1.0402264918472692,-1.0820509392853843,19,1.1811940342246439,0.6486495207681794,HXK4,HXK4/LLR
181,-0.6369248561147695,-0.3530204372435184,17,1.1811940342246439,0.6486495207681794,HXK4,HXK4/LLR
182,-0.23586703254879884,0.8852647037891986,19,1.1811940342246439,0.6486495207681794,HXK4,HXK4/LLR
183,-0.8215654530778398,-0.13913245761061424,19,1.1811940342246439,0.6486495207681794,HXK4,HXK4/LLR
184,-0.795613745006097,-1.2565291136265118,18,1.1811940342246439,0.6486495207681794,HXK4,HXK4/LLR
185,-0.6825846002555165,-0.08212126793375688,19,1.1811940342246439,0.6486495207681794,HXK4,HXK4/LLR
186,-0.44507170699460824,0.2717976981942153,19,1.1811940342246439,0.6486495207681794,HXK4,HXK4/LLR
187,-0.8982694107419397,-0.971689148665511,18,1.1811940342246439,0.6486495207681794,HXK4,HXK4/LLR
188,-0.7949833335340493,-0.4506274379687771,18,1.1811940342246439,0.6486495207681794,HXK4,HXK4/LLR
189,0.3611071890900252,0.6398276629036697,18,1.1811940342246439,0.6486495207681794,HXK4,HXK4/LLR
190,-0.8769113528229342,-0.83302707555021,19,1.1811940342246439,0.6486495207681794,HXK4,HXK4/LLR
191,-0.4561697000259427,-0.73376873522996,19,1.1811940342246439,0.6486495207681794,HXK4,HXK4/LLR
192,-0.2955496137608137,-0.07107375255524895,18,1.1811940342246439,0.6486495207681794,HXK4,HXK4/LLR
193,0.011155874996241278,0.20575451834302672,19,1.1811940342246439,0.6486495207681794,HXK4,HXK4/LLR
194,-0.5878843510548415,1.1494614831443133,19,1.1811940342246439,0.6486495207681794,HXK4,HXK4/LLR
195,0.03147292447079909,0.1256395100723407,19,1.1811940342246439,0.6486495207681794,HXK4,HXK4/LLR
196,-0.23232834793668913,0.5779138383523542,17,1.1811940342246439,0.6486495207681794,HXK4,HXK4/LLR
197,0.47335021922337867,-0.21898087124414012,19,1.1811940342246439,0.6486495207681794,HXK4,HXK4/LLR
198,-1.0767924284144539,-0.4360724748611691,17,1.1811940342246439,0.6486495207681794,HXK4,HXK4/LLR
199,-0.6572582832235603,0.1446898329697692,18,1.1811940342246439,0.6486495207681794,HXK4,HXK4/LLR
200,-0.7944385483820005,-0.8065884613907108,14,1.1811940342246439,0.6486495207681794,HXK4,HXK4/LLR
201,-0.930670413569564,0.2174355222939755,19,1.1811940342246439,0.6486495207681794,HXK4,HXK4/LLR
202,-1.021330679687507,-0.24696930453319554,18,1.1811940342246439,0.6486495207681794,HXK4,HXK4/LLR
203,-0.6465252432912618,-1.4822483756691718,18,1.1811940342246439,0.6486495207681794,HXK4,HXK4/LLR
204,-1.0520337429482682,-1.7502127285687428,18,1.1811940342246439,0.6486495207681794,HXK4,HXK4/LLR
205,-0.9111620328054745,-1.1608925972004878,19,1.1811940342246439,0.6486495207681794,HXK4,HXK4/LLR
206,-0.8131550556886351,-0.4356684199785741,17,1.1811940342246439,0.6486495207681794,HXK4,HXK4/LLR
207,-0.47072695296733486,-0.5877873087291818,18,1.1811940342246439,0.6486495207681794,HXK4,HXK4/LLR
208,-0.37882985333336616,-0.5750327609307784,19,1.1811940342246439,0.6486495207681794,HXK4,HXK4/LLR
209,-0.5876400116583862,-0.38400719985677045,18,1.1811940342246439,0.6486495207681794,HXK4,HXK4/LLR
210,1.410968288834244,0.06659101751886207,15,1.1811940342246439,0.6486495207681794,HXK4,HXK4/LLR
211,-0.4077119829295357,-0.13442968054658555,19,1.1811940342246439,0.6486495207681794,HXK4,HXK4/LLR
212,0.4888627315721551,-0.4803393028799252,18,1.1811940342246439,0.6486495207681794,HXK4,HXK4/LLR
213,3.9256296923756326,1.4451593459747916,17,1.1811940342246439,0.6486495207681794,HXK4,HXK4/LLR
214,1.4606607779974745,-0.055209314032375736,18,1.1811940342246439,0.6486495207681794,HXK4,HXK4/LLR
215,1.045245872498592,0.8632755993864438,17,1.1811940342246439,0.6486495207681794,HXK4,HXK4/LLR
216,1.010235338753917,0.10290996424081345,19,1.1811940342246439,0.6486495207681794,HXK4,HXK4/LLR
217,1.2106309399117683,1.191014960366647,19,1.1811940342246439,0.6486495207681794,HXK4,HXK4/LLR
218,1.2496396210381662,0.9015692585268201,19,1.1811940342246439,0.6486495207681794,HXK4,HXK4/LLR
219,-0.2477289625453586,-0.8697059508026037,18,1.1811940342246439,0.6486495207681794,HXK4,HXK4/LLR
220,0.7895845791263354,0.8038979785967902,18,1.1811940342246439,0.6486495207681794,HXK4,HXK4/LLR
221,-0.5930527840125863,-0.5127940938065257,18,1.1811940342246439,0.6486495207681794,HXK4,HXK4/LLR
222,-0.8472546549443296,-0.9839783339934436,19,1.1811940342246439,0.6486495207681794,HXK4,HXK4/LLR
223,1.267579699524795,0.05768569182437592,3,1.1811940342246439,0.6486495207681794,HXK4,HXK4/LLR
224,-0.9231968841441428,-1.4855556450847778,19,1.1811940342246439,0.6486495207681794,HXK4,HXK4/LLR
225,-0.6608512197092334,0.18454532988686012,18,1.1811940342246439,0.6486495207681794,HXK4,HXK4/LLR
226,-0.8054525857144639,-1.562982500522099,19,1.1811940342246439,0.6486495207681794,HXK4,HXK4/LLR
227,-0.977055509610634,-1.4048032447565975,18,1.1811940342246439,0.6486495207681794,HXK4,HXK4/LLR
228,-1.0083304044883816,-2.151083683303221,18,1.1811940342246439,0.6486495207681794,HXK4,HXK4/LLR
229,-0.23790138181260634,0.030127379083721956,17,1.1811940342246439,0.6486495207681794,HXK4,HXK4/LLR
230,-0.8380494747094954,-1.6016690680536279,19,1.1811940342246439,0.6486495207681794,HXK4,HXK4/LLR
231,-0.4696225500723263,-0.46654280415543614,19,1.1811940342246439,0.6486495207681794,HXK4,HXK4/LLR
232,-0.5526671355540227,-0.8687721910905046,19,1.1811940342246439,0.6486495207681794,HXK4,HXK4/LLR
233,-0.5455665723528227,-1.4531140256789599,19,1.1811940342246439,0.6486495207681794,HXK4,HXK4/LLR
234,0.32965385558614274,0.10537228795574993,15,1.1811940342246439,0.6486495207681794,HXK4,HXK4/LLR
235,-0.8451375249190324,-1.3159890134502878,17,1.1811940342246439,0.6486495207681794,HXK4,HXK4/LLR
236,-0.1842880153375894,0.6544151306601081,18,1.1811940342246439,0.6486495207681794,HXK4,HXK4/LLR
237,0.32855311875316945,0.9111711059798182,18,1.1811940342246439,0.6486495207681794,HXK4,HXK4/LLR
238,0.8897333124753777,0.8460383781907922,19,1.1811940342246439,0.6486495207681794,HXK4,HXK4/LLR
239,0.5530671395237516,0.24942889606040874,19,1.1811940342246439,0.6486495207681794,HXK4,HXK4/LLR
240,-0.3101041048446631,-0.7208023691250469,19,1.1811940342246439,0.6486495207681794,HXK4,HXK4/LLR
241,-0.2454747472382912,0.4137081263369961,19,1.1811940342246439,0.6486495207681794,HXK4,HXK4/LLR
242,-0.08827734804394086,0.9604449240029128,17,1.1811940342246439,0.6486495207681794,HXK4,HXK4/LLR
243,-0.3644822855842836,0.8026290916968732,13,1.1811940342246439,0.6486495207681794,HXK4,HXK4/LLR
244,0.5483275478880832,0.33114428318314676,19,1.1811940342246439,0.6486495207681794,HXK4,HXK4/LLR
245,-0.37234805169660695,0.35417632092266055,19,1.1811940342246439,0.6486495207681794,HXK4,HXK4/LLR
246,0.20155501083978442,1.4614814086963754,19,1.1811940342246439,0.6486495207681794,HXK4,HXK4/LLR
247,0.4179757674922318,0.7858218820330622,18,1.1811940342246439,0.6486495207681794,HXK4,HXK4/LLR
248,0.11798096663777084,0.5661443823534255,19,1.1811940342246439,0.6486495207681794,HXK4,HXK4/LLR
249,1.2548365465585776,0.5947611150662678,18,1.1811940342246439,0.6486495207681794,HXK4,HXK4/LLR
250,0.28647681954128473,-0.49666876126344806,15,1.1811940342246439,0.6486495207681794,HXK4,HXK4/LLR
251,0.3544163997208399,-0.24576027922136334,19,1.1811940342246439,0.6486495207681794,HXK4,HXK4/LLR
252,-0.6336703764523427,-1.1629039219792856,18,1.1811940342246439,0.6486495207681794,HXK4,HXK4/LLR
253,-0.8619239871458708,-1.0567746326171699,17,1.1811940342246439,0.6486495207681794,HXK4,HXK4/LLR
254,-0.813311557978956,-0.4548605413495947,19,1.1811940342246439,0.6486495207681794,HXK4,HXK4/LLR
255,-0.8845026542677357,-1.2390839276061765,18,1.1811940342246439,0.6486495207681794,HXK4,HXK4/LLR
256,-0.45158052015979994,-1.1965132255207076,19,1.1811940342246439,0.6486495207681794,HXK4,HXK4/LLR
257,-0.24720205213863083,-1.1864936045236774,13,1.1811940342246439,0.6486495207681794,HXK4,HXK4/LLR
258,-0.4694488883240866,-0.5709396369320549,19,1.1811940342246439,0.6486495207681794,HXK4,HXK4/LLR
259,-0.639748179389699,-1.0015721056325149,19,1.1811940342246439,0.6486495207681794,HXK4,HXK4/LLR
260,-0.7580757483597594,-0.9815888326805351,18,1.1811940342246439,0.6486495207681794,HXK4,HXK4/LLR
261,0.35189303045877,0.4583010730942166,19,1.1811940342246439,0.6486495207681794,HXK4,HXK4/LLR
262,0.5242368538565033,0.7812256381555926,19,1.1811940342246439,0.6486495207681794,HXK4,HXK4/LLR
263,0.22652247393058986,-0.29741912727203984,19,1.1811940342246439,0.6486495207681794,HXK4,HXK4/LLR
264,-0.24085098872497152,1.0180465344077299,19,1.1811940342246439,0.6486495207681794,HXK4,HXK4/LLR
265,0.22416065817083763,-0.22569698737349544,16,1.1811940342246439,0.6486495207681794,HXK4,HXK4/LLR
266,0.606949255337645,0.5522602731253106,18,1.1811940342246439,0.6486495207681794,HXK4,HXK4/LLR
267,0.47846364982287315,0.9099651172835842,19,1.1811940342246439,0.6486495207681794,HXK4,HXK4/LLR
268,0.09874484728869111,0.8636520168753749,19,1.1811940342246439,0.6486495207681794,HXK4,HXK4/LLR
269,0.33639133095039764,0.5724304909072803,19,1.1811940342246439,0.6486495207681794,HXK4,HXK4/LLR
270,0.17150364260059422,1.1149958266182136,19,1.1811940342246439,0.6486495207681794,HXK4,HXK4/LLR
271,0.2036138264383356,0.1073536344019785,19,1.1811940342246439,0.6486495207681794,HXK4,HXK4/LLR
272,0.5676254826758956,0.1653164555354035,19,1.1811940342246439,0.6486495207681794,HXK4,HXK4/LLR
273,-0.8319776193806798,-1.6165339279423987,18,1.1811940342246439,0.6486495207681794,HXK4,HXK4/LLR
274,0.7426948811593745,0.3315358405548661,19,1.1811940342246439,0.6486495207681794,HXK4,HXK4/LLR
275,0.5573824716953928,0.9899751146676504,19,1.1811940342246439,0.6486495207681794,HXK4,HXK4/LLR
276,-0.32747396785283345,-0.7120890996088823,18,1.1811940342246439,0.6486495207681794,HXK4,HXK4/LLR
277,-0.07923480587545866,-1.1868520213026161,19,1.1811940342246439,0.6486495207681794,HXK4,HXK4/LLR
278,1.2818402265957645,0.2971931717673554,19,1.1811940342246439,0.6486495207681794,HXK4,HXK4/LLR
279,0.332688127136429,0.7658459042580732,19,1.1811940342246439,0.6486495207681794,HXK4,HXK4/LLR
280,-0.017787680822560985,-1.344412171584443,19,1.1811940342246439,0.6486495207681794,HXK4,HXK4/LLR
281,1.4086423744978425,0.878810077598863,19,1.1811940342246439,0.6486495207681794,HXK4,HXK4/LLR
282,0.18709380651961247,0.26690756754401734,19,1.1811940342246439,0.6486495207681794,HXK4,HXK4/LLR
283,0.6214076684387607,-0.18377335491490476,19,1.1811940342246439,0.6486495207681794,HXK4,HXK4/LLR
284,0.27961820228944917,-0.22802979124339798,19,1.1811940342246439,0.6486495207681794,HXK4,HXK4/LLR
285,0.6723358288475593,0.6700076923558578,19,1.1811940342246439,0.6486495207681794,HXK4,HXK4/LLR
286,-0.06269931761339131,-0.2832455145657555,19,1.1811940342246439,0.6486495207681794,HXK4,HXK4/LLR
287,0.8275562936395213,0.43607923413547856,19,1.1811940342246439,0.6486495207681794,HXK4,HXK4/LLR
288,-0.3252062008678276,-0.2550181312753593,19,1.1811940342246439,0.6486495207681794,HXK4,HXK4/LLR
289,-0.9428931485170783,-1.3207822310594857,18,1.1811940342246439,0.6486495207681794,HXK4,HXK4/LLR
290,-0.6724624763511953,-1.365385309807796,19,1.1811940342246439,0.6486495207681794,HXK4,HXK4/LLR
291,0.33662861561560425,0.10404887688187751,19,1.1811940342246439,0.6486495207681794,HXK4,HXK4/LLR
292,-0.6489526494601489,-0.4849110584274527,19,1.1811940342246439,0.6486495207681794,HXK4,HXK4/LLR
293,-0.7508818127941296,-0.5458602133831284,19,1.1811940342246439,0.6486495207681794,HXK4,HXK4/LLR
294,-0.9121340615751201,-1.6818996343078876,19,1.1811940342246439,0.6486495207681794,HXK4,HXK4/LLR
295,0.47070541908479246,0.31483705762222486,19,1.1811940342246439,0.6486495207681794,HXK4,HXK4/LLR
296,-0.2762549596858391,-0.9399462653537335,19,1.1811940342246439,0.6486495207681794,HXK4,HXK4/LLR
297,0.10955562115808404,-0.03137154531147333,19,1.1811940342246439,0.6486495207681794,HXK4,HXK4/LLR
298,-0.5871037808534852,-1.7092709288631909,19,1.1811940342246439,0.6486495207681794,HXK4,HXK4/LLR
299,-0.3200245634879164,-1.4083722592902783,19,1.1811940342246439,0.6486495207681794,HXK4,HXK4/LLR
300,0.3420648019091493,-0.6684445297422926,19,1.1811940342246439,0.6486495207681794,HXK4,HXK4/LLR
301,0.2193518502049233,-1.0395750877863374,18,1.1811940342246439,0.6486495207681794,HXK4,HXK4/LLR
302,-0.6608698087390436,-1.2680986742909273,19,1.1811940342246439,0.6486495207681794,HXK4,HXK4/LLR
303,0.08087337717542133,-0.2834508351457516,19,1.1811940342246439,0.6486495207681794,HXK4,HXK4/LLR
304,0.7745284686102966,-0.4248533417092069,19,1.1811940342246439,0.6486495207681794,HXK4,HXK4/LLR
305,-0.3783128702634694,-1.196045765491336,19,1.1811940342246439,0.6486495207681794,HXK4,HXK4/LLR
306,0.4718639993376955,0.27533910441125525,19,1.1811940342246439,0.6486495207681794,HXK4,HXK4/LLR
307,0.34197665245354897,0.25493507538148596,19,1.1811940342246439,0.6486495207681794,HXK4,HXK4/LLR
308,0.038034551091883174,-0.7495955970439739,19,1.1811940342246439,0.6486495207681794,HXK4,HXK4/LLR
309,0.3329600200705686,0.333690723505606,19,1.1811940342246439,0.6486495207681794,HXK4,HXK4/LLR
310,0.5442412543735835,0.32649176292832716,19,1.1811940342246439,0.6486495207681794,HXK4,HXK4/LLR
311,0.9034345767696733,0.005457260238775218,19,1.1811940342246439,0.6486495207681794,HXK4,HXK4/LLR
312,0.45058574853811073,1.0110584301933503,18,1.1811940342246439,0.6486495207681794,HXK4,HXK4/LLR
313,0.5634239984178312,-0.2695539644453685,19,1.1811940342246439,0.6486495207681794,HXK4,HXK4/LLR
314,-0.10761792991449429,-1.2128197221561978,19,1.1811940342246439,0.6486495207681794,HXK4,HXK4/LLR
315,0.5913877584358325,-1.2893023007659592,19,1.1811940342246439,0.6486495207681794,HXK4,HXK4/LLR
316,0.8828898814039666,0.9168241813790396,18,1.1811940342246439,0.6486495207681794,HXK4,HXK4/LLR
317,0.8206888532467731,-0.6386685108481899,19,1.1811940342246439,0.6486495207681794,HXK4,HXK4/LLR
318,1.084799447225387,0.4798032002094155,19,1.1811940342246439,0.6486495207681794,HXK4,HXK4/LLR
319,1.1613948589526317,0.8307893805316732,19,1.1811940342246439,0.6486495207681794,HXK4,HXK4/LLR
320,0.7120947107797017,-0.2543463568211219,19,1.1811940342246439,0.6486495207681794,HXK4,HXK4/LLR
321,0.819777154901442,0.5875903006770319,19,1.1811940342246439,0.6486495207681794,HXK4,HXK4/LLR
322,0.5646981863232964,0.8425883933976968,19,1.1811940342246439,0.6486495207681794,HXK4,HXK4/LLR
323,-0.15119135116703664,-1.2000780686528385,19,1.1811940342246439,0.6486495207681794,HXK4,HXK4/LLR
324,0.5817933531458676,0.6190797523368937,19,1.1811940342246439,0.6486495207681794,HXK4,HXK4/LLR
325,0.7370877145065218,0.5983668920976779,19,1.1811940342246439,0.6486495207681794,HXK4,HXK4/LLR
326,1.1147333512856632,0.47229028675116425,19,1.1811940342246439,0.6486495207681794,HXK4,HXK4/LLR
327,0.7688871937450891,0.16153566391423121,19,1.1811940342246439,0.6486495207681794,HXK4,HXK4/LLR
328,1.12027153775471,0.6920283673130092,19,1.1811940342246439,0.6486495207681794,HXK4,HXK4/LLR
329,-0.022956984874257545,-1.0653439582652933,19,1.1811940342246439,0.6486495207681794,HXK4,HXK4/LLR
330,0.1242899420664804,0.30821406299825543,19,1.1811940342246439,0.6486495207681794,HXK4,HXK4/LLR
331,-0.4450877282314774,-0.4470144087785729,19,1.1811940342246439,0.6486495207681794,HXK4,HXK4/LLR
332,0.7339026865547978,0.5539209644598043,19,1.1811940342246439,0.6486495207681794,HXK4,HXK4/LLR
333,0.6990221681931703,0.26433290007423843,19,1.1811940342246439,0.6486495207681794,HXK4,HXK4/LLR
334,0.11124592323348254,-0.48286165070084297,19,1.1811940342246439,0.6486495207681794,HXK4,HXK4/LLR
335,-0.1880770854548016,-0.569562732272804,19,1.1811940342246439,0.6486495207681794,HXK4,HXK4/LLR
336,0.5920069652221588,0.8666757240826781,19,1.1811940342246439,0.6486495207681794,HXK4,HXK4/LLR
337,-0.0795716469901628,-0.4543883229198813,19,1.1811940342246439,0.6486495207681794,HXK4,HXK4/LLR
338,-0.26664360158921435,-0.5078999057786808,19,1.1811940342246439,0.6486495207681794,HXK4,HXK4/LLR
339,0.3079017512792798,0.21104913742320955,19,1.1811940342246439,0.6486495207681794,HXK4,HXK4/LLR
340,0.3049206162824703,0.14365615613003238,19,1.1811940342246439,0.6486495207681794,HXK4,HXK4/LLR
341,0.23492290799547533,0.6098908720283465,19,1.1811940342246439,0.6486495207681794,HXK4,HXK4/LLR
342,0.09817058414649665,0.6543468489966872,19,1.1811940342246439,0.6486495207681794,HXK4,HXK4/LLR
343,0.06949062861672464,0.532407226571309,19,1.1811940342246439,0.6486495207681794,HXK4,HXK4/LLR
344,0.5357636414427487,1.0124050955632458,19,1.1811940342246439,0.6486495207681794,HXK4,HXK4/LLR
345,0.7007854360520259,1.0499895614316601,18,1.1811940342246439,0.6486495207681794,HXK4,HXK4/LLR
346,0.6600870293454818,1.03644041045314,19,1.1811940342246439,0.6486495207681794,HXK4,HXK4/LLR
347,0.12716387062301823,0.47188690482296447,19,1.1811940342246439,0.6486495207681794,HXK4,HXK4/LLR
348,0.23592400438787708,1.46253716391539,19,1.1811940342246439,0.6486495207681794,HXK4,HXK4/LLR
349,0.3217847855313071,0.810810160812911,18,1.1811940342246439,0.6486495207681794,HXK4,HXK4/LLR
350,0.26775930349409643,0.4770618687597884,19,1.1811940342246439,0.6486495207681794,HXK4,HXK4/LLR
351,-0.25547104632632545,-0.46115735902335464,19,1.1811940342246439,0.6486495207681794,HXK4,HXK4/LLR
352,0.250184040013244,0.8997390763305915,18,1.1811940342246439,0.6486495207681794,HXK4,HXK4/LLR
353,0.5209037138168569,1.0385843677035764,19,1.1811940342246439,0.6486495207681794,HXK4,HXK4/LLR
354,-0.01183397537421865,-0.20593835253150114,19,1.1811940342246439,0.6486495207681794,HXK4,HXK4/LLR
355,0.05046061978989839,0.1373495485606069,19,1.1811940342246439,0.6486495207681794,HXK4,HXK4/LLR
356,-0.07966015039130647,0.01485771613215728,19,1.1811940342246439,0.6486495207681794,HXK4,HXK4/LLR
357,0.13556262540987493,1.045389548780674,19,1.1811940342246439,0.6486495207681794,HXK4,HXK4/LLR
358,0.24452906307721325,0.6071119539983609,17,1.1811940342246439,0.6486495207681794,HXK4,HXK4/LLR
359,0.5656492808466895,0.07464790340064607,19,1.1811940342246439,0.6486495207681794,HXK4,HXK4/LLR
360,0.38987032508701813,1.1744033995066094,19,1.1811940342246439,0.6486495207681794,HXK4,HXK4/LLR
361,0.4192941863171142,0.9668224818665865,19,1.1811940342246439,0.6486495207681794,HXK4,HXK4/LLR
362,-0.0910260598771099,-1.0786212600044764,19,1.1811940342246439,0.6486495207681794,HXK4,HXK4/LLR
363,0.09795731728348159,-0.1141689857820813,19,1.1811940342246439,0.6486495207681794,HXK4,HXK4/LLR
364,0.42197926990869417,0.7285599923756675,19,1.1811940342246439,0.6486495207681794,HXK4,HXK4/LLR
365,0.3248133306541906,-0.1916198909093513,19,1.1811940342246439,0.6486495207681794,HXK4,HXK4/LLR
366,-0.31049061138033496,-1.3832530528951283,19,1.1811940342246439,0.6486495207681794,HXK4,HXK4/LLR
367,0.23544039112195048,-0.11071569753366382,19,1.1811940342246439,0.6486495207681794,HXK4,HXK4/LLR
368,0.3751461557611561,0.8588455108634231,19,1.1811940342246439,0.6486495207681794,HXK4,HXK4/LLR
369,-0.46633129106276544,0.10941082289141058,19,1.1811940342246439,0.6486495207681794,HXK4,HXK4/LLR
370,-0.358625910746264,-1.209288839789469,19,1.1811940342246439,0.6486495207681794,HXK4,HXK4/LLR
371,0.21306513870636468,0.6175527689139628,18,1.1811940342246439,0.6486495207681794,HXK4,HXK4/LLR
372,0.2934853343656974,1.214871234446987,19,1.1811940342246439,0.6486495207681794,HXK4,HXK4/LLR
373,-0.3704554565855713,-1.1134611526235758,19,1.1811940342246439,0.6486495207681794,HXK4,HXK4/LLR
374,-0.474771555907395,-0.6378792791525655,18,1.1811940342246439,0.6486495207681794,HXK4,HXK4/LLR
375,0.3688054165787682,0.5172922725980524,19,1.1811940342246439,0.6486495207681794,HXK4,HXK4/LLR
376,-0.9030709928870436,-1.1730590529528075,19,1.1811940342246439,0.6486495207681794,HXK4,HXK4/LLR
377,-0.6313615643563242,-0.796729658106146,19,1.1811940342246439,0.6486495207681794,HXK4,HXK4/LLR
378,-0.5989405336660909,-1.0258647645966201,19,1.1811940342246439,0.6486495207681794,HXK4,HXK4/LLR
379,0.46591853631525243,1.0398683190908484,19,1.1811940342246439,0.6486495207681794,HXK4,HXK4/LLR
380,-0.24531519970580773,0.0781273812025673,19,1.1811940342246439,0.6486495207681794,HXK4,HXK4/LLR
381,-0.6442554615063445,-0.10894782004571939,19,1.1811940342246439,0.6486495207681794,HXK4,HXK4/LLR
382,-0.562720969101711,-0.40038525562361893,18,1.1811940342246439,0.6486495207681794,HXK4,HXK4/LLR
383,-0.7340733501971556,-0.8187151997713381,19,1.1811940342246439,0.6486495207681794,HXK4,HXK4/LLR
384,-0.9518442646974418,-0.43671806753930764,19,1.1811940342246439,0.6486495207681794,HXK4,HXK4/LLR
385,-0.16087347963486293,-0.500645014766541,19,1.1811940342246439,0.6486495207681794,HXK4,HXK4/LLR
386,-0.7425012722874227,-0.025343212784120557,19,1.1811940342246439,0.6486495207681794,HXK4,HXK4/LLR
387,-0.5594675928893269,-0.4287418951546788,19,1.1811940342246439,0.6486495207681794,HXK4,HXK4/LLR
388,-0.22105975931685706,-0.5568790172406679,19,1.1811940342246439,0.6486495207681794,HXK4,HXK4/LLR
389,-0.4283827677823042,-0.21624828181522104,18,1.1811940342246439,0.6486495207681794,HXK4,HXK4/LLR
390,0.25393396709594307,1.1440819134921725,19,1.1811940342246439,0.6486495207681794,HXK4,HXK4/LLR
391,0.15893815442236314,0.05907699285878212,19,1.1811940342246439,0.6486495207681794,HXK4,HXK4/LLR
392,0.04114400561944066,0.6389434227998794,18,1.1811940342246439,0.6486495207681794,HXK4,HXK4/LLR
393,0.17068326365211015,0.44284814376686243,19,1.1811940342246439,0.6486495207681794,HXK4,HXK4/LLR
394,0.40719556298826826,0.7506488887188447,19,1.1811940342246439,0.6486495207681794,HXK4,HXK4/LLR
395,0.43631603309303557,0.9202712943417065,19,1.1811940342246439,0.6486495207681794,HXK4,HXK4/LLR
396,0.04538871372609723,0.6349906672720849,18,1.1811940342246439,0.6486495207681794,HXK4,HXK4/LLR
397,0.41365964985035375,0.8454699369601808,19,1.1811940342246439,0.6486495207681794,HXK4,HXK4/LLR
398,0.3860768172824518,0.7394623077532622,19,1.1811940342246439,0.6486495207681794,HXK4,HXK4/LLR
399,0.6102227051426595,0.5797403963391425,18,1.1811940342246439,0.6486495207681794,HXK4,HXK4/LLR
400,0.5119684273231659,1.1311576797769063,19,1.1811940342246439,0.6486495207681794,HXK4,HXK4/LLR
401,0.4893780309858202,1.9465094601501889,18,1.1811940342246439,0.6486495207681794,HXK4,HXK4/LLR
402,0.4838224029166919,0.4707660504518047,19,1.1811940342246439,0.6486495207681794,HXK4,HXK4/LLR
403,-0.1720323162357734,0.38248642383039216,19,1.1811940342246439,0.6486495207681794,HXK4,HXK4/LLR
404,1.1811940342246439,0.1383492799843512,19,1.1811940342246439,0.6486495207681794,HXK4,HXK4/LLR
405,-0.738382219452683,-1.0585314459179611,19,1.1811940342246439,0.6486495207681794,HXK4,HXK4/LLR
406,-0.5766911186349893,-1.0933137259174956,19,1.1811940342246439,0.6486495207681794,HXK4,HXK4/LLR
407,-0.46088337303820903,-0.5364405918218621,19,1.1811940342246439,0.6486495207681794,HXK4,HXK4/LLR
408,-0.5679750916233808,-0.8458205385711036,19,1.1811940342246439,0.6486495207681794,HXK4,HXK4/LLR
409,-0.9360645368199607,-1.9195808187251369,18,1.1811940342246439,0.6486495207681794,HXK4,HXK4/LLR
410,-0.48958111764197987,-0.9686569973430452,18,1.1811940342246439,0.6486495207681794,HXK4,HXK4/LLR
411,-0.26322850583863655,-0.12462759969218053,18,1.1811940342246439,0.6486495207681794,HXK4,HXK4/LLR
412,-0.7267312013895155,-0.513956529592382,19,1.1811940342246439,0.6486495207681794,HXK4,HXK4/LLR
413,0.7845551667156991,-0.06930672438231866,19,1.1811940342246439,0.6486495207681794,HXK4,HXK4/LLR
414,-0.07792177551211008,0.5156197695133091,19,1.1811940342246439,0.6486495207681794,HXK4,HXK4/LLR
415,-0.09602084636822658,-0.9752929452408012,18,1.1811940342246439,0.6486495207681794,HXK4,HXK4/LLR
416,0.46580866398580506,-0.6299977488870503,19,1.1811940342246439,0.6486495207681794,HXK4,HXK4/LLR
417,0.6486495207681794,0.7720358525274031,19,1.1811940342246439,0.6486495207681794,HXK4,HXK4/LLR
418,-0.5855077768491893,-0.8526910071174173,18,1.1811940342246439,0.6486495207681794,HXK4,HXK4/LLR
419,0.01336523152895297,0.33005379444292543,19,1.1811940342246439,0.6486495207681794,HXK4,HXK4/LLR
420,0.581416086255964,0.30494924838934323,19,1.1811940342246439,0.6486495207681794,HXK4,HXK4/LLR
421,0.7077130904907959,0.3361355135631296,19,1.1811940342246439,0.6486495207681794,HXK4,HXK4/LLR
422,-0.10134650743284151,0.3125586837602799,19,1.1811940342246439,0.6486495207681794,HXK4,HXK4/LLR
423,0.3226513621116048,1.2879968258344705,19,1.1811940342246439,0.6486495207681794,HXK4,HXK4/LLR
424,0.42400342185251694,0.5978148565538511,19,1.1811940342246439,0.6486495207681794,HXK4,HXK4/LLR
425,0.4030733820271795,0.9794961755947095,19,1.1811940342246439,0.6486495207681794,HXK4,HXK4/LLR
426,-0.21423539170557118,-0.2558339218466835,18,1.1811940342246439,0.6486495207681794,HXK4,HXK4/LLR
427,0.528037933739736,0.45650109276970374,19,1.1811940342246439,0.6486495207681794,HXK4,HXK4/LLR
428,0.613514027559618,0.7246436845391856,19,1.1811940342246439,0.6486495207681794,HXK4,HXK4/LLR
429,-0.28840024992553637,-0.16360173097621447,18,1.1811940342246439,0.6486495207681794,HXK4,HXK4/LLR
430,0.21686018880173194,0.9330467940553925,19,1.1811940342246439,0.6486495207681794,HXK4,HXK4/LLR
431,0.3751559035922637,-0.06750006436528522,19,1.1811940342246439,0.6486495207681794,HXK4,HXK4/LLR
432,0.7733990701961307,0.7238740889750277,19,1.1811940342246439,0.6486495207681794,HXK4,HXK4/LLR
433,-0.08093873120322528,1.0492476613148483,19,1.1811940342246439,0.6486495207681794,HXK4,HXK4/LLR
434,0.353388406291538,0.38386089338593,19,1.1811940342246439,0.6486495207681794,HXK4,HXK4/LLR
435,-0.1770937895859071,0.0956496666826362,19,1.1811940342246439,0.6486495207681794,HXK4,HXK4/LLR
436,0.49148674557709715,0.9211541221391298,18,1.1811940342246439,0.6486495207681794,HXK4,HXK4/LLR
437,-0.48668615873687404,0.20671431226896061,18,1.1811940342246439,0.6486495207681794,HXK4,HXK4/LLR
438,0.2431095781297327,0.9297609845606208,18,1.1811940342246439,0.6486495207681794,HXK4,HXK4/LLR
439,0.8331884259257054,1.0628188532044633,18,1.1811940342246439,0.6486495207681794,HXK4,HXK4/LLR
440,0.09803097818699191,-0.1647672681390553,19,1.1811940342246439,0.6486495207681794,HXK4,HXK4/LLR
441,1.4144011559768517,-0.007766564021866894,19,1.1811940342246439,0.6486495207681794,HXK4,HXK4/LLR
442,0.33089408698397793,-0.22352123033610313,19,1.1811940342246439,0.6486495207681794,HXK4,HXK4/LLR
443,-0.5621798055051455,-1.1784211128765294,18,1.1811940342246439,0.6486495207681794,HXK4,HXK4/LLR
444,-1.1196348684900315,-1.122880366368705,19,1.1811940342246439,0.6486495207681794,HXK4,HXK4/LLR
445,-0.019429024334761593,-0.5826249160510624,19,1.1811940342246439,0.6486495207681794,HXK4,HXK4/LLR
446,0.4517435316863922,0.07907829206424087,19,1.1811940342246439,0.6486495207681794,HXK4,HXK4/LLR
447,-0.9845478540829276,-1.2334080507054934,19,1.1811940342246439,0.6486495207681794,HXK4,HXK4/LLR
448,-0.8408852833723393,-1.3226167771451671,19,1.1811940342246439,0.6486495207681794,HXK4,HXK4/LLR
449,-1.0591829206448686,-1.4511056222178162,19,1.1811940342246439,0.6486495207681794,HXK4,HXK4/LLR
450,-0.7100708610069715,-0.40365912408073246,19,1.1811940342246439,0.6486495207681794,HXK4,HXK4/LLR
451,0.5435089638461044,-0.6092319559589533,19,1.1811940342246439,0.6486495207681794,HXK4,HXK4/LLR
452,-0.13075872049283402,-0.1752602535710497,19,1.1811940342246439,0.6486495207681794,HXK4,HXK4/LLR
453,-0.24858001868016857,-0.34022518246613165,19,1.1811940342246439,0.6486495207681794,HXK4,HXK4/LLR
454,1.9528725581334956,-0.14791526746706052,18,1.1811940342246439,0.6486495207681794,HXK4,HXK4/LLR
455,2.687401368715806,-0.2852488584316832,15,1.1811940342246439,0.6486495207681794,HXK4,HXK4/LLR
456,0.5793072375822282,1.281879811088849,19,1.1811940342246439,0.6486495207681794,HXK4,HXK4/LLR
457,0.9407573097787267,0.19234719487896199,18,1.1811940342246439,0.6486495207681794,HXK4,HXK4/LLR
458,1.5849696839115945,0.432931621793946,18,1.1811940342246439,0.6486495207681794,HXK4,HXK4/LLR
459,2.486420808880572,0.8811626309426536,18,1.1811940342246439,0.6486495207681794,HXK4,HXK4/LLR
460,0.6822910984276688,1.777488573129352,19,1.1811940342246439,0.6486495207681794,HXK4,HXK4/LLR
461,0.7885524323861938,1.3779591673810747,19,1.1811940342246439,0.6486495207681794,HXK4,HXK4/LLR
462,0.6983770396834907,1.1354802506176085,19,1.1811940342246439,0.6486495207681794,HXK4,HXK4/LLR
463,0.3333380491351496,1.0692672428932137,19,1.1811940342246439,0.6486495207681794,HXK4,HXK4/LLR
464,0.7000266383701401,1.1506918614215962,16,1.1811940342246439,0.6486495207681794,HXK4,HXK4/LLR
1,0.9383213455789474,0.46517805493789477,19,1.1914425392631578,0.6582837906315789,HXK4,HXK4/RF AL
2,0.9627690136666666,0.7567307295805556,18,1.1914425392631578,0.6582837906315789,HXK4,HXK4/RF AL
3,0.9895529426315789,0.8060745679942105,19,1.1914425392631578,0.6582837906315789,HXK4,HXK4/RF AL
4,0.9269715541052631,0.773180328111579,19,1.1914425392631578,0.6582837906315789,HXK4,HXK4/RF AL
5,0.6491506266315789,0.8210777211248684,19,1.1914425392631578,0.6582837906315789,HXK4,HXK4/RF AL
6,0.9610400381578947,0.5796588639357895,19,1.1914425392631578,0.6582837906315789,HXK4,HXK4/RF AL
7,0.78579674,0.72764353964,19,1.1914425392631578,0.6582837906315789,HXK4,HXK4/RF AL
8,1.2651730451052632,0.5767771393017105,19,1.1914425392631578,0.6582837906315789,HXK4,HXK4/RF AL
9,1.0195910261052632,0.8729246194294737,19,1.1914425392631578,0.6582837906315789,HXK4,HXK4/RF AL
10,1.1112506645263158,0.6435922342031578,19,1.1914425392631578,0.6582837906315789,HXK4,HXK4/RF AL
11,1.2092319892777779,0.6712930243438889,18,1.1914425392631578,0.6582837906315789,HXK4,HXK4/RF AL
12,1.1174809317368422,0.7447669205994737,19,1.1914425392631578,0.6582837906315789,HXK4,HXK4/RF AL
13,1.0869035828421054,0.5415937820257894,19,1.1914425392631578,0.6582837906315789,HXK4,HXK4/RF AL
14,1.2040541770555555,0.4869854622061111,18,1.1914425392631578,0.6582837906315789,HXK4,HXK4/RF AL
15,1.0876389798421051,0.5106429519178948,19,1.1914425392631578,0.6582837906315789,HXK4,HXK4/RF AL
16,0.9795890887894737,0.5803247144910526,19,1.1914425392631578,0.6582837906315789,HXK4,HXK4/RF AL
17,0.9993747511578948,0.3799489170663158,19,1.1914425392631578,0.6582837906315789,HXK4,HXK4/RF AL
18,1.1034631932777779,0.6791417618188889,18,1.1914425392631578,0.6582837906315789,HXK4,HXK4/RF AL
19,0.736078848736842,0.6520498000973685,19,1.1914425392631578,0.6582837906315789,HXK4,HXK4/RF AL
20,0.7946368022631579,0.5565723760057896,19,1.1914425392631578,0.6582837906315789,HXK4,HXK4/RF AL
21,0.9847962824444445,0.5440934504577778,18,1.1914425392631578,0.6582837906315789,HXK4,HXK4/RF AL
22,0.6007829296875,0.35701739904875,16,1.1914425392631578,0.6582837906315789,HXK4,HXK4/RF AL
23,1.0133694853333333,0.5885578683383333,18,1.1914425392631578,0.6582837906315789,HXK4,HXK4/RF AL
24,0.7409530836842105,0.5601923544673685,19,1.1914425392631578,0.6582837906315789,HXK4,HXK4/RF AL
25,1.2446889205789475,0.7530722193205264,19,1.1914425392631578,0.6582837906315789,HXK4,HXK4/RF AL
26,0.8179759705,0.49948910382555556,18,1.1914425392631578,0.6582837906315789,HXK4,HXK4/RF AL
27,1.0503748238421053,0.7835706051331579,19,1.1914425392631578,0.6582837906315789,HXK4,HXK4/RF AL
28,0.938074427,0.624629368696875,16,1.1914425392631578,0.6582837906315789,HXK4,HXK4/RF AL
29,0.9034207244210527,0.8163337473094737,19,1.1914425392631578,0.6582837906315789,HXK4,HXK4/RF AL
30,0.8714037204444445,0.7673262850577778,18,1.1914425392631578,0.6582837906315789,HXK4,HXK4/RF AL
31,0.9101383351111111,0.5839558215338889,18,1.1914425392631578,0.6582837906315789,HXK4,HXK4/RF AL
32,0.3090060964736842,0.5965617644157895,19,1.1914425392631578,0.6582837906315789,HXK4,HXK4/RF AL
33,0.7984615887222222,0.6419469566677778,18,1.1914425392631578,0.6582837906315789,HXK4,HXK4/RF AL
34,0.917211905,0.7708450436850001,2,1.1914425392631578,0.6582837906315789,HXK4,HXK4/RF AL
35,0.7131161315263158,0.5368642941515789,19,1.1914425392631578,0.6582837906315789,HXK4,HXK4/RF AL
36,0.09842945747368421,0.62730649247,19,1.1914425392631578,0.6582837906315789,HXK4,HXK4/RF AL
37,0.7643221557368421,0.459280822755,19,1.1914425392631578,0.6582837906315789,HXK4,HXK4/RF AL
38,0.966978574263158,0.6411726779557895,19,1.1914425392631578,0.6582837906315789,HXK4,HXK4/RF AL
39,0.5363414173684211,0.6436042581521053,19,1.1914425392631578,0.6582837906315789,HXK4,HXK4/RF AL
40,0.34912092568749997,0.345477380068125,16,1.1914425392631578,0.6582837906315789,HXK4,HXK4/RF AL
41,1.1133242665555556,0.6731703099302778,18,1.1914425392631578,0.6582837906315789,HXK4,HXK4/RF AL
42,0.7840858421052632,0.638922238988421,19,1.1914425392631578,0.6582837906315789,HXK4,HXK4/RF AL
43,0.08098580427777778,0.705253292875,18,1.1914425392631578,0.6582837906315789,HXK4,HXK4/RF AL
44,0.05820613458823529,0.5643546688317647,17,1.1914425392631578,0.6582837906315789,HXK4,HXK4/RF AL
45,0.8242231055789473,0.5998299800752631,19,1.1914425392631578,0.6582837906315789,HXK4,HXK4/RF AL
46,0.9666863555789474,0.5325835898757895,19,1.1914425392631578,0.6582837906315789,HXK4,HXK4/RF AL
47,0.8771484640833332,0.4577219872041667,12,1.1914425392631578,0.6582837906315789,HXK4,HXK4/RF AL
48,0.6779468246666667,0.8665398208966667,18,1.1914425392631578,0.6582837906315789,HXK4,HXK4/RF AL
49,0.19840859238888886,0.5730312275011111,18,1.1914425392631578,0.6582837906315789,HXK4,HXK4/RF AL
50,0.9091397311111111,0.7036499276902778,18,1.1914425392631578,0.6582837906315789,HXK4,HXK4/RF AL
51,0.925242257,0.6046658370035526,19,1.1914425392631578,0.6582837906315789,HXK4,HXK4/RF AL
52,0.15514274844444442,0.45541908545777776,18,1.1914425392631578,0.6582837906315789,HXK4,HXK4/RF AL
53,0.7751444335,0.6774910010265277,18,1.1914425392631578,0.6582837906315789,HXK4,HXK4/RF AL
54,0.18573763211764704,0.580635056647647,17,1.1914425392631578,0.6582837906315789,HXK4,HXK4/RF AL
55,0.42952350811764706,0.4522984035510294,17,1.1914425392631578,0.6582837906315789,HXK4,HXK4/RF AL
56,0.19782534583333333,0.6209832340733333,18,1.1914425392631578,0.6582837906315789,HXK4,HXK4/RF AL
57,0.27105596588888886,0.5087233843994444,18,1.1914425392631578,0.6582837906315789,HXK4,HXK4/RF AL
58,0.11847240110526318,0.563271588311579,19,1.1914425392631578,0.6582837906315789,HXK4,HXK4/RF AL
59,0.09437520116666669,0.3999656272788889,18,1.1914425392631578,0.6582837906315789,HXK4,HXK4/RF AL
60,0.11417594842105262,0.6627339922810527,19,1.1914425392631578,0.6582837906315789,HXK4,HXK4/RF AL
61,0.3474204102222222,0.4176758726961112,18,1.1914425392631578,0.6582837906315789,HXK4,HXK4/RF AL
62,1.4156434611578947,0.7629384669036842,19,1.1914425392631578,0.6582837906315789,HXK4,HXK4/RF AL
63,2.4816795126315787,0.4902849043094737,19,1.1914425392631578,0.6582837906315789,HXK4,HXK4/RF AL
64,1.9878335347777778,0.5432734254105556,18,1.1914425392631578,0.6582837906315789,HXK4,HXK4/RF AL
65,1.3135124852105264,0.775719200811579,19,1.1914425392631578,0.6582837906315789,HXK4,HXK4/RF AL
66,1.578826550526316,0.8728809588352632,19,1.1914425392631578,0.6582837906315789,HXK4,HXK4/RF AL
67,1.4806634094444444,0.6259885825025,18,1.1914425392631578,0.6582837906315789,HXK4,HXK4/RF AL
68,1.3158513356315789,0.43733236336473685,19,1.1914425392631578,0.6582837906315789,HXK4,HXK4/RF AL
69,1.098210234111111,0.7374960110344444,18,1.1914425392631578,0.6582837906315789,HXK4,HXK4/RF AL
70,2.235672480111111,0.7664934975361111,18,1.1914425392631578,0.6582837906315789,HXK4,HXK4/RF AL
71,0.1424893356111111,0.5539996617655556,18,1.1914425392631578,0.6582837906315789,HXK4,HXK4/RF AL
72,1.4008565814736842,0.6612903815178948,19,1.1914425392631578,0.6582837906315789,HXK4,HXK4/RF AL
73,0.5416194019473684,0.6404687342926316,19,1.1914425392631578,0.6582837906315789,HXK4,HXK4/RF AL
74,0.5710855824736842,0.5951717910210527,19,1.1914425392631578,0.6582837906315789,HXK4,HXK4/RF AL
75,0.19129805510526315,0.6508235383197368,19,1.1914425392631578,0.6582837906315789,HXK4,HXK4/RF AL
76,-0.00753754489473684,0.5052855044831579,19,1.1914425392631578,0.6582837906315789,HXK4,HXK4/RF AL
77,0.09178409289473684,0.5823487065584211,19,1.1914425392631578,0.6582837906315789,HXK4,HXK4/RF AL
78,0.251922663,0.6387158445784211,19,1.1914425392631578,0.6582837906315789,HXK4,HXK4/RF AL
79,0.08646567211764704,0.5097974942364706,17,1.1914425392631578,0.6582837906315789,HXK4,HXK4/RF AL
80,0.07553545115789476,0.46650125848263163,19,1.1914425392631578,0.6582837906315789,HXK4,HXK4/RF AL
81,-0.0009071253888888965,0.568216658906389,18,1.1914425392631578,0.6582837906315789,HXK4,HXK4/RF AL
82,0.18340549842105264,0.629318860798421,19,1.1914425392631578,0.6582837906315789,HXK4,HXK4/RF AL
83,0.10225514063157895,0.649530019913158,19,1.1914425392631578,0.6582837906315789,HXK4,HXK4/RF AL
84,-0.02664230511111111,0.5107934664516667,18,1.1914425392631578,0.6582837906315789,HXK4,HXK4/RF AL
85,0.05362813347368422,0.773172873828421,19,1.1914425392631578,0.6582837906315789,HXK4,HXK4/RF AL
86,0.6218773109444444,0.6288655653345834,18,1.1914425392631578,0.6582837906315789,HXK4,HXK4/RF AL
87,0.6636239614210526,0.6767823458057896,19,1.1914425392631578,0.6582837906315789,HXK4,HXK4/RF AL
88,0.4741817904444445,0.5938402523811112,18,1.1914425392631578,0.6582837906315789,HXK4,HXK4/RF AL
89,1.4360461298421052,0.5203794833842105,19,1.1914425392631578,0.6582837906315789,HXK4,HXK4/RF AL
90,0.6942327346842105,0.5368061840784211,19,1.1914425392631578,0.6582837906315789,HXK4,HXK4/RF AL
91,0.6169365014736842,0.5934832978305264,19,1.1914425392631578,0.6582837906315789,HXK4,HXK4/RF AL
92,0.7702882596842106,0.6450762659573684,19,1.1914425392631578,0.6582837906315789,HXK4,HXK4/RF AL
93,0.971267642631579,0.7780894914221053,19,1.1914425392631578,0.6582837906315789,HXK4,HXK4/RF AL
94,0.8350139863684211,0.49949909688263155,19,1.1914425392631578,0.6582837906315789,HXK4,HXK4/RF AL
95,0.9863221588421053,0.5219120588994738,19,1.1914425392631578,0.6582837906315789,HXK4,HXK4/RF AL
96,1.1085971445263159,0.5645438416294737,19,1.1914425392631578,0.6582837906315789,HXK4,HXK4/RF AL
97,0.8164545346842105,0.5543425036968421,19,1.1914425392631578,0.6582837906315789,HXK4,HXK4/RF AL
98,2.015519092736842,0.47199007841789475,19,1.1914425392631578,0.6582837906315789,HXK4,HXK4/RF AL
99,0.7609360332631578,0.4900557515105263,19,1.1914425392631578,0.6582837906315789,HXK4,HXK4/RF AL
100,0.8887061173684211,0.4515804318084211,19,1.1914425392631578,0.6582837906315789,HXK4,HXK4/RF AL
101,0.642731247882353,0.7476591883694118,17,1.1914425392631578,0.6582837906315789,HXK4,HXK4/RF AL
102,0.5120785346842105,0.6289620614621053,19,1.1914425392631578,0.6582837906315789,HXK4,HXK4/RF AL
103,0.932934836,0.6709384133252632,19,1.1914425392631578,0.6582837906315789,HXK4,HXK4/RF AL
104,0.5957732316842105,0.6341887663910527,19,1.1914425392631578,0.6582837906315789,HXK4,HXK4/RF AL
105,0.6582837906315789,0.5078764399010527,19,1.1914425392631578,0.6582837906315789,HXK4,HXK4/RF AL
106,0.5371700289473683,0.5068372504521053,19,1.1914425392631578,0.6582837906315789,HXK4,HXK4/RF AL
107,-0.06032993563157894,0.6047775737997368,19,1.1914425392631578,0.6582837906315789,HXK4,HXK4/RF AL
108,0.5116802900526316,0.5677329186726316,19,1.1914425392631578,0.6582837906315789,HXK4,HXK4/RF AL
109,0.18027997421052633,0.44280217436578945,19,1.1914425392631578,0.6582837906315789,HXK4,HXK4/RF AL
110,0.6087548658421053,0.5370014351415789,19,1.1914425392631578,0.6582837906315789,HXK4,HXK4/RF AL
111,0.949948687736842,0.6269715246221054,19,1.1914425392631578,0.6582837906315789,HXK4,HXK4/RF AL
112,1.002963265631579,0.5721744583568421,19,1.1914425392631578,0.6582837906315789,HXK4,HXK4/RF AL
113,0.915244074368421,0.6425877276221053,19,1.1914425392631578,0.6582837906315789,HXK4,HXK4/RF AL
114,0.4540144785555555,0.47862316091,18,1.1914425392631578,0.6582837906315789,HXK4,HXK4/RF AL
115,0.44304497721052627,0.49932407996368416,19,1.1914425392631578,0.6582837906315789,HXK4,HXK4/RF AL
116,0.3748650374736842,0.4348618160226316,19,1.1914425392631578,0.6582837906315789,HXK4,HXK4/RF AL
117,0.06401451078947369,0.6650687937373685,19,1.1914425392631578,0.6582837906315789,HXK4,HXK4/RF AL
118,0.0698573487368421,0.5950005758107895,19,1.1914425392631578,0.6582837906315789,HXK4,HXK4/RF AL
119,0.6427028484736842,0.5834638223773684,19,1.1914425392631578,0.6582837906315789,HXK4,HXK4/RF AL
120,0.5806723237368421,0.5417921207857894,19,1.1914425392631578,0.6582837906315789,HXK4,HXK4/RF AL
121,-0.047858600999999994,0.4972611184222222,18,1.1914425392631578,0.6582837906315789,HXK4,HXK4/RF AL
122,-0.15084825189473686,0.5640910495294736,19,1.1914425392631578,0.6582837906315789,HXK4,HXK4/RF AL
123,0.071683796875,0.493876386515,16,1.1914425392631578,0.6582837906315789,HXK4,HXK4/RF AL
124,0.16091587510526315,0.74485864328,19,1.1914425392631578,0.6582837906315789,HXK4,HXK4/RF AL
125,-0.0015292462631578889,0.5682245394326316,19,1.1914425392631578,0.6582837906315789,HXK4,HXK4/RF AL
126,0.33434151505882354,0.7295464058052942,17,1.1914425392631578,0.6582837906315789,HXK4,HXK4/RF AL
127,0.8320363082105263,0.621760583426842,19,1.1914425392631578,0.6582837906315789,HXK4,HXK4/RF AL
128,0.11931775605882354,0.5554721670629412,17,1.1914425392631578,0.6582837906315789,HXK4,HXK4/RF AL
129,-0.06028536594117646,0.5799912087470589,17,1.1914425392631578,0.6582837906315789,HXK4,HXK4/RF AL
130,0.3195201079473684,0.68570786342,19,1.1914425392631578,0.6582837906315789,HXK4,HXK4/RF AL
131,0.40230374868421054,0.47054332759526324,19,1.1914425392631578,0.6582837906315789,HXK4,HXK4/RF AL
132,-0.026936332631578973,0.5746084692198684,19,1.1914425392631578,0.6582837906315789,HXK4,HXK4/RF AL
133,0.026414964705882355,0.4465045369888236,17,1.1914425392631578,0.6582837906315789,HXK4,HXK4/RF AL
134,0.5914079852222223,0.5014992224311111,18,1.1914425392631578,0.6582837906315789,HXK4,HXK4/RF AL
135,0.6649619858421053,0.48606610670657896,19,1.1914425392631578,0.6582837906315789,HXK4,HXK4/RF AL
136,0.949299960894737,0.56021090237,19,1.1914425392631578,0.6582837906315789,HXK4,HXK4/RF AL
137,0.7297272705263158,0.48434370608368427,19,1.1914425392631578,0.6582837906315789,HXK4,HXK4/RF AL
138,0.5065064806111111,0.6433551188738889,18,1.1914425392631578,0.6582837906315789,HXK4,HXK4/RF AL
139,0.2491348179473684,0.6688940870868421,19,1.1914425392631578,0.6582837906315789,HXK4,HXK4/RF AL
140,0.41873034636842105,0.6554310626963158,19,1.1914425392631578,0.6582837906315789,HXK4,HXK4/RF AL
141,0.4343780873888889,0.6118219714666666,18,1.1914425392631578,0.6582837906315789,HXK4,HXK4/RF AL
142,0.3330298217894737,0.505648445046842,19,1.1914425392631578,0.6582837906315789,HXK4,HXK4/RF AL
143,0.4074496842105263,0.61706014813,19,1.1914425392631578,0.6582837906315789,HXK4,HXK4/RF AL
144,1.6041272134444444,0.4512505280233333,18,1.1914425392631578,0.6582837906315789,HXK4,HXK4/RF AL
145,-0.05150674783333333,0.5291399212415278,18,1.1914425392631578,0.6582837906315789,HXK4,HXK4/RF AL
146,0.05469322677777778,0.4756529432622222,18,1.1914425392631578,0.6582837906315789,HXK4,HXK4/RF AL
147,0.0396450088888889,0.5592107498472223,18,1.1914425392631578,0.6582837906315789,HXK4,HXK4/RF AL
148,0.32166910168421053,0.5714704625357895,19,1.1914425392631578,0.6582837906315789,HXK4,HXK4/RF AL
149,0.09265750031578947,0.6530209346442105,19,1.1914425392631578,0.6582837906315789,HXK4,HXK4/RF AL
150,-0.0245961622105263,0.6037551348726315,19,1.1914425392631578,0.6582837906315789,HXK4,HXK4/RF AL
151,-0.0936056012105263,0.555456270161579,19,1.1914425392631578,0.6582837906315789,HXK4,HXK4/RF AL
152,-0.04277675999999999,0.4219313681531579,19,1.1914425392631578,0.6582837906315789,HXK4,HXK4/RF AL
153,-0.007176388277777785,0.6435059319291666,18,1.1914425392631578,0.6582837906315789,HXK4,HXK4/RF AL
154,0.10517422578947368,0.5814306607457894,19,1.1914425392631578,0.6582837906315789,HXK4,HXK4/RF AL
155,0.1025309855789474,0.7145629253682895,19,1.1914425392631578,0.6582837906315789,HXK4,HXK4/RF AL
156,0.4409266592631578,0.5794714510515789,19,1.1914425392631578,0.6582837906315789,HXK4,HXK4/RF AL
157,0.23785721736842108,0.6294312839236842,19,1.1914425392631578,0.6582837906315789,HXK4,HXK4/RF AL
158,-0.08358115726315789,0.7475114079953947,19,1.1914425392631578,0.6582837906315789,HXK4,HXK4/RF AL
159,-0.036492199941176466,0.4805475610717648,17,1.1914425392631578,0.6582837906315789,HXK4,HXK4/RF AL
160,0.7662063466923078,0.5220610233569231,13,1.1914425392631578,0.6582837906315789,HXK4,HXK4/RF AL
161,-0.05403939717647058,0.5143699113947059,17,1.1914425392631578,0.6582837906315789,HXK4,HXK4/RF AL
162,-0.040996965947368416,0.5468974887326317,19,1.1914425392631578,0.6582837906315789,HXK4,HXK4/RF AL
163,-0.085080043,0.47389450219958335,18,1.1914425392631578,0.6582837906315789,HXK4,HXK4/RF AL
164,0.07814196557894737,0.6690910536547369,19,1.1914425392631578,0.6582837906315789,HXK4,HXK4/RF AL
165,0.616239175263158,0.5597395410984211,19,1.1914425392631578,0.6582837906315789,HXK4,HXK4/RF AL
166,-0.00018004394736842455,0.4455853268615789,19,1.1914425392631578,0.6582837906315789,HXK4,HXK4/RF AL
167,-0.06755346984210525,0.5625509990552632,19,1.1914425392631578,0.6582837906315789,HXK4,HXK4/RF AL
168,0.0035936974210526358,0.5906198035457895,19,1.1914425392631578,0.6582837906315789,HXK4,HXK4/RF AL
169,-0.014616518684210527,0.42356428062999996,19,1.1914425392631578,0.6582837906315789,HXK4,HXK4/RF AL
170,-0.048179094947368405,0.39037040100328946,19,1.1914425392631578,0.6582837906315789,HXK4,HXK4/RF AL
171,0.2823144343157895,0.5834086813152632,19,1.1914425392631578,0.6582837906315789,HXK4,HXK4/RF AL
172,0.010011447421052644,0.7003063152147369,19,1.1914425392631578,0.6582837906315789,HXK4,HXK4/RF AL
173,0.14919225678947368,0.6963846355673684,19,1.1914425392631578,0.6582837906315789,HXK4,HXK4/RF AL
174,-0.06188172215789474,0.6658545901415789,19,1.1914425392631578,0.6582837906315789,HXK4,HXK4/RF AL
175,0.09581104331578949,0.40329401136000004,19,1.1914425392631578,0.6582837906315789,HXK4,HXK4/RF AL
176,0.3442046182631579,0.7162438843689474,19,1.1914425392631578,0.6582837906315789,HXK4,HXK4/RF AL
177,0.044555853777777786,0.5680359178294444,18,1.1914425392631578,0.6582837906315789,HXK4,HXK4/RF AL
178,1.013782199,0.5198828523838889,18,1.1914425392631578,0.6582837906315789,HXK4,HXK4/RF AL
179,0.02724556517647061,0.5769283750805883,17,1.1914425392631578,0.6582837906315789,HXK4,HXK4/RF AL
180,-0.13688326068421053,0.4300813532305263,19,1.1914425392631578,0.6582837906315789,HXK4,HXK4/RF AL
181,0.1712467748235294,0.521259405427647,17,1.1914425392631578,0.6582837906315789,HXK4,HXK4/RF AL
182,0.4776624956315789,0.6626061603389474,19,1.1914425392631578,0.6582837906315789,HXK4,HXK4/RF AL
183,0.03017788578947368,0.47046939224631573,19,1.1914425392631578,0.6582837906315789,HXK4,HXK4/RF AL
184,0.05000547888888889,0.45516856612222223,18,1.1914425392631578,0.6582837906315789,HXK4,HXK4/RF AL
185,0.13636187147368423,0.7050125733831579,19,1.1914425392631578,0.6582837906315789,HXK4,HXK4/RF AL
186,0.31782618936842105,0.6432343376263158,19,1.1914425392631578,0.6582837906315789,HXK4,HXK4/RF AL
187,-0.028425380611111092,0.5232066884022222,18,1.1914425392631578,0.6582837906315789,HXK4,HXK4/RF AL
188,0.05048712511111111,0.6073229296888889,18,1.1914425392631578,0.6582837906315789,HXK4,HXK4/RF AL
189,0.9337620296111111,0.7901294778640278,18,1.1914425392631578,0.6582837906315789,HXK4,HXK4/RF AL
190,-0.012107422631578955,0.6613635239357895,19,1.1914425392631578,0.6582837906315789,HXK4,HXK4/RF AL
191,0.3093471139473684,0.4552402262878948,19,1.1914425392631578,0.6582837906315789,HXK4,HXK4/RF AL
192,0.432063881,0.5770621469516667,18,1.1914425392631578,0.6582837906315789,HXK4,HXK4/RF AL
193,0.6663926433157895,0.63209144049,19,1.1914425392631578,0.6582837906315789,HXK4,HXK4/RF AL
194,0.20871464310526316,0.40859631219947373,19,1.1914425392631578,0.6582837906315789,HXK4,HXK4/RF AL
195,0.6819152512631579,0.502536350838421,19,1.1914425392631578,0.6582837906315789,HXK4,HXK4/RF AL
196,0.48036611723529415,0.6886834457158822,17,1.1914425392631578,0.6582837906315789,HXK4,HXK4/RF AL
197,1.0195178158421054,0.6291439179231579,19,1.1914425392631578,0.6582837906315789,HXK4,HXK4/RF AL
198,-0.164820324,0.497323249117647,17,1.1914425392631578,0.6582837906315789,HXK4,HXK4/RF AL
199,0.15571165405555554,0.42330440691000004,18,1.1914425392631578,0.6582837906315789,HXK4,HXK4/RF AL
200,0.05090335121428571,0.6337460697342857,14,1.1914425392631578,0.6582837906315789,HXK4,HXK4/RF AL
201,-0.05318035621052631,0.61132916004,19,1.1914425392631578,0.6582837906315789,HXK4,HXK4/RF AL
202,-0.12244650477777778,0.4905473410694445,18,1.1914425392631578,0.6582837906315789,HXK4,HXK4/RF AL
203,0.16391189844444445,0.5325674297209723,18,1.1914425392631578,0.6582837906315789,HXK4,HXK4/RF AL
204,-0.14590422261111113,0.7108329123288889,18,1.1914425392631578,0.6582837906315789,HXK4,HXK4/RF AL
205,-0.03827558636842104,0.6198302854213158,19,1.1914425392631578,0.6582837906315789,HXK4,HXK4/RF AL
206,0.03660358758823527,0.5316845220711766,17,1.1914425392631578,0.6582837906315789,HXK4,HXK4/RF AL
207,0.2982250988888889,0.5499877798466667,18,1.1914425392631578,0.6582837906315789,HXK4,HXK4/RF AL
208,0.3684362115263158,0.5481967099036842,19,1.1914425392631578,0.6582837906315789,HXK4,HXK4/RF AL
209,0.20890132299999997,0.5770338412338889,18,1.1914425392631578,0.6582837906315789,HXK4,HXK4/RF AL
210,1.7358756569333333,0.5899311209046666,15,1.1914425392631578,0.6582837906315789,HXK4,HXK4/RF AL
211,0.3463697212631579,0.720516957971579,19,1.1914425392631578,0.6582837906315789,HXK4,HXK4/RF AL
212,1.0313696670555557,0.6988301906888889,18,1.1914425392631578,0.6582837906315789,HXK4,HXK4/RF AL
213,3.657124268176471,0.8729424076479413,17,1.1914425392631578,0.6582837906315789,HXK4,HXK4/RF AL
214,1.7738416533333334,0.6354375893333334,18,1.1914425392631578,0.6582837906315789,HXK4,HXK4/RF AL
215,1.4564568518823529,0.8495335567594118,17,1.1914425392631578,0.6582837906315789,HXK4,HXK4/RF AL
216,1.4297081455789473,0.4119283952489474,19,1.1914425392631578,0.6582837906315789,HXK4,HXK4/RF AL
217,1.5828141541578948,0.5162941596989473,19,1.1914425392631578,0.6582837906315789,HXK4,HXK4/RF AL
218,1.6126175202631579,0.7569751748347369,19,1.1914425392631578,0.6582837906315789,HXK4,HXK4/RF AL
219,0.468599758,0.6461437129522223,18,1.1914425392631578,0.6582837906315789,HXK4,HXK4/RF AL
220,1.2611268149444443,0.5945535128294445,18,1.1914425392631578,0.6582837906315789,HXK4,HXK4/RF AL
221,0.20476586311111114,0.5207496202222223,18,1.1914425392631578,0.6582837906315789,HXK4,HXK4/RF AL
222,0.010550852368421047,0.5898364726042105,19,1.1914425392631578,0.6582837906315789,HXK4,HXK4/RF AL
223,1.6263240776666665,0.6494671567766667,3,1.1914425392631578,0.6582837906315789,HXK4,HXK4/RF AL
224,-0.047470439157894735,0.5614890299301315,19,1.1914425392631578,0.6582837906315789,HXK4,HXK4/RF AL
225,0.152966583,0.5975008592622222,18,1.1914425392631578,0.6582837906315789,HXK4,HXK4/RF AL
226,0.04248841952631579,0.7521958044868422,19,1.1914425392631578,0.6582837906315789,HXK4,HXK4/RF AL
227,-0.08861944205555555,0.5316775825333333,18,1.1914425392631578,0.6582837906315789,HXK4,HXK4/RF AL
228,-0.11251404999999998,0.5675343968211111,18,1.1914425392631578,0.6582837906315789,HXK4,HXK4/RF AL
229,0.4761082145294117,0.5311925393710295,17,1.1914425392631578,0.6582837906315789,HXK4,HXK4/RF AL
230,0.01758378321052632,0.7567218042315789,19,1.1914425392631578,0.6582837906315789,HXK4,HXK4/RF AL
231,0.2990688834736842,0.493956803701579,19,1.1914425392631578,0.6582837906315789,HXK4,HXK4/RF AL
232,0.23562125815789478,0.628297656271579,19,1.1914425392631578,0.6582837906315789,HXK4,HXK4/RF AL
233,0.241046222,0.6625265455889474,19,1.1914425392631578,0.6582837906315789,HXK4,HXK4/RF AL
234,0.9097310912,0.5298171227826667,15,1.1914425392631578,0.6582837906315789,HXK4,HXK4/RF AL
235,0.012168379529411773,0.47744026752705887,17,1.1914425392631578,0.6582837906315789,HXK4,HXK4/RF AL
236,0.5170698349444445,0.4624735258466667,18,1.1914425392631578,0.6582837906315789,HXK4,HXK4/RF AL
237,0.9088901075555555,0.4696600612655556,18,1.1914425392631578,0.6582837906315789,HXK4,HXK4/RF AL
238,1.3376423309473686,0.6544684453063158,19,1.1914425392631578,0.6582837906315789,HXK4,HXK4/RF AL
239,1.0804230423684211,0.5593106249342106,19,1.1914425392631578,0.6582837906315789,HXK4,HXK4/RF AL
240,0.42094397605263156,0.6970151462840789,19,1.1914425392631578,0.6582837906315789,HXK4,HXK4/RF AL
241,0.4703220208947368,0.5645681218865789,19,1.1914425392631578,0.6582837906315789,HXK4,HXK4/RF AL
242,0.5904237906470589,0.47130402826529416,17,1.1914425392631578,0.6582837906315789,HXK4,HXK4/RF AL
243,0.37939802315384613,0.8579774538823077,13,1.1914425392631578,0.6582837906315789,HXK4,HXK4/RF AL
244,1.0768019052105262,0.4420243551847369,19,1.1914425392631578,0.6582837906315789,HXK4,HXK4/RF AL
245,0.3733884298947368,0.6966989561452631,19,1.1914425392631578,0.6582837906315789,HXK4,HXK4/RF AL
246,0.8118611643684212,0.8131323655726316,19,1.1914425392631578,0.6582837906315789,HXK4,HXK4/RF AL
247,0.9772106931666666,0.6281859171022223,18,1.1914425392631578,0.6582837906315789,HXK4,HXK4/RF AL
248,0.748009022631579,0.676089658471579,19,1.1914425392631578,0.6582837906315789,HXK4,HXK4/RF AL
249,1.6165880691111112,0.6362772949061112,18,1.1914425392631578,0.6582837906315789,HXK4,HXK4/RF AL
250,0.8767430235333333,0.47417314595599996,15,1.1914425392631578,0.6582837906315789,HXK4,HXK4/RF AL
251,0.9286501406842106,0.3802144054452632,19,1.1914425392631578,0.6582837906315789,HXK4,HXK4/RF AL
252,0.1737332585,0.6199148540345834,18,1.1914425392631578,0.6582837906315789,HXK4,HXK4/RF AL
253,-0.0006567933529411749,0.4573591457182353,17,1.1914425392631578,0.6582837906315789,HXK4,HXK4/RF AL
254,0.03648401689473685,0.4163850953557895,19,1.1914425392631578,0.6582837906315789,HXK4,HXK4/RF AL
255,-0.017907319722222217,0.6073955904599999,18,1.1914425392631578,0.6582837906315789,HXK4,HXK4/RF AL
256,0.31285333368421053,0.589916299611579,19,1.1914425392631578,0.6582837906315789,HXK4,HXK4/RF AL
257,0.46900232746153847,0.39469579829923074,13,1.1914425392631578,0.6582837906315789,HXK4,HXK4/RF AL
258,0.2992015643157895,0.4663029581657894,19,1.1914425392631578,0.6582837906315789,HXK4,HXK4/RF AL
259,0.16908970273684212,0.5212124585318421,19,1.1914425392631578,0.6582837906315789,HXK4,HXK4/RF AL
260,0.0786852143888889,0.4905655989044445,18,1.1914425392631578,0.6582837906315789,HXK4,HXK4/RF AL
261,0.9267222391052632,0.5594003511721052,19,1.1914425392631578,0.6582837906315789,HXK4,HXK4/RF AL
262,1.0583961618421052,0.5664533136221053,19,1.1914425392631578,0.6582837906315789,HXK4,HXK4/RF AL
263,0.8309367757894737,0.7696071846378947,19,1.1914425392631578,0.6582837906315789,HXK4,HXK4/RF AL
264,0.4738546593684211,0.4363587113047368,19,1.1914425392631578,0.6582837906315789,HXK4,HXK4/RF AL
265,0.8291323041249999,0.636826007405625,16,1.1914425392631578,0.6582837906315789,HXK4,HXK4/RF AL
266,1.1215899923333332,0.5765182632194444,18,1.1914425392631578,0.6582837906315789,HXK4,HXK4/RF AL
267,1.023424573,0.4412154898157895,19,1.1914425392631578,0.6582837906315789,HXK4,HXK4/RF AL
268,0.733312265631579,0.7930309478018421,19,1.1914425392631578,0.6582837906315789,HXK4,HXK4/RF AL
269,0.9148786491052632,0.6627475885589474,19,1.1914425392631578,0.6582837906315789,HXK4,HXK4/RF AL
270,0.7889013537894737,0.637450416468421,19,1.1914425392631578,0.6582837906315789,HXK4,HXK4/RF AL
271,0.8134341382105262,0.5834941719126316,19,1.1914425392631578,0.6582837906315789,HXK4,HXK4/RF AL
272,1.091545890368421,0.6939739346852631,19,1.1914425392631578,0.6582837906315789,HXK4,HXK4/RF AL
273,0.022222794888888897,0.8620158713383334,18,1.1914425392631578,0.6582837906315789,HXK4,HXK4/RF AL
274,1.2253022037368422,0.5581077952557895,19,1.1914425392631578,0.6582837906315789,HXK4,HXK4/RF AL
275,1.0837200373157896,0.7268648800305263,19,1.1914425392631578,0.6582837906315789,HXK4,HXK4/RF AL
276,0.407673074,0.61479610674,18,1.1914425392631578,0.6582837906315789,HXK4,HXK4/RF AL
277,0.5973324629473684,0.6461023755105263,19,1.1914425392631578,0.6582837906315789,HXK4,HXK4/RF AL
278,1.6372193885789474,0.6382547621030263,19,1.1914425392631578,0.6582837906315789,HXK4,HXK4/RF AL
279,0.9120493317368421,0.7296740440473685,19,1.1914425392631578,0.6582837906315789,HXK4,HXK4/RF AL
280,0.6442792222631579,0.6205257531278947,19,1.1914425392631578,0.6582837906315789,HXK4,HXK4/RF AL
281,1.7340986146315789,1.1221573822378947,19,1.1914425392631578,0.6582837906315789,HXK4,HXK4/RF AL
282,0.8008125322631579,0.5425284365084211,19,1.1914425392631578,0.6582837906315789,HXK4,HXK4/RF AL
283,1.132636491894737,0.7182286684289473,19,1.1914425392631578,0.6582837906315789,HXK4,HXK4/RF AL
284,0.8715029109473683,0.6560693564110526,19,1.1914425392631578,0.6582837906315789,HXK4,HXK4/RF AL
285,1.171546564368421,0.5614867051194737,19,1.1914425392631578,0.6582837906315789,HXK4,HXK4/RF AL
286,0.609965887,0.5912675586621052,19,1.1914425392631578,0.6582837906315789,HXK4,HXK4/RF AL
287,1.2901379190526316,0.5941903286421052,19,1.1914425392631578,0.6582837906315789,HXK4,HXK4/RF AL
288,0.40940569063157894,0.7885710178406579,19,1.1914425392631578,0.6582837906315789,HXK4,HXK4/RF AL
289,-0.06251875561111109,0.46578027415499995,18,1.1914425392631578,0.6582837906315789,HXK4,HXK4/RF AL
290,0.1440953645263158,0.7207247869952632,19,1.1914425392631578,0.6582837906315789,HXK4,HXK4/RF AL
291,0.9150599390526316,0.49110173760210535,19,1.1914425392631578,0.6582837906315789,HXK4,HXK4/RF AL
292,0.1620573144736842,0.5891536294773685,19,1.1914425392631578,0.6582837906315789,HXK4,HXK4/RF AL
293,0.08418151647368421,0.6613619754457896,19,1.1914425392631578,0.6582837906315789,HXK4,HXK4/RF AL
294,-0.03901823463157896,0.56382078126,19,1.1914425392631578,0.6582837906315789,HXK4,HXK4/RF AL
295,1.0174971387894736,0.6368841783552631,19,1.1914425392631578,0.6582837906315789,HXK4,HXK4/RF AL
296,0.44680535963157897,0.72209275495,19,1.1914425392631578,0.6582837906315789,HXK4,HXK4/RF AL
297,0.7415719002105263,0.7939074126531579,19,1.1914425392631578,0.6582837906315789,HXK4,HXK4/RF AL
298,0.20931101342105266,0.5273384612173684,19,1.1914425392631578,0.6582837906315789,HXK4,HXK4/RF AL
299,0.41336455905263153,0.564777705275263,19,1.1914425392631578,0.6582837906315789,HXK4,HXK4/RF AL
300,0.919213287631579,0.5619018159468421,19,1.1914425392631578,0.6582837906315789,HXK4,HXK4/RF AL
301,0.8254582843888889,0.4714862345159722,18,1.1914425392631578,0.6582837906315789,HXK4,HXK4/RF AL
302,0.15295238063157895,0.4781662628021053,19,1.1914425392631578,0.6582837906315789,HXK4,HXK4/RF AL
303,0.7196581263157895,0.7549599248152632,19,1.1914425392631578,0.6582837906315789,HXK4,HXK4/RF AL
304,1.2496236633157896,0.8087008383273684,19,1.1914425392631578,0.6582837906315789,HXK4,HXK4/RF AL
305,0.3688311963157895,0.6121452998036843,19,1.1914425392631578,0.6582837906315789,HXK4,HXK4/RF AL
306,1.0183823158947367,0.7310667958926317,19,1.1914425392631578,0.6582837906315789,HXK4,HXK4/RF AL
307,0.9191459397894736,0.83838850456,19,1.1914425392631578,0.6582837906315789,HXK4,HXK4/RF AL
308,0.6869284574210526,0.712613730738421,19,1.1914425392631578,0.6582837906315789,HXK4,HXK4/RF AL
309,0.9122570630526315,0.7642375174657895,19,1.1914425392631578,0.6582837906315789,HXK4,HXK4/RF AL
310,1.0736799001052633,0.8890597331642106,19,1.1914425392631578,0.6582837906315789,HXK4,HXK4/RF AL
311,1.3481103545789475,0.6355416608078948,19,1.1914425392631578,0.6582837906315789,HXK4,HXK4/RF AL
312,1.0021253320555554,0.5909408065077778,18,1.1914425392631578,0.6582837906315789,HXK4,HXK4/RF AL
313,1.088335877368421,0.8151459843610527,19,1.1914425392631578,0.6582837906315789,HXK4,HXK4/RF AL
314,0.5756472223157896,0.6980230569989474,19,1.1914425392631578,0.6582837906315789,HXK4,HXK4/RF AL
315,1.1097007159999999,0.8934694920644737,19,1.1914425392631578,0.6582837906315789,HXK4,HXK4/RF AL
316,1.332413820888889,0.7371119748099999,18,1.1914425392631578,0.6582837906315789,HXK4,HXK4/RF AL
317,1.2848910654210528,0.8805446831842105,19,1.1914425392631578,0.6582837906315789,HXK4,HXK4/RF AL
318,1.4866765269473685,0.7859044546135526,19,1.1914425392631578,0.6582837906315789,HXK4,HXK4/RF AL
319,1.5451968622105263,0.7720202101805264,19,1.1914425392631578,0.6582837906315789,HXK4,HXK4/RF AL
320,1.201923098,0.9780802502905263,19,1.1914425392631578,0.6582837906315789,HXK4,HXK4/RF AL
321,1.284194510736842,0.771700177158421,19,1.1914425392631578,0.6582837906315789,HXK4,HXK4/RF AL
322,1.089309380894737,0.7838924734963157,19,1.1914425392631578,0.6582837906315789,HXK4,HXK4/RF AL
323,0.5423563088947368,0.7748024740821053,19,1.1914425392631578,0.6582837906315789,HXK4,HXK4/RF AL
324,1.102370409894737,0.8898165335022369,19,1.1914425392631578,0.6582837906315789,HXK4,HXK4/RF AL
325,1.2210182229473685,0.672025755541579,19,1.1914425392631578,0.6582837906315789,HXK4,HXK4/RF AL
326,1.5095465926842104,0.6735833626600001,19,1.1914425392631578,0.6582837906315789,HXK4,HXK4/RF AL
327,1.2453136232105262,0.5301819822199999,19,1.1914425392631578,0.6582837906315789,HXK4,HXK4/RF AL
328,1.5137778713157894,0.74711566403,19,1.1914425392631578,0.6582837906315789,HXK4,HXK4/RF AL
329,0.6403297767368421,0.673086581838421,19,1.1914425392631578,0.6582837906315789,HXK4,HXK4/RF AL
330,0.7528291985263158,0.6768805020294737,19,1.1914425392631578,0.6582837906315789,HXK4,HXK4/RF AL
331,0.3178139488421053,0.49653139765473686,19,1.1914425392631578,0.6582837906315789,HXK4,HXK4/RF AL
332,1.2185848016842105,0.5518400138080263,19,1.1914425392631578,0.6582837906315789,HXK4,HXK4/RF AL
333,1.1919354295789473,1.077331767678421,19,1.1914425392631578,0.6582837906315789,HXK4,HXK4/RF AL
334,0.7428633227894736,0.7059744821989474,19,1.1914425392631578,0.6582837906315789,HXK4,HXK4/RF AL
335,0.5141749141052632,0.8384657680731579,19,1.1914425392631578,0.6582837906315789,HXK4,HXK4/RF AL
336,1.110173801631579,0.7587268017442106,19,1.1914425392631578,0.6582837906315789,HXK4,HXK4/RF AL
337,0.59707511,0.6476205216972368,19,1.1914425392631578,0.6582837906315789,HXK4,HXK4/RF AL
338,0.454148618,0.5811166971247368,19,1.1914425392631578,0.6582837906315789,HXK4,HXK4/RF AL
339,0.8931120743684211,0.6627230908809211,19,1.1914425392631578,0.6582837906315789,HXK4,HXK4/RF AL
340,0.8908344311578947,0.66295234893,19,1.1914425392631578,0.6582837906315789,HXK4,HXK4/RF AL
341,0.8373548654210526,0.6132744032510526,19,1.1914425392631578,0.6582837906315789,HXK4,HXK4/RF AL
342,0.7328735177894736,0.5937971367221052,19,1.1914425392631578,0.6582837906315789,HXK4,HXK4/RF AL
343,0.7109614923157895,0.7442718482493421,19,1.1914425392631578,0.6582837906315789,HXK4,HXK4/RF AL
344,1.0672028443684212,0.7705199209347369,19,1.1914425392631578,0.6582837906315789,HXK4,HXK4/RF AL
345,1.193282599388889,0.7579502748066667,18,1.1914425392631578,0.6582837906315789,HXK4,HXK4/RF AL
346,1.1621882511578947,0.6757938462843421,19,1.1914425392631578,0.6582837906315789,HXK4,HXK4/RF AL
347,0.755024934,0.6510240295452632,19,1.1914425392631578,0.6582837906315789,HXK4,HXK4/RF AL
348,0.8381197218947368,0.6473158471263157,19,1.1914425392631578,0.6582837906315789,HXK4,HXK4/RF AL
349,0.9037189736666666,0.7946566531545833,18,1.1914425392631578,0.6582837906315789,HXK4,HXK4/RF AL
350,0.8624424892105264,0.8069523636721053,19,1.1914425392631578,0.6582837906315789,HXK4,HXK4/RF AL
351,0.4626846603684211,0.6979776759357895,19,1.1914425392631578,0.6582837906315789,HXK4,HXK4/RF AL
352,0.8490146573333334,0.7316820024316667,18,1.1914425392631578,0.6582837906315789,HXK4,HXK4/RF AL
353,1.0558495801578949,0.6366028095063158,19,1.1914425392631578,0.6582837906315789,HXK4,HXK4/RF AL
354,0.6488279652105263,0.6956776032836842,19,1.1914425392631578,0.6582837906315789,HXK4,HXK4/RF AL
355,0.6964222076315789,0.7343985916021053,19,1.1914425392631578,0.6582837906315789,HXK4,HXK4/RF AL
356,0.5970074917368421,0.7451233346202631,19,1.1914425392631578,0.6582837906315789,HXK4,HXK4/RF AL
357,0.761441740631579,0.676692788803158,19,1.1914425392631578,0.6582837906315789,HXK4,HXK4/RF AL
358,0.8446941485882352,0.6596470402641177,17,1.1914425392631578,0.6582837906315789,HXK4,HXK4/RF AL
359,1.090036035,1.114352259355263,19,1.1914425392631578,0.6582837906315789,HXK4,HXK4/RF AL
360,0.9557376065263158,0.7473667886515789,19,1.1914425392631578,0.6582837906315789,HXK4,HXK4/RF AL
361,0.9782179899473684,0.7910658290331579,19,1.1914425392631578,0.6582837906315789,HXK4,HXK4/RF AL
362,0.5883237231052632,0.622165315373421,19,1.1914425392631578,0.6582837906315789,HXK4,HXK4/RF AL
363,0.7327105778947368,0.6474606080994737,19,1.1914425392631578,0.6582837906315789,HXK4,HXK4/RF AL
364,0.9802694443157894,1.0062277989084212,19,1.1914425392631578,0.6582837906315789,HXK4,HXK4/RF AL
365,0.9060328391052631,0.7667169317321052,19,1.1914425392631578,0.6582837906315789,HXK4,HXK4/RF AL
366,0.4206486777894737,0.6205165183247369,19,1.1914425392631578,0.6582837906315789,HXK4,HXK4/RF AL
367,0.8377502322631579,0.6860970336894737,19,1.1914425392631578,0.6582837906315789,HXK4,HXK4/RF AL
368,0.9444880642105263,0.6945604599484211,19,1.1914425392631578,0.6582837906315789,HXK4,HXK4/RF AL
369,0.3015834672631579,0.6407051962678947,19,1.1914425392631578,0.6582837906315789,HXK4,HXK4/RF AL
370,0.38387240368421055,0.7014404607078947,19,1.1914425392631578,0.6582837906315789,HXK4,HXK4/RF AL
371,0.8206551185555555,0.9158503032900001,18,1.1914425392631578,0.6582837906315789,HXK4,HXK4/RF AL
372,0.8820976606842106,0.7452436786178948,19,1.1914425392631578,0.6582837906315789,HXK4,HXK4/RF AL
373,0.37483440815789476,0.575003260273158,19,1.1914425392631578,0.6582837906315789,HXK4,HXK4/RF AL
374,0.29513494616666663,0.6631488157722223,18,1.1914425392631578,0.6582837906315789,HXK4,HXK4/RF AL
375,0.9396436202105264,0.744063696821579,19,1.1914425392631578,0.6582837906315789,HXK4,HXK4/RF AL
376,-0.03209387968421053,0.6080700492057896,19,1.1914425392631578,0.6582837906315789,HXK4,HXK4/RF AL
377,0.17549723436842105,0.5455941011031579,19,1.1914425392631578,0.6582837906315789,HXK4,HXK4/RF AL
378,0.20026751163157894,0.6336892919296053,19,1.1914425392631578,0.6582837906315789,HXK4,HXK4/RF AL
379,1.0138398703157894,0.5582125783842106,19,1.1914425392631578,0.6582837906315789,HXK4,HXK4/RF AL
380,0.47044391821052634,0.6438565417005264,19,1.1914425392631578,0.6582837906315789,HXK4,HXK4/RF AL
381,0.16564605442105262,0.44739957753210524,19,1.1914425392631578,0.6582837906315789,HXK4,HXK4/RF AL
382,0.22793994022222222,0.6954987028394445,18,1.1914425392631578,0.6582837906315789,HXK4,HXK4/RF AL
383,0.09702349805263161,0.4920052556085526,19,1.1914425392631578,0.6582837906315789,HXK4,HXK4/RF AL
384,-0.0693575767368421,0.5309503615163158,19,1.1914425392631578,0.6582837906315789,HXK4,HXK4/RF AL
385,0.534958980631579,0.7806432512447369,19,1.1914425392631578,0.6582837906315789,HXK4,HXK4/RF AL
386,0.09058440705263156,0.7324628344563158,19,1.1914425392631578,0.6582837906315789,HXK4,HXK4/RF AL
387,0.23042558084210527,0.6383571307726316,19,1.1914425392631578,0.6582837906315789,HXK4,HXK4/RF AL
388,0.48897553089473683,0.6180129025505263,19,1.1914425392631578,0.6582837906315789,HXK4,HXK4/RF AL
389,0.3305768528333333,0.620572065745,18,1.1914425392631578,0.6582837906315789,HXK4,HXK4/RF AL
390,0.8518796721578947,0.7303821521111843,19,1.1914425392631578,0.6582837906315789,HXK4,HXK4/RF AL
391,0.7793010844736843,0.7728414257499999,19,1.1914425392631578,0.6582837906315789,HXK4,HXK4/RF AL
392,0.6893041391666667,0.5182864209494444,18,1.1914425392631578,0.6582837906315789,HXK4,HXK4/RF AL
393,0.7882745688421052,0.8045636335789473,19,1.1914425392631578,0.6582837906315789,HXK4,HXK4/RF AL
394,0.9689744141578946,0.9586176801634212,19,1.1914425392631578,0.6582837906315789,HXK4,HXK4/RF AL
395,0.9912230010526317,0.6569912890484211,19,1.1914425392631578,0.6582837906315789,HXK4,HXK4/RF AL
396,0.692547176,0.7084815327788889,18,1.1914425392631578,0.6582837906315789,HXK4,HXK4/RF AL
397,0.9739130981052632,0.7422387093447369,19,1.1914425392631578,0.6582837906315789,HXK4,HXK4/RF AL
398,0.9528392952105263,0.8783082473168421,19,1.1914425392631578,0.6582837906315789,HXK4,HXK4/RF AL
399,1.1240909695555557,0.49679488823722223,18,1.1914425392631578,0.6582837906315789,HXK4,HXK4/RF AL
400,1.0490228532105264,0.5859134322873685,19,1.1914425392631578,0.6582837906315789,HXK4,HXK4/RF AL
401,1.0317633655,0.5923990730555555,18,1.1914425392631578,0.6582837906315789,HXK4,HXK4/RF AL
402,1.0275187611578946,0.4405266608247369,19,1.1914425392631578,0.6582837906315789,HXK4,HXK4/RF AL
403,0.5264334195789474,0.7304460047678948,19,1.1914425392631578,0.6582837906315789,HXK4,HXK4/RF AL
404,1.5603238045263157,0.5786115546436842,19,1.1914425392631578,0.6582837906315789,HXK4,HXK4/RF AL
405,0.09373144089473684,0.4009808543010526,19,1.1914425392631578,0.6582837906315789,HXK4,HXK4/RF AL
406,0.2172664832105263,0.48072594928052625,19,1.1914425392631578,0.6582837906315789,HXK4,HXK4/RF AL
407,0.3057457791052631,0.59499009323,19,1.1914425392631578,0.6582837906315789,HXK4,HXK4/RF AL
408,0.22392569178947366,0.6597135984277631,19,1.1914425392631578,0.6582837906315789,HXK4,HXK4/RF AL
409,-0.057301567833333324,0.5410266836811111,18,1.1914425392631578,0.6582837906315789,HXK4,HXK4/RF AL
410,0.2838201624444444,0.5427233230722223,18,1.1914425392631578,0.6582837906315789,HXK4,HXK4/RF AL
411,0.4567578153888889,0.5904607837411111,18,1.1914425392631578,0.6582837906315789,HXK4,HXK4/RF AL
412,0.10263303784210524,0.6430883389326316,19,1.1914425392631578,0.6582837906315789,HXK4,HXK4/RF AL
413,1.257284249263158,0.46307302813263157,19,1.1914425392631578,0.6582837906315789,HXK4,HXK4/RF AL
414,0.5983356428421053,0.6401819712405263,19,1.1914425392631578,0.6582837906315789,HXK4,HXK4/RF AL
415,0.5845076122777777,0.5366266913294445,18,1.1914425392631578,0.6582837906315789,HXK4,HXK4/RF AL
416,1.0137559257894737,0.6961554827226316,19,1.1914425392631578,0.6582837906315789,HXK4,HXK4/RF AL
417,1.1534497794736842,0.7057159507894737,19,1.1914425392631578,0.6582837906315789,HXK4,HXK4/RF AL
418,0.2105303905,0.5480455035977777,18,1.1914425392631578,0.6582837906315789,HXK4,HXK4/RF AL
419,0.6680806332631579,0.6114721608005262,19,1.1914425392631578,0.6582837906315789,HXK4,HXK4/RF AL
420,1.1020821708947368,0.7562204646128947,19,1.1914425392631578,0.6582837906315789,HXK4,HXK4/RF AL
421,1.1985754576842105,0.7339285485435527,19,1.1914425392631578,0.6582837906315789,HXK4,HXK4/RF AL
422,0.5804387070526316,0.5623438190952632,19,1.1914425392631578,0.6582837906315789,HXK4,HXK4/RF AL
423,0.9043810544736842,0.6408410011805262,19,1.1914425392631578,0.6582837906315789,HXK4,HXK4/RF AL
424,0.9818159344736842,0.78036965621,19,1.1914425392631578,0.6582837906315789,HXK4,HXK4/RF AL
425,0.965824990368421,0.7598735517118421,19,1.1914425392631578,0.6582837906315789,HXK4,HXK4/RF AL
426,0.4941894761111111,0.8415949840944444,18,1.1914425392631578,0.6582837906315789,HXK4,HXK4/RF AL
427,1.061300258368421,0.7007023076357894,19,1.1914425392631578,0.6582837906315789,HXK4,HXK4/RF AL
428,1.1266056017894737,0.8918582736594737,19,1.1914425392631578,0.6582837906315789,HXK4,HXK4/RF AL
429,0.4375261294444444,0.5455105368833333,18,1.1914425392631578,0.6582837906315789,HXK4,HXK4/RF AL
430,0.8235546082105263,0.6685673988173684,19,1.1914425392631578,0.6582837906315789,HXK4,HXK4/RF AL
431,0.9444955117368421,0.7285580060678947,19,1.1914425392631578,0.6582837906315789,HXK4,HXK4/RF AL
432,1.2487607816842106,0.7800965853360526,19,1.1914425392631578,0.6582837906315789,HXK4,HXK4/RF AL
433,0.5960306319473684,0.6284024845836843,19,1.1914425392631578,0.6582837906315789,HXK4,HXK4/RF AL
434,0.927864734368421,0.5756636021531579,19,1.1914425392631578,0.6582837906315789,HXK4,HXK4/RF AL
435,0.522566358736842,0.885436580698421,19,1.1914425392631578,0.6582837906315789,HXK4,HXK4/RF AL
436,1.0333744631111113,0.6917209571599999,18,1.1914425392631578,0.6582837906315789,HXK4,HXK4/RF AL
437,0.2860319655,0.5774197888222222,18,1.1914425392631578,0.6582837906315789,HXK4,HXK4/RF AL
438,0.8436096353888889,0.8689313510511111,18,1.1914425392631578,0.6582837906315789,HXK4,HXK4/RF AL
439,1.2944409740555556,0.6288757692305555,18,1.1914425392631578,0.6582837906315789,HXK4,HXK4/RF AL
440,0.7327668562105263,0.5248863372173684,19,1.1914425392631578,0.6582837906315789,HXK4,HXK4/RF AL
441,1.738498432,0.7108143877147368,19,1.1914425392631578,0.6582837906315789,HXK4,HXK4/RF AL
442,0.9106786513157895,0.42955410075789474,19,1.1914425392631578,0.6582837906315789,HXK4,HXK4/RF AL
443,0.22835339938888888,0.4319420439955556,18,1.1914425392631578,0.6582837906315789,HXK4,HXK4/RF AL
444,-0.19755275405263156,0.5376735474669737,19,1.1914425392631578,0.6582837906315789,HXK4,HXK4/RF AL
445,0.6430252049473685,0.47148762049421056,19,1.1914425392631578,0.6582837906315789,HXK4,HXK4/RF AL
446,1.0030099001578947,0.6385336904913158,19,1.1914425392631578,0.6582837906315789,HXK4,HXK4/RF AL
447,-0.09434373415789472,0.48443320865684214,19,1.1914425392631578,0.6582837906315789,HXK4,HXK4/RF AL
448,0.015417172052631578,0.41998935925894737,19,1.1914425392631578,0.6582837906315789,HXK4,HXK4/RF AL
449,-0.15136632884210527,0.4254375097257895,19,1.1914425392631578,0.6582837906315789,HXK4,HXK4/RF AL
450,0.11536185126315793,0.6548655283942105,19,1.1914425392631578,0.6582837906315789,HXK4,HXK4/RF AL
451,1.0731204163684211,0.6106514092652632,19,1.1914425392631578,0.6582837906315789,HXK4,HXK4/RF AL
452,0.5579672230526316,0.6847514223652632,19,1.1914425392631578,0.6582837906315789,HXK4,HXK4/RF AL
453,0.4679495351052632,0.5461278940336842,19,1.1914425392631578,0.6582837906315789,HXK4,HXK4/RF AL
454,2.1499007115,0.6275109751483333,18,1.1914425392631578,0.6582837906315789,HXK4,HXK4/RF AL
455,2.7110945387333336,0.5477632989773333,15,1.1914425392631578,0.6582837906315789,HXK4,HXK4/RF AL
456,1.1004709708421052,0.77079099094,19,1.1914425392631578,0.6582837906315789,HXK4,HXK4/RF AL
457,1.376625624611111,0.8715162657261112,18,1.1914425392631578,0.6582837906315789,HXK4,HXK4/RF AL
458,1.868815995611111,0.4856036300133333,18,1.1914425392631578,0.6582837906315789,HXK4,HXK4/RF AL
459,2.557541610722222,0.8404311529583333,18,1.1914425392631578,0.6582837906315789,HXK4,HXK4/RF AL
460,1.1791525775789473,0.6788302694457894,19,1.1914425392631578,0.6582837906315789,HXK4,HXK4/RF AL
461,1.2603382354210526,0.5962550106631579,19,1.1914425392631578,0.6582837906315789,HXK4,HXK4/RF AL
462,1.1914425392631578,0.6377558366884211,19,1.1914425392631578,0.6582837906315789,HXK4,HXK4/RF AL
463,0.9125458843684211,0.6057006425398684,19,1.1914425392631578,0.6582837906315789,HXK4,HXK4/RF AL
464,1.1927028636875001,0.70340045304,16,1.1914425392631578,0.6582837906315789,HXK4,HXK4/RF AL
1,0.9383213455789474,0.8169010603973683,19,1.1914425392631578,0.6582837906315789,HXK4,HXK4/5 FOLD CV
2,0.9627690136666666,0.8821304258138889,18,1.1914425392631578,0.6582837906315789,HXK4,HXK4/5 FOLD CV
3,0.9895529426315789,0.9377335365342105,19,1.1914425392631578,0.6582837906315789,HXK4,HXK4/5 FOLD CV
4,0.9269715541052631,0.9736725838710526,19,1.1914425392631578,0.6582837906315789,HXK4,HXK4/5 FOLD CV
5,0.6491506266315789,0.853362744731579,19,1.1914425392631578,0.6582837906315789,HXK4,HXK4/5 FOLD CV
6,0.9610400381578947,0.8259016897999999,19,1.1914425392631578,0.6582837906315789,HXK4,HXK4/5 FOLD CV
7,0.78579674,0.8348383275973684,19,1.1914425392631578,0.6582837906315789,HXK4,HXK4/5 FOLD CV
8,1.2651730451052632,0.9562314806552632,19,1.1914425392631578,0.6582837906315789,HXK4,HXK4/5 FOLD CV
9,1.0195910261052632,0.9464316362657895,19,1.1914425392631578,0.6582837906315789,HXK4,HXK4/5 FOLD CV
10,1.1112506645263158,0.9245770928657894,19,1.1914425392631578,0.6582837906315789,HXK4,HXK4/5 FOLD CV
11,1.2092319892777779,0.8880193553333333,18,1.1914425392631578,0.6582837906315789,HXK4,HXK4/5 FOLD CV
12,1.1174809317368422,0.9310559627368422,19,1.1914425392631578,0.6582837906315789,HXK4,HXK4/5 FOLD CV
13,1.0869035828421054,0.839342355531579,19,1.1914425392631578,0.6582837906315789,HXK4,HXK4/5 FOLD CV
14,1.2040541770555555,0.9259945199472221,18,1.1914425392631578,0.6582837906315789,HXK4,HXK4/5 FOLD CV
15,1.0876389798421051,0.8218520760973684,19,1.1914425392631578,0.6582837906315789,HXK4,HXK4/5 FOLD CV
16,0.9795890887894737,0.7710543205342105,19,1.1914425392631578,0.6582837906315789,HXK4,HXK4/5 FOLD CV
17,0.9993747511578948,0.8903597553078948,19,1.1914425392631578,0.6582837906315789,HXK4,HXK4/5 FOLD CV
18,1.1034631932777779,0.8765767341555555,18,1.1914425392631578,0.6582837906315789,HXK4,HXK4/5 FOLD CV
19,0.736078848736842,0.6455011232815789,19,1.1914425392631578,0.6582837906315789,HXK4,HXK4/5 FOLD CV
20,0.7946368022631579,0.7539738385131579,19,1.1914425392631578,0.6582837906315789,HXK4,HXK4/5 FOLD CV
21,0.9847962824444445,0.8266798640027777,18,1.1914425392631578,0.6582837906315789,HXK4,HXK4/5 FOLD CV
22,0.6007829296875,0.549003872478125,16,1.1914425392631578,0.6582837906315789,HXK4,HXK4/5 FOLD CV
23,1.0133694853333333,0.8873819366666668,18,1.1914425392631578,0.6582837906315789,HXK4,HXK4/5 FOLD CV
24,0.7409530836842105,0.6819552127026316,19,1.1914425392631578,0.6582837906315789,HXK4,HXK4/5 FOLD CV
25,1.2446889205789475,1.0386386168184212,19,1.1914425392631578,0.6582837906315789,HXK4,HXK4/5 FOLD CV
26,0.8179759705,0.77953632185,18,1.1914425392631578,0.6582837906315789,HXK4,HXK4/5 FOLD CV
27,1.0503748238421051,0.8890400283342105,19,1.1914425392631578,0.6582837906315789,HXK4,HXK4/5 FOLD CV
28,0.938074427,0.8432581994125,16,1.1914425392631578,0.6582837906315789,HXK4,HXK4/5 FOLD CV
29,0.9034207244210527,0.8245038089289474,19,1.1914425392631578,0.6582837906315789,HXK4,HXK4/5 FOLD CV
30,0.8714037204444445,0.8332220986027777,18,1.1914425392631578,0.6582837906315789,HXK4,HXK4/5 FOLD CV
31,0.9101383351111111,0.8679819056138889,18,1.1914425392631578,0.6582837906315789,HXK4,HXK4/5 FOLD CV
32,0.3090060964736842,0.5208869973789474,19,1.1914425392631578,0.6582837906315789,HXK4,HXK4/5 FOLD CV
33,0.7984615887222222,0.6865984831305556,18,1.1914425392631578,0.6582837906315789,HXK4,HXK4/5 FOLD CV
34,0.917211905,0.6841614647250001,2,1.1914425392631578,0.6582837906315789,HXK4,HXK4/5 FOLD CV
35,0.7131161315263158,0.7138188793157895,19,1.1914425392631578,0.6582837906315789,HXK4,HXK4/5 FOLD CV
36,0.09842945747368421,0.3628811860526316,19,1.1914425392631578,0.6582837906315789,HXK4,HXK4/5 FOLD CV
37,0.764322155736842,0.7428161631526315,19,1.1914425392631578,0.6582837906315789,HXK4,HXK4/5 FOLD CV
38,0.966978574263158,0.8742179218631579,19,1.1914425392631578,0.6582837906315789,HXK4,HXK4/5 FOLD CV
39,0.5363414173684211,0.6468362605789474,19,1.1914425392631578,0.6582837906315789,HXK4,HXK4/5 FOLD CV
40,0.34912092568749997,0.576201782928125,16,1.1914425392631578,0.6582837906315789,HXK4,HXK4/5 FOLD CV
41,1.1133242665555556,0.9138373081416667,18,1.1914425392631578,0.6582837906315789,HXK4,HXK4/5 FOLD CV
42,0.7840858421052632,0.7966525965921053,19,1.1914425392631578,0.6582837906315789,HXK4,HXK4/5 FOLD CV
43,0.08098580427777777,0.5625191555305555,18,1.1914425392631578,0.6582837906315789,HXK4,HXK4/5 FOLD CV
44,0.05820613458823529,0.37629802646470584,17,1.1914425392631578,0.6582837906315789,HXK4,HXK4/5 FOLD CV
45,0.8242231055789473,0.680628468831579,19,1.1914425392631578,0.6582837906315789,HXK4,HXK4/5 FOLD CV
46,0.9666863555789474,0.7231177909263158,19,1.1914425392631578,0.6582837906315789,HXK4,HXK4/5 FOLD CV
47,0.8771484640833332,0.7822632639,12,1.1914425392631578,0.6582837906315789,HXK4,HXK4/5 FOLD CV
48,0.6779468246666667,0.78498446185,18,1.1914425392631578,0.6582837906315789,HXK4,HXK4/5 FOLD CV
49,0.19840859238888886,0.5855881174833333,18,1.1914425392631578,0.6582837906315789,HXK4,HXK4/5 FOLD CV
50,0.9091397311111111,0.8418568864916667,18,1.1914425392631578,0.6582837906315789,HXK4,HXK4/5 FOLD CV
51,0.925242257,0.8477615175657895,19,1.1914425392631578,0.6582837906315789,HXK4,HXK4/5 FOLD CV
52,0.15514274844444442,0.4242852539222222,18,1.1914425392631578,0.6582837906315789,HXK4,HXK4/5 FOLD CV
53,0.7751444335,0.6948850914194444,18,1.1914425392631578,0.6582837906315789,HXK4,HXK4/5 FOLD CV
54,0.18573763211764704,0.4209080807323529,17,1.1914425392631578,0.6582837906315789,HXK4,HXK4/5 FOLD CV
55,0.4295235081176471,0.5546840980882353,17,1.1914425392631578,0.6582837906315789,HXK4,HXK4/5 FOLD CV
56,0.19782534583333333,0.4905381083222222,18,1.1914425392631578,0.6582837906315789,HXK4,HXK4/5 FOLD CV
57,0.27105596588888886,0.47407551974444445,18,1.1914425392631578,0.6582837906315789,HXK4,HXK4/5 FOLD CV
58,0.11847240110526318,0.5403060522763158,19,1.1914425392631578,0.6582837906315789,HXK4,HXK4/5 FOLD CV
59,0.09437520116666667,0.42457264078333334,18,1.1914425392631578,0.6582837906315789,HXK4,HXK4/5 FOLD CV
60,0.11417594842105262,0.4161597607105263,19,1.1914425392631578,0.6582837906315789,HXK4,HXK4/5 FOLD CV
61,0.3474204102222222,0.5369550183027777,18,1.1914425392631578,0.6582837906315789,HXK4,HXK4/5 FOLD CV
62,1.4156434611578947,1.0042837132921054,19,1.1914425392631578,0.6582837906315789,HXK4,HXK4/5 FOLD CV
63,2.4816795126315787,1.382485636786842,19,1.1914425392631578,0.6582837906315789,HXK4,HXK4/5 FOLD CV
64,1.9878335347777778,1.1097236569694444,18,1.1914425392631578,0.6582837906315789,HXK4,HXK4/5 FOLD CV
65,1.3135124852105264,0.8588597509394736,19,1.1914425392631578,0.6582837906315789,HXK4,HXK4/5 FOLD CV
66,1.578826550526316,1.00401179525,19,1.1914425392631578,0.6582837906315789,HXK4,HXK4/5 FOLD CV
67,1.4806634094444444,1.0301089656,18,1.1914425392631578,0.6582837906315789,HXK4,HXK4/5 FOLD CV
68,1.3158513356315789,0.9631380915157893,19,1.1914425392631578,0.6582837906315789,HXK4,HXK4/5 FOLD CV
69,1.098210234111111,0.8083615266166667,18,1.1914425392631578,0.6582837906315789,HXK4,HXK4/5 FOLD CV
70,2.235672480111111,1.3444732436055555,18,1.1914425392631578,0.6582837906315789,HXK4,HXK4/5 FOLD CV
71,0.1424893356111111,0.5590717307277777,18,1.1914425392631578,0.6582837906315789,HXK4,HXK4/5 FOLD CV
72,1.4008565814736844,0.8492957991131579,19,1.1914425392631578,0.6582837906315789,HXK4,HXK4/5 FOLD CV
73,0.5416194019473684,0.609323249481579,19,1.1914425392631578,0.6582837906315789,HXK4,HXK4/5 FOLD CV
74,0.5710855824736842,0.51970695995,19,1.1914425392631578,0.6582837906315789,HXK4,HXK4/5 FOLD CV
75,0.19129805510526313,0.5623458830657895,19,1.1914425392631578,0.6582837906315789,HXK4,HXK4/5 FOLD CV
76,-0.007537544894736841,0.35930838695789474,19,1.1914425392631578,0.6582837906315789,HXK4,HXK4/5 FOLD CV
77,0.09178409289473684,0.47819374177105267,19,1.1914425392631578,0.6582837906315789,HXK4,HXK4/5 FOLD CV
78,0.251922663,0.4989607358684211,19,1.1914425392631578,0.6582837906315789,HXK4,HXK4/5 FOLD CV
79,0.08646567211764702,0.38135533675,17,1.1914425392631578,0.6582837906315789,HXK4,HXK4/5 FOLD CV
80,0.07553545115789476,0.43433411397631577,19,1.1914425392631578,0.6582837906315789,HXK4,HXK4/5 FOLD CV
81,-0.0009071253888888965,0.4941340780833333,18,1.1914425392631578,0.6582837906315789,HXK4,HXK4/5 FOLD CV
82,0.18340549842105264,0.540039390818421,19,1.1914425392631578,0.6582837906315789,HXK4,HXK4/5 FOLD CV
83,0.10225514063157894,0.5743590311552631,19,1.1914425392631578,0.6582837906315789,HXK4,HXK4/5 FOLD CV
84,-0.02664230511111111,0.4939374096333333,18,1.1914425392631578,0.6582837906315789,HXK4,HXK4/5 FOLD CV
85,0.05362813347368422,0.5833882894026315,19,1.1914425392631578,0.6582837906315789,HXK4,HXK4/5 FOLD CV
86,0.6218773109444444,0.7159872198333334,18,1.1914425392631578,0.6582837906315789,HXK4,HXK4/5 FOLD CV
87,0.6636239614210526,0.7172374828631579,19,1.1914425392631578,0.6582837906315789,HXK4,HXK4/5 FOLD CV
88,0.4741817904444445,0.5222737372055556,18,1.1914425392631578,0.6582837906315789,HXK4,HXK4/5 FOLD CV
89,1.4360461298421052,0.9260425896736842,19,1.1914425392631578,0.6582837906315789,HXK4,HXK4/5 FOLD CV
90,0.6942327346842105,0.6164599602026315,19,1.1914425392631578,0.6582837906315789,HXK4,HXK4/5 FOLD CV
91,0.6169365014736842,0.7515200039736841,19,1.1914425392631578,0.6582837906315789,HXK4,HXK4/5 FOLD CV
92,0.7702882596842106,0.728195086681579,19,1.1914425392631578,0.6582837906315789,HXK4,HXK4/5 FOLD CV
93,0.9712676426315788,0.8222853985157895,19,1.1914425392631578,0.6582837906315789,HXK4,HXK4/5 FOLD CV
94,0.8350139863684211,0.6731752178342105,19,1.1914425392631578,0.6582837906315789,HXK4,HXK4/5 FOLD CV
95,0.9863221588421053,0.7633633955500001,19,1.1914425392631578,0.6582837906315789,HXK4,HXK4/5 FOLD CV
96,1.1085971445263159,0.8038716335342105,19,1.1914425392631578,0.6582837906315789,HXK4,HXK4/5 FOLD CV
97,0.8164545346842105,0.723878993918421,19,1.1914425392631578,0.6582837906315789,HXK4,HXK4/5 FOLD CV
98,2.015519092736842,1.2173591419842105,19,1.1914425392631578,0.6582837906315789,HXK4,HXK4/5 FOLD CV
99,0.7609360332631578,0.7635953972052631,19,1.1914425392631578,0.6582837906315789,HXK4,HXK4/5 FOLD CV
100,0.8887061173684211,0.6962079885842105,19,1.1914425392631578,0.6582837906315789,HXK4,HXK4/5 FOLD CV
101,0.642731247882353,0.7969103923676472,17,1.1914425392631578,0.6582837906315789,HXK4,HXK4/5 FOLD CV
102,0.5120785346842105,0.558740410318421,19,1.1914425392631578,0.6582837906315789,HXK4,HXK4/5 FOLD CV
103,0.932934836,0.8774516512368421,19,1.1914425392631578,0.6582837906315789,HXK4,HXK4/5 FOLD CV
104,0.5957732316842105,0.6492950030210526,19,1.1914425392631578,0.6582837906315789,HXK4,HXK4/5 FOLD CV
105,0.6582837906315789,0.5731646333289473,19,1.1914425392631578,0.6582837906315789,HXK4,HXK4/5 FOLD CV
106,0.5371700289473683,0.6696313264394737,19,1.1914425392631578,0.6582837906315789,HXK4,HXK4/5 FOLD CV
107,-0.06032993563157894,0.4992972171921053,19,1.1914425392631578,0.6582837906315789,HXK4,HXK4/5 FOLD CV
108,0.5116802900526316,0.6173828925368421,19,1.1914425392631578,0.6582837906315789,HXK4,HXK4/5 FOLD CV
109,0.18027997421052633,0.38866252594210526,19,1.1914425392631578,0.6582837906315789,HXK4,HXK4/5 FOLD CV
110,0.6087548658421053,0.5101836200526315,19,1.1914425392631578,0.6582837906315789,HXK4,HXK4/5 FOLD CV
111,0.949948687736842,0.7399134202157895,19,1.1914425392631578,0.6582837906315789,HXK4,HXK4/5 FOLD CV
112,1.002963265631579,0.7694902064657895,19,1.1914425392631578,0.6582837906315789,HXK4,HXK4/5 FOLD CV
113,0.915244074368421,0.7263543431184211,19,1.1914425392631578,0.6582837906315789,HXK4,HXK4/5 FOLD CV
114,0.4540144785555555,0.45310912885277776,18,1.1914425392631578,0.6582837906315789,HXK4,HXK4/5 FOLD CV
115,0.44304497721052627,0.6622091278236842,19,1.1914425392631578,0.6582837906315789,HXK4,HXK4/5 FOLD CV
116,0.3748650374736842,0.5291713170842105,19,1.1914425392631578,0.6582837906315789,HXK4,HXK4/5 FOLD CV
117,0.06401451078947369,0.4778668995868421,19,1.1914425392631578,0.6582837906315789,HXK4,HXK4/5 FOLD CV
118,0.06985734873684211,0.4271105690973684,19,1.1914425392631578,0.6582837906315789,HXK4,HXK4/5 FOLD CV
119,0.6427028484736842,0.7049155236210527,19,1.1914425392631578,0.6582837906315789,HXK4,HXK4/5 FOLD CV
120,0.5806723237368421,0.6082358102236842,19,1.1914425392631578,0.6582837906315789,HXK4,HXK4/5 FOLD CV
121,-0.047858600999999994,0.4160318181,18,1.1914425392631578,0.6582837906315789,HXK4,HXK4/5 FOLD CV
122,-0.15084825189473686,0.34870046516842107,19,1.1914425392631578,0.6582837906315789,HXK4,HXK4/5 FOLD CV
123,0.071683796875,0.478964428025,16,1.1914425392631578,0.6582837906315789,HXK4,HXK4/5 FOLD CV
124,0.16091587510526315,0.7249595922578947,19,1.1914425392631578,0.6582837906315789,HXK4,HXK4/5 FOLD CV
125,-0.0015292462631578947,0.3330927017657895,19,1.1914425392631578,0.6582837906315789,HXK4,HXK4/5 FOLD CV
126,0.33434151505882354,0.5493725502294118,17,1.1914425392631578,0.6582837906315789,HXK4,HXK4/5 FOLD CV
127,0.8320363082105263,0.719803690331579,19,1.1914425392631578,0.6582837906315789,HXK4,HXK4/5 FOLD CV
128,0.11931775605882354,0.48182457813235297,17,1.1914425392631578,0.6582837906315789,HXK4,HXK4/5 FOLD CV
129,-0.06028536594117646,0.36377257059411766,17,1.1914425392631578,0.6582837906315789,HXK4,HXK4/5 FOLD CV
130,0.3195201079473684,0.5841976510789474,19,1.1914425392631578,0.6582837906315789,HXK4,HXK4/5 FOLD CV
131,0.40230374868421054,0.5398725080789474,19,1.1914425392631578,0.6582837906315789,HXK4,HXK4/5 FOLD CV
132,-0.02693633263157896,0.45719610096315794,19,1.1914425392631578,0.6582837906315789,HXK4,HXK4/5 FOLD CV
133,0.026414964705882355,0.38145316526764705,17,1.1914425392631578,0.6582837906315789,HXK4,HXK4/5 FOLD CV
134,0.5914079852222223,0.6150243958944445,18,1.1914425392631578,0.6582837906315789,HXK4,HXK4/5 FOLD CV
135,0.6649619858421052,0.6684211547421053,19,1.1914425392631578,0.6582837906315789,HXK4,HXK4/5 FOLD CV
136,0.9492999608947368,0.5996698444526316,19,1.1914425392631578,0.6582837906315789,HXK4,HXK4/5 FOLD CV
137,0.7297272705263158,0.6913112001473685,19,1.1914425392631578,0.6582837906315789,HXK4,HXK4/5 FOLD CV
138,0.5065064806111111,0.5424915548222222,18,1.1914425392631578,0.6582837906315789,HXK4,HXK4/5 FOLD CV
139,0.2491348179473684,0.5144179392421053,19,1.1914425392631578,0.6582837906315789,HXK4,HXK4/5 FOLD CV
140,0.418730346368421,0.6377278045289474,19,1.1914425392631578,0.6582837906315789,HXK4,HXK4/5 FOLD CV
141,0.4343780873888889,0.7450122733555555,18,1.1914425392631578,0.6582837906315789,HXK4,HXK4/5 FOLD CV
142,0.3330298217894737,0.4516241259184211,19,1.1914425392631578,0.6582837906315789,HXK4,HXK4/5 FOLD CV
143,0.40744968421052635,0.5381493180763158,19,1.1914425392631578,0.6582837906315789,HXK4,HXK4/5 FOLD CV
144,1.6041272134444444,0.8824965317472222,18,1.1914425392631578,0.6582837906315789,HXK4,HXK4/5 FOLD CV
145,-0.05150674783333334,0.3699021607083333,18,1.1914425392631578,0.6582837906315789,HXK4,HXK4/5 FOLD CV
146,0.054693226777777756,0.37309317408888887,18,1.1914425392631578,0.6582837906315789,HXK4,HXK4/5 FOLD CV
147,0.03964500888888891,0.594408668325,18,1.1914425392631578,0.6582837906315789,HXK4,HXK4/5 FOLD CV
148,0.32166910168421053,0.5464269772789474,19,1.1914425392631578,0.6582837906315789,HXK4,HXK4/5 FOLD CV
149,0.09265750031578947,0.4884169356342105,19,1.1914425392631578,0.6582837906315789,HXK4,HXK4/5 FOLD CV
150,-0.024596162210526303,0.3693656053973684,19,1.1914425392631578,0.6582837906315789,HXK4,HXK4/5 FOLD CV
151,-0.0936056012105263,0.38392634465526315,19,1.1914425392631578,0.6582837906315789,HXK4,HXK4/5 FOLD CV
152,-0.04277675999999999,0.43162297901842106,19,1.1914425392631578,0.6582837906315789,HXK4,HXK4/5 FOLD CV
153,-0.007176388277777788,0.3932985489111111,18,1.1914425392631578,0.6582837906315789,HXK4,HXK4/5 FOLD CV
154,0.10517422578947368,0.5256642094105263,19,1.1914425392631578,0.6582837906315789,HXK4,HXK4/5 FOLD CV
155,0.1025309855789474,0.5456776887236842,19,1.1914425392631578,0.6582837906315789,HXK4,HXK4/5 FOLD CV
156,0.4409266592631578,0.5823815151578947,19,1.1914425392631578,0.6582837906315789,HXK4,HXK4/5 FOLD CV
157,0.23785721736842108,0.5627514939631579,19,1.1914425392631578,0.6582837906315789,HXK4,HXK4/5 FOLD CV
158,-0.08358115726315789,0.4555797388710527,19,1.1914425392631578,0.6582837906315789,HXK4,HXK4/5 FOLD CV
159,-0.036492199941176466,0.3456577925147059,17,1.1914425392631578,0.6582837906315789,HXK4,HXK4/5 FOLD CV
160,0.7662063466923078,0.8507814890692308,13,1.1914425392631578,0.6582837906315789,HXK4,HXK4/5 FOLD CV
161,-0.05403939717647059,0.25395352957941175,17,1.1914425392631578,0.6582837906315789,HXK4,HXK4/5 FOLD CV
162,-0.040996965947368416,0.477934919118421,19,1.1914425392631578,0.6582837906315789,HXK4,HXK4/5 FOLD CV
163,-0.085080043,0.32428971479444446,18,1.1914425392631578,0.6582837906315789,HXK4,HXK4/5 FOLD CV
164,0.07814196557894737,0.5590071215763158,19,1.1914425392631578,0.6582837906315789,HXK4,HXK4/5 FOLD CV
165,0.616239175263158,0.6184200398447368,19,1.1914425392631578,0.6582837906315789,HXK4,HXK4/5 FOLD CV
166,-0.00018004394736842748,0.3780092549131579,19,1.1914425392631578,0.6582837906315789,HXK4,HXK4/5 FOLD CV
167,-0.06755346984210525,0.4597880754157895,19,1.1914425392631578,0.6582837906315789,HXK4,HXK4/5 FOLD CV
168,0.0035936974210526375,0.4296089795289474,19,1.1914425392631578,0.6582837906315789,HXK4,HXK4/5 FOLD CV
169,-0.014616518684210527,0.3477734401710526,19,1.1914425392631578,0.6582837906315789,HXK4,HXK4/5 FOLD CV
170,-0.048179094947368405,0.25367210845263155,19,1.1914425392631578,0.6582837906315789,HXK4,HXK4/5 FOLD CV
171,0.2823144343157895,0.5808882665473685,19,1.1914425392631578,0.6582837906315789,HXK4,HXK4/5 FOLD CV
172,0.01001144742105264,0.6061061500131579,19,1.1914425392631578,0.6582837906315789,HXK4,HXK4/5 FOLD CV
173,0.14919225678947368,0.5622146479236843,19,1.1914425392631578,0.6582837906315789,HXK4,HXK4/5 FOLD CV
174,-0.061881722157894725,0.5305891807473685,19,1.1914425392631578,0.6582837906315789,HXK4,HXK4/5 FOLD CV
175,0.09581104331578949,0.3961442459578947,19,1.1914425392631578,0.6582837906315789,HXK4,HXK4/5 FOLD CV
176,0.34420461826315796,0.6306742937605263,19,1.1914425392631578,0.6582837906315789,HXK4,HXK4/5 FOLD CV
177,0.044555853777777786,0.3869089695305556,18,1.1914425392631578,0.6582837906315789,HXK4,HXK4/5 FOLD CV
178,1.013782199,0.7751651351555555,18,1.1914425392631578,0.6582837906315789,HXK4,HXK4/5 FOLD CV
179,0.027245565176470605,0.3929299338941177,17,1.1914425392631578,0.6582837906315789,HXK4,HXK4/5 FOLD CV
180,-0.13688326068421053,0.3657486142552631,19,1.1914425392631578,0.6582837906315789,HXK4,HXK4/5 FOLD CV
181,0.1712467748235294,0.4398756039617647,17,1.1914425392631578,0.6582837906315789,HXK4,HXK4/5 FOLD CV
182,0.4776624956315789,0.7100104631710527,19,1.1914425392631578,0.6582837906315789,HXK4,HXK4/5 FOLD CV
183,0.03017788578947367,0.5132282169657895,19,1.1914425392631578,0.6582837906315789,HXK4,HXK4/5 FOLD CV
184,0.0500054788888889,0.4001538485055555,18,1.1914425392631578,0.6582837906315789,HXK4,HXK4/5 FOLD CV
185,0.13636187147368423,0.48824716907368415,19,1.1914425392631578,0.6582837906315789,HXK4,HXK4/5 FOLD CV
186,0.31782618936842105,0.47350140225526316,19,1.1914425392631578,0.6582837906315789,HXK4,HXK4/5 FOLD CV
187,-0.028425380611111092,0.41401164662777773,18,1.1914425392631578,0.6582837906315789,HXK4,HXK4/5 FOLD CV
188,0.05048712511111111,0.5601881454194445,18,1.1914425392631578,0.6582837906315789,HXK4,HXK4/5 FOLD CV
189,0.9337620296111111,0.8660003891027778,18,1.1914425392631578,0.6582837906315789,HXK4,HXK4/5 FOLD CV
190,-0.012107422631578948,0.3917291940184211,19,1.1914425392631578,0.6582837906315789,HXK4,HXK4/5 FOLD CV
191,0.3093471139473684,0.3557067601315789,19,1.1914425392631578,0.6582837906315789,HXK4,HXK4/5 FOLD CV
192,0.432063881,0.5784539515444445,18,1.1914425392631578,0.6582837906315789,HXK4,HXK4/5 FOLD CV
193,0.6663926433157895,0.6997669604868421,19,1.1914425392631578,0.6582837906315789,HXK4,HXK4/5 FOLD CV
194,0.2087146431052632,0.5004627021342105,19,1.1914425392631578,0.6582837906315789,HXK4,HXK4/5 FOLD CV
195,0.6819152512631579,0.6176973397184211,19,1.1914425392631578,0.6582837906315789,HXK4,HXK4/5 FOLD CV
196,0.48036611723529415,0.5200032656264706,17,1.1914425392631578,0.6582837906315789,HXK4,HXK4/5 FOLD CV
197,1.0195178158421054,0.7743764743105263,19,1.1914425392631578,0.6582837906315789,HXK4,HXK4/5 FOLD CV
198,-0.164820324,0.43541023511764704,17,1.1914425392631578,0.6582837906315789,HXK4,HXK4/5 FOLD CV
199,0.15571165405555554,0.3479899070888889,18,1.1914425392631578,0.6582837906315789,HXK4,HXK4/5 FOLD CV
200,0.0509033512142857,0.5425596815392858,14,1.1914425392631578,0.6582837906315789,HXK4,HXK4/5 FOLD CV
201,-0.05318035621052631,0.4853230127210526,19,1.1914425392631578,0.6582837906315789,HXK4,HXK4/5 FOLD CV
202,-0.12244650477777778,0.5115639618916666,18,1.1914425392631578,0.6582837906315789,HXK4,HXK4/5 FOLD CV
203,0.16391189844444443,0.4191774205888889,18,1.1914425392631578,0.6582837906315789,HXK4,HXK4/5 FOLD CV
204,-0.1459042226111111,0.5287667715138888,18,1.1914425392631578,0.6582837906315789,HXK4,HXK4/5 FOLD CV
205,-0.03827558636842104,0.4860284935131579,19,1.1914425392631578,0.6582837906315789,HXK4,HXK4/5 FOLD CV
206,0.03660358758823528,0.3872901545852941,17,1.1914425392631578,0.6582837906315789,HXK4,HXK4/5 FOLD CV
207,0.2982250988888889,0.5242166378083334,18,1.1914425392631578,0.6582837906315789,HXK4,HXK4/5 FOLD CV
208,0.3684362115263158,0.49860661724999994,19,1.1914425392631578,0.6582837906315789,HXK4,HXK4/5 FOLD CV
209,0.20890132299999997,0.5036718408722222,18,1.1914425392631578,0.6582837906315789,HXK4,HXK4/5 FOLD CV
210,1.7358756569333333,0.9122873457499999,15,1.1914425392631578,0.6582837906315789,HXK4,HXK4/5 FOLD CV
211,0.3463697212631579,0.5630402155973684,19,1.1914425392631578,0.6582837906315789,HXK4,HXK4/5 FOLD CV
212,1.0313696670555557,0.7365737638666667,18,1.1914425392631578,0.6582837906315789,HXK4,HXK4/5 FOLD CV
213,3.657124268176471,2.001669516917647,17,1.1914425392631578,0.6582837906315789,HXK4,HXK4/5 FOLD CV
214,1.7738416533333334,0.9990650904277777,18,1.1914425392631578,0.6582837906315789,HXK4,HXK4/5 FOLD CV
215,1.4564568518823529,0.8264839367382353,17,1.1914425392631578,0.6582837906315789,HXK4,HXK4/5 FOLD CV
216,1.4297081455789475,0.8654036103868421,19,1.1914425392631578,0.6582837906315789,HXK4,HXK4/5 FOLD CV
217,1.5828141541578948,0.9461682919157894,19,1.1914425392631578,0.6582837906315789,HXK4,HXK4/5 FOLD CV
218,1.6126175202631579,0.9599323677921052,19,1.1914425392631578,0.6582837906315789,HXK4,HXK4/5 FOLD CV
219,0.468599758,0.6007017507027778,18,1.1914425392631578,0.6582837906315789,HXK4,HXK4/5 FOLD CV
220,1.2611268149444443,0.7387995204083333,18,1.1914425392631578,0.6582837906315789,HXK4,HXK4/5 FOLD CV
221,0.2047658631111111,0.5202288988805556,18,1.1914425392631578,0.6582837906315789,HXK4,HXK4/5 FOLD CV
222,0.010550852368421048,0.5812644952210526,19,1.1914425392631578,0.6582837906315789,HXK4,HXK4/5 FOLD CV
223,1.6263240776666665,0.6879588656500001,3,1.1914425392631578,0.6582837906315789,HXK4,HXK4/5 FOLD CV
224,-0.047470439157894735,0.4807218114605263,19,1.1914425392631578,0.6582837906315789,HXK4,HXK4/5 FOLD CV
225,0.152966583,0.5751025468611111,18,1.1914425392631578,0.6582837906315789,HXK4,HXK4/5 FOLD CV
226,0.042488419526315796,0.6598487502052631,19,1.1914425392631578,0.6582837906315789,HXK4,HXK4/5 FOLD CV
227,-0.08861944205555555,0.5398630700888889,18,1.1914425392631578,0.6582837906315789,HXK4,HXK4/5 FOLD CV
228,-0.11251404999999998,0.4311124584222223,18,1.1914425392631578,0.6582837906315789,HXK4,HXK4/5 FOLD CV
229,0.4761082145294117,0.595595572067647,17,1.1914425392631578,0.6582837906315789,HXK4,HXK4/5 FOLD CV
230,0.017583783210526324,0.600311815986842,19,1.1914425392631578,0.6582837906315789,HXK4,HXK4/5 FOLD CV
231,0.2990688834736842,0.42223512418684206,19,1.1914425392631578,0.6582837906315789,HXK4,HXK4/5 FOLD CV
232,0.23562125815789478,0.5918244800394737,19,1.1914425392631578,0.6582837906315789,HXK4,HXK4/5 FOLD CV
233,0.241046222,0.6168805669736842,19,1.1914425392631578,0.6582837906315789,HXK4,HXK4/5 FOLD CV
234,0.9097310912,0.59659005561,15,1.1914425392631578,0.6582837906315789,HXK4,HXK4/5 FOLD CV
235,0.01216837952941177,0.4414709389117647,17,1.1914425392631578,0.6582837906315789,HXK4,HXK4/5 FOLD CV
236,0.5170698349444445,0.5140660241444445,18,1.1914425392631578,0.6582837906315789,HXK4,HXK4/5 FOLD CV
237,0.9088901075555555,0.7157674163944444,18,1.1914425392631578,0.6582837906315789,HXK4,HXK4/5 FOLD CV
238,1.3376423309473686,0.9732992113236844,19,1.1914425392631578,0.6582837906315789,HXK4,HXK4/5 FOLD CV
239,1.0804230423684211,0.8157797009342105,19,1.1914425392631578,0.6582837906315789,HXK4,HXK4/5 FOLD CV
240,0.4209439760526315,0.7421581038605263,19,1.1914425392631578,0.6582837906315789,HXK4,HXK4/5 FOLD CV
241,0.4703220208947368,0.625672268281579,19,1.1914425392631578,0.6582837906315789,HXK4,HXK4/5 FOLD CV
242,0.5904237906470589,0.6056698921235294,17,1.1914425392631578,0.6582837906315789,HXK4,HXK4/5 FOLD CV
243,0.37939802315384613,0.7048861779692307,13,1.1914425392631578,0.6582837906315789,HXK4,HXK4/5 FOLD CV
244,1.0768019052105262,0.7866335676236842,19,1.1914425392631578,0.6582837906315789,HXK4,HXK4/5 FOLD CV
245,0.3733884298947368,0.5473271421131579,19,1.1914425392631578,0.6582837906315789,HXK4,HXK4/5 FOLD CV
246,0.8118611643684212,0.7810043266631579,19,1.1914425392631578,0.6582837906315789,HXK4,HXK4/5 FOLD CV
247,0.9772106931666666,0.8776609742361111,18,1.1914425392631578,0.6582837906315789,HXK4,HXK4/5 FOLD CV
248,0.748009022631579,0.7749267844605263,19,1.1914425392631578,0.6582837906315789,HXK4,HXK4/5 FOLD CV
249,1.6165880691111112,0.9176006262722223,18,1.1914425392631578,0.6582837906315789,HXK4,HXK4/5 FOLD CV
250,0.8767430235333333,0.7199148515099999,15,1.1914425392631578,0.6582837906315789,HXK4,HXK4/5 FOLD CV
251,0.9286501406842106,0.6917020239552631,19,1.1914425392631578,0.6582837906315789,HXK4,HXK4/5 FOLD CV
252,0.1737332585,0.6190917915444445,18,1.1914425392631578,0.6582837906315789,HXK4,HXK4/5 FOLD CV
253,-0.0006567933529411782,0.28020789712647054,17,1.1914425392631578,0.6582837906315789,HXK4,HXK4/5 FOLD CV
254,0.03648401689473685,0.4474820997710526,19,1.1914425392631578,0.6582837906315789,HXK4,HXK4/5 FOLD CV
255,-0.017907319722222217,0.5107665232444445,18,1.1914425392631578,0.6582837906315789,HXK4,HXK4/5 FOLD CV
256,0.31285333368421053,0.6097518383605264,19,1.1914425392631578,0.6582837906315789,HXK4,HXK4/5 FOLD CV
257,0.46900232746153847,0.5596701779423078,13,1.1914425392631578,0.6582837906315789,HXK4,HXK4/5 FOLD CV
258,0.2992015643157895,0.44682689939736836,19,1.1914425392631578,0.6582837906315789,HXK4,HXK4/5 FOLD CV
259,0.16908970273684212,0.48086329476842105,19,1.1914425392631578,0.6582837906315789,HXK4,HXK4/5 FOLD CV
260,0.0786852143888889,0.3516041416361111,18,1.1914425392631578,0.6582837906315789,HXK4,HXK4/5 FOLD CV
261,0.9267222391052632,0.6373311804289474,19,1.1914425392631578,0.6582837906315789,HXK4,HXK4/5 FOLD CV
262,1.0583961618421052,0.8299226334447368,19,1.1914425392631578,0.6582837906315789,HXK4,HXK4/5 FOLD CV
263,0.8309367757894737,0.817508636181579,19,1.1914425392631578,0.6582837906315789,HXK4,HXK4/5 FOLD CV
264,0.4738546593684211,0.6289369955342107,19,1.1914425392631578,0.6582837906315789,HXK4,HXK4/5 FOLD CV
265,0.8291323041249999,0.7892385372249999,16,1.1914425392631578,0.6582837906315789,HXK4,HXK4/5 FOLD CV
266,1.1215899923333332,0.6691464832555556,18,1.1914425392631578,0.6582837906315789,HXK4,HXK4/5 FOLD CV
267,1.023424573,0.7615185669657895,19,1.1914425392631578,0.6582837906315789,HXK4,HXK4/5 FOLD CV
268,0.733312265631579,0.9141232652500001,19,1.1914425392631578,0.6582837906315789,HXK4,HXK4/5 FOLD CV
269,0.9148786491052632,0.927195201194737,19,1.1914425392631578,0.6582837906315789,HXK4,HXK4/5 FOLD CV
270,0.7889013537894737,0.7292095592815789,19,1.1914425392631578,0.6582837906315789,HXK4,HXK4/5 FOLD CV
271,0.8134341382105262,0.7017010517078947,19,1.1914425392631578,0.6582837906315789,HXK4,HXK4/5 FOLD CV
272,1.091545890368421,0.8240505178263158,19,1.1914425392631578,0.6582837906315789,HXK4,HXK4/5 FOLD CV
273,0.022222794888888887,0.6562211543444445,18,1.1914425392631578,0.6582837906315789,HXK4,HXK4/5 FOLD CV
274,1.2253022037368422,0.9453769328210527,19,1.1914425392631578,0.6582837906315789,HXK4,HXK4/5 FOLD CV
275,1.0837200373157896,0.8870563627710526,19,1.1914425392631578,0.6582837906315789,HXK4,HXK4/5 FOLD CV
276,0.407673074,0.6131216492055556,18,1.1914425392631578,0.6582837906315789,HXK4,HXK4/5 FOLD CV
277,0.5973324629473684,0.5926981566157895,19,1.1914425392631578,0.6582837906315789,HXK4,HXK4/5 FOLD CV
278,1.6372193885789474,1.1572337659157894,19,1.1914425392631578,0.6582837906315789,HXK4,HXK4/5 FOLD CV
279,0.9120493317368421,0.8361742958421052,19,1.1914425392631578,0.6582837906315789,HXK4,HXK4/5 FOLD CV
280,0.6442792222631578,0.6111570985078947,19,1.1914425392631578,0.6582837906315789,HXK4,HXK4/5 FOLD CV
281,1.7340986146315789,1.1672168839315789,19,1.1914425392631578,0.6582837906315789,HXK4,HXK4/5 FOLD CV
282,0.8008125322631579,0.7812160280131578,19,1.1914425392631578,0.6582837906315789,HXK4,HXK4/5 FOLD CV
283,1.132636491894737,0.8691557808315791,19,1.1914425392631578,0.6582837906315789,HXK4,HXK4/5 FOLD CV
284,0.8715029109473683,0.9051762255789475,19,1.1914425392631578,0.6582837906315789,HXK4,HXK4/5 FOLD CV
285,1.171546564368421,0.9160017837789475,19,1.1914425392631578,0.6582837906315789,HXK4,HXK4/5 FOLD CV
286,0.609965887,0.5989261990947368,19,1.1914425392631578,0.6582837906315789,HXK4,HXK4/5 FOLD CV
287,1.2901379190526316,0.8670240051342105,19,1.1914425392631578,0.6582837906315789,HXK4,HXK4/5 FOLD CV
288,0.40940569063157894,0.7275787152657894,19,1.1914425392631578,0.6582837906315789,HXK4,HXK4/5 FOLD CV
289,-0.06251875561111109,0.40783348778333334,18,1.1914425392631578,0.6582837906315789,HXK4,HXK4/5 FOLD CV
290,0.1440953645263158,0.6132927573447369,19,1.1914425392631578,0.6582837906315789,HXK4,HXK4/5 FOLD CV
291,0.9150599390526316,0.7048472540710526,19,1.1914425392631578,0.6582837906315789,HXK4,HXK4/5 FOLD CV
292,0.1620573144736842,0.4370251335289474,19,1.1914425392631578,0.6582837906315789,HXK4,HXK4/5 FOLD CV
293,0.08418151647368421,0.6623751562657895,19,1.1914425392631578,0.6582837906315789,HXK4,HXK4/5 FOLD CV
294,-0.039018234631578955,0.4084533298394737,19,1.1914425392631578,0.6582837906315789,HXK4,HXK4/5 FOLD CV
295,1.0174971387894736,0.8079225405394738,19,1.1914425392631578,0.6582837906315789,HXK4,HXK4/5 FOLD CV
296,0.44680535963157897,0.6770896296131579,19,1.1914425392631578,0.6582837906315789,HXK4,HXK4/5 FOLD CV
297,0.7415719002105263,0.6690055293157895,19,1.1914425392631578,0.6582837906315789,HXK4,HXK4/5 FOLD CV
298,0.20931101342105263,0.4400062659710527,19,1.1914425392631578,0.6582837906315789,HXK4,HXK4/5 FOLD CV
299,0.41336455905263153,0.510406852918421,19,1.1914425392631578,0.6582837906315789,HXK4,HXK4/5 FOLD CV
300,0.919213287631579,0.7273758772947369,19,1.1914425392631578,0.6582837906315789,HXK4,HXK4/5 FOLD CV
301,0.8254582843888889,0.5934473811972222,18,1.1914425392631578,0.6582837906315789,HXK4,HXK4/5 FOLD CV
302,0.15295238063157895,0.4136940601842105,19,1.1914425392631578,0.6582837906315789,HXK4,HXK4/5 FOLD CV
303,0.7196581263157895,0.7110170426947369,19,1.1914425392631578,0.6582837906315789,HXK4,HXK4/5 FOLD CV
304,1.2496236633157896,0.9533725991736843,19,1.1914425392631578,0.6582837906315789,HXK4,HXK4/5 FOLD CV
305,0.3688311963157895,0.6500257696736842,19,1.1914425392631578,0.6582837906315789,HXK4,HXK4/5 FOLD CV
306,1.0183823158947367,0.8352778610578947,19,1.1914425392631578,0.6582837906315789,HXK4,HXK4/5 FOLD CV
307,0.9191459397894736,0.9140271509131579,19,1.1914425392631578,0.6582837906315789,HXK4,HXK4/5 FOLD CV
308,0.6869284574210526,0.7220769035605263,19,1.1914425392631578,0.6582837906315789,HXK4,HXK4/5 FOLD CV
309,0.9122570630526315,0.8588888648552631,19,1.1914425392631578,0.6582837906315789,HXK4,HXK4/5 FOLD CV
310,1.0736799001052633,0.8999038113605264,19,1.1914425392631578,0.6582837906315789,HXK4,HXK4/5 FOLD CV
311,1.3481103545789475,0.9654441361815789,19,1.1914425392631578,0.6582837906315789,HXK4,HXK4/5 FOLD CV
312,1.0021253320555554,0.8518082119055556,18,1.1914425392631578,0.6582837906315789,HXK4,HXK4/5 FOLD CV
313,1.088335877368421,0.8702006472473683,19,1.1914425392631578,0.6582837906315789,HXK4,HXK4/5 FOLD CV
314,0.5756472223157895,0.6258910524315789,19,1.1914425392631578,0.6582837906315789,HXK4,HXK4/5 FOLD CV
315,1.1097007159999999,0.8879127950289473,19,1.1914425392631578,0.6582837906315789,HXK4,HXK4/5 FOLD CV
316,1.332413820888889,1.03602281775,18,1.1914425392631578,0.6582837906315789,HXK4,HXK4/5 FOLD CV
317,1.2848910654210526,1.0457860321710526,19,1.1914425392631578,0.6582837906315789,HXK4,HXK4/5 FOLD CV
318,1.4866765269473685,1.0616230580710526,19,1.1914425392631578,0.6582837906315789,HXK4,HXK4/5 FOLD CV
319,1.5451968622105263,1.069301658036842,19,1.1914425392631578,0.6582837906315789,HXK4,HXK4/5 FOLD CV
320,1.201923098,1.1447601494263158,19,1.1914425392631578,0.6582837906315789,HXK4,HXK4/5 FOLD CV
321,1.284194510736842,1.005948221255263,19,1.1914425392631578,0.6582837906315789,HXK4,HXK4/5 FOLD CV
322,1.089309380894737,0.9606702811368422,19,1.1914425392631578,0.6582837906315789,HXK4,HXK4/5 FOLD CV
323,0.5423563088947368,0.7043530172789474,19,1.1914425392631578,0.6582837906315789,HXK4,HXK4/5 FOLD CV
324,1.102370409894737,0.9377121023184211,19,1.1914425392631578,0.6582837906315789,HXK4,HXK4/5 FOLD CV
325,1.2210182229473685,0.8320936960789473,19,1.1914425392631578,0.6582837906315789,HXK4,HXK4/5 FOLD CV
326,1.5095465926842104,0.9413509355763159,19,1.1914425392631578,0.6582837906315789,HXK4,HXK4/5 FOLD CV
327,1.2453136232105262,0.9074491782026315,19,1.1914425392631578,0.6582837906315789,HXK4,HXK4/5 FOLD CV
328,1.5137778713157894,1.0617498730210528,19,1.1914425392631578,0.6582837906315789,HXK4,HXK4/5 FOLD CV
329,0.6403297767368421,0.6427916545973684,19,1.1914425392631578,0.6582837906315789,HXK4,HXK4/5 FOLD CV
330,0.7528291985263158,0.8134144360052632,19,1.1914425392631578,0.6582837906315789,HXK4,HXK4/5 FOLD CV
331,0.3178139488421053,0.5288664149842105,19,1.1914425392631578,0.6582837906315789,HXK4,HXK4/5 FOLD CV
332,1.2185848016842105,0.9490175120210526,19,1.1914425392631578,0.6582837906315789,HXK4,HXK4/5 FOLD CV
333,1.1919354295789473,0.9328129565052631,19,1.1914425392631578,0.6582837906315789,HXK4,HXK4/5 FOLD CV
334,0.7428633227894736,0.8234233870947368,19,1.1914425392631578,0.6582837906315789,HXK4,HXK4/5 FOLD CV
335,0.5141749141052632,0.7482680207973684,19,1.1914425392631578,0.6582837906315789,HXK4,HXK4/5 FOLD CV
336,1.110173801631579,0.8750879129368422,19,1.1914425392631578,0.6582837906315789,HXK4,HXK4/5 FOLD CV
337,0.59707511,0.6686727577789474,19,1.1914425392631578,0.6582837906315789,HXK4,HXK4/5 FOLD CV
338,0.454148618,0.5046433989552631,19,1.1914425392631578,0.6582837906315789,HXK4,HXK4/5 FOLD CV
339,0.8931120743684211,0.784666393118421,19,1.1914425392631578,0.6582837906315789,HXK4,HXK4/5 FOLD CV
340,0.8908344311578947,0.752835337218421,19,1.1914425392631578,0.6582837906315789,HXK4,HXK4/5 FOLD CV
341,0.8373548654210526,0.8154336210552632,19,1.1914425392631578,0.6582837906315789,HXK4,HXK4/5 FOLD CV
342,0.7328735177894736,0.7339987279973684,19,1.1914425392631578,0.6582837906315789,HXK4,HXK4/5 FOLD CV
343,0.7109614923157895,0.7821655720026316,19,1.1914425392631578,0.6582837906315789,HXK4,HXK4/5 FOLD CV
344,1.0672028443684212,0.9079010565184212,19,1.1914425392631578,0.6582837906315789,HXK4,HXK4/5 FOLD CV
345,1.193282599388889,1.0335985264888887,18,1.1914425392631578,0.6582837906315789,HXK4,HXK4/5 FOLD CV
346,1.1621882511578947,0.921470179363158,19,1.1914425392631578,0.6582837906315789,HXK4,HXK4/5 FOLD CV
347,0.755024934,0.7576227691421052,19,1.1914425392631578,0.6582837906315789,HXK4,HXK4/5 FOLD CV
348,0.8381197218947368,0.8032248298868422,19,1.1914425392631578,0.6582837906315789,HXK4,HXK4/5 FOLD CV
349,0.9037189736666666,0.8533546842916667,18,1.1914425392631578,0.6582837906315789,HXK4,HXK4/5 FOLD CV
350,0.8624424892105264,0.8792062814394737,19,1.1914425392631578,0.6582837906315789,HXK4,HXK4/5 FOLD CV
351,0.4626846603684211,0.6169654855631579,19,1.1914425392631578,0.6582837906315789,HXK4,HXK4/5 FOLD CV
352,0.8490146573333334,0.8815729912111111,18,1.1914425392631578,0.6582837906315789,HXK4,HXK4/5 FOLD CV
353,1.0558495801578947,0.8353765975210526,19,1.1914425392631578,0.6582837906315789,HXK4,HXK4/5 FOLD CV
354,0.6488279652105263,0.6516993303710527,19,1.1914425392631578,0.6582837906315789,HXK4,HXK4/5 FOLD CV
355,0.6964222076315789,0.7188259363868421,19,1.1914425392631578,0.6582837906315789,HXK4,HXK4/5 FOLD CV
356,0.5970074917368421,0.7507950369,19,1.1914425392631578,0.6582837906315789,HXK4,HXK4/5 FOLD CV
357,0.761441740631579,0.8332007637894737,19,1.1914425392631578,0.6582837906315789,HXK4,HXK4/5 FOLD CV
358,0.8446941485882352,0.804934040982353,17,1.1914425392631578,0.6582837906315789,HXK4,HXK4/5 FOLD CV
359,1.090036035,1.0035359844578948,19,1.1914425392631578,0.6582837906315789,HXK4,HXK4/5 FOLD CV
360,0.9557376065263158,0.9401049978210526,19,1.1914425392631578,0.6582837906315789,HXK4,HXK4/5 FOLD CV
361,0.9782179899473684,0.843525154263158,19,1.1914425392631578,0.6582837906315789,HXK4,HXK4/5 FOLD CV
362,0.5883237231052632,0.6732918754157895,19,1.1914425392631578,0.6582837906315789,HXK4,HXK4/5 FOLD CV
363,0.7327105778947368,0.7860995999342105,19,1.1914425392631578,0.6582837906315789,HXK4,HXK4/5 FOLD CV
364,0.9802694443157894,0.873453599986842,19,1.1914425392631578,0.6582837906315789,HXK4,HXK4/5 FOLD CV
365,0.9060328391052631,0.8614660974973684,19,1.1914425392631578,0.6582837906315789,HXK4,HXK4/5 FOLD CV
366,0.42064867778947374,0.5851143759289473,19,1.1914425392631578,0.6582837906315789,HXK4,HXK4/5 FOLD CV
367,0.8377502322631579,0.7224482940105263,19,1.1914425392631578,0.6582837906315789,HXK4,HXK4/5 FOLD CV
368,0.9444880642105263,0.7939885711815788,19,1.1914425392631578,0.6582837906315789,HXK4,HXK4/5 FOLD CV
369,0.3015834672631579,0.57778348125,19,1.1914425392631578,0.6582837906315789,HXK4,HXK4/5 FOLD CV
370,0.38387240368421055,0.6056787310868421,19,1.1914425392631578,0.6582837906315789,HXK4,HXK4/5 FOLD CV
371,0.8206551185555555,0.8844970466805555,18,1.1914425392631578,0.6582837906315789,HXK4,HXK4/5 FOLD CV
372,0.8820976606842106,0.7123009860605263,19,1.1914425392631578,0.6582837906315789,HXK4,HXK4/5 FOLD CV
373,0.37483440815789476,0.5504818145842105,19,1.1914425392631578,0.6582837906315789,HXK4,HXK4/5 FOLD CV
374,0.29513494616666663,0.6727450233805556,18,1.1914425392631578,0.6582837906315789,HXK4,HXK4/5 FOLD CV
375,0.9396436202105264,0.9172183702921054,19,1.1914425392631578,0.6582837906315789,HXK4,HXK4/5 FOLD CV
376,-0.03209387968421053,0.4787430478763158,19,1.1914425392631578,0.6582837906315789,HXK4,HXK4/5 FOLD CV
377,0.17549723436842105,0.5095839167763158,19,1.1914425392631578,0.6582837906315789,HXK4,HXK4/5 FOLD CV
378,0.20026751163157894,0.5764416451210527,19,1.1914425392631578,0.6582837906315789,HXK4,HXK4/5 FOLD CV
379,1.0138398703157894,0.7866464923236842,19,1.1914425392631578,0.6582837906315789,HXK4,HXK4/5 FOLD CV
380,0.47044391821052634,0.5581866434078947,19,1.1914425392631578,0.6582837906315789,HXK4,HXK4/5 FOLD CV
381,0.16564605442105265,0.3374561251157895,19,1.1914425392631578,0.6582837906315789,HXK4,HXK4/5 FOLD CV
382,0.22793994022222222,0.5709717017611111,18,1.1914425392631578,0.6582837906315789,HXK4,HXK4/5 FOLD CV
383,0.0970234980526316,0.4237657305552631,19,1.1914425392631578,0.6582837906315789,HXK4,HXK4/5 FOLD CV
384,-0.0693575767368421,0.5608804091473685,19,1.1914425392631578,0.6582837906315789,HXK4,HXK4/5 FOLD CV
385,0.534958980631579,0.7395284142289473,19,1.1914425392631578,0.6582837906315789,HXK4,HXK4/5 FOLD CV
386,0.09058440705263156,0.6068056755078948,19,1.1914425392631578,0.6582837906315789,HXK4,HXK4/5 FOLD CV
387,0.23042558084210527,0.5219444513078947,19,1.1914425392631578,0.6582837906315789,HXK4,HXK4/5 FOLD CV
388,0.48897553089473683,0.5869576530710526,19,1.1914425392631578,0.6582837906315789,HXK4,HXK4/5 FOLD CV
389,0.3305768528333333,0.5894179569972222,18,1.1914425392631578,0.6582837906315789,HXK4,HXK4/5 FOLD CV
390,0.8518796721578947,0.720781578918421,19,1.1914425392631578,0.6582837906315789,HXK4,HXK4/5 FOLD CV
391,0.7793010844736843,0.7498117947394737,19,1.1914425392631578,0.6582837906315789,HXK4,HXK4/5 FOLD CV
392,0.6893041391666667,0.7107703571694445,18,1.1914425392631578,0.6582837906315789,HXK4,HXK4/5 FOLD CV
393,0.7882745688421052,0.718527378431579,19,1.1914425392631578,0.6582837906315789,HXK4,HXK4/5 FOLD CV
394,0.9689744141578946,0.8934534664842106,19,1.1914425392631578,0.6582837906315789,HXK4,HXK4/5 FOLD CV
395,0.9912230010526315,0.8528093772868421,19,1.1914425392631578,0.6582837906315789,HXK4,HXK4/5 FOLD CV
396,0.692547176,0.8068747586611111,18,1.1914425392631578,0.6582837906315789,HXK4,HXK4/5 FOLD CV
397,0.9739130981052632,0.8857712395578947,19,1.1914425392631578,0.6582837906315789,HXK4,HXK4/5 FOLD CV
398,0.9528392952105262,0.8851294155868421,19,1.1914425392631578,0.6582837906315789,HXK4,HXK4/5 FOLD CV
399,1.1240909695555557,0.7893457210972222,18,1.1914425392631578,0.6582837906315789,HXK4,HXK4/5 FOLD CV
400,1.0490228532105264,0.7624033280078947,19,1.1914425392631578,0.6582837906315789,HXK4,HXK4/5 FOLD CV
401,1.0317633655,0.8051592365166667,18,1.1914425392631578,0.6582837906315789,HXK4,HXK4/5 FOLD CV
402,1.0275187611578946,0.6446022730684211,19,1.1914425392631578,0.6582837906315789,HXK4,HXK4/5 FOLD CV
403,0.5264334195789474,0.6574266342368421,19,1.1914425392631578,0.6582837906315789,HXK4,HXK4/5 FOLD CV
404,1.5603238045263157,0.929851503381579,19,1.1914425392631578,0.6582837906315789,HXK4,HXK4/5 FOLD CV
405,0.09373144089473684,0.417741278281579,19,1.1914425392631578,0.6582837906315789,HXK4,HXK4/5 FOLD CV
406,0.2172664832105263,0.5193297646131579,19,1.1914425392631578,0.6582837906315789,HXK4,HXK4/5 FOLD CV
407,0.3057457791052631,0.4697590900289474,19,1.1914425392631578,0.6582837906315789,HXK4,HXK4/5 FOLD CV
408,0.22392569178947366,0.6372008595473685,19,1.1914425392631578,0.6582837906315789,HXK4,HXK4/5 FOLD CV
409,-0.057301567833333324,0.48466154859444444,18,1.1914425392631578,0.6582837906315789,HXK4,HXK4/5 FOLD CV
410,0.2838201624444444,0.48765461425555556,18,1.1914425392631578,0.6582837906315789,HXK4,HXK4/5 FOLD CV
411,0.4567578153888889,0.614318319175,18,1.1914425392631578,0.6582837906315789,HXK4,HXK4/5 FOLD CV
412,0.10263303784210524,0.48523464620789475,19,1.1914425392631578,0.6582837906315789,HXK4,HXK4/5 FOLD CV
413,1.257284249263158,0.8018924676921052,19,1.1914425392631578,0.6582837906315789,HXK4,HXK4/5 FOLD CV
414,0.5983356428421053,0.658267782536842,19,1.1914425392631578,0.6582837906315789,HXK4,HXK4/5 FOLD CV
415,0.5845076122777777,0.6192765624722223,18,1.1914425392631578,0.6582837906315789,HXK4,HXK4/5 FOLD CV
416,1.0137559257894737,0.7857044779552631,19,1.1914425392631578,0.6582837906315789,HXK4,HXK4/5 FOLD CV
417,1.1534497794736842,0.7995438653368421,19,1.1914425392631578,0.6582837906315789,HXK4,HXK4/5 FOLD CV
418,0.2105303905,0.40183811571944444,18,1.1914425392631578,0.6582837906315789,HXK4,HXK4/5 FOLD CV
419,0.6680806332631579,0.5952596795210526,19,1.1914425392631578,0.6582837906315789,HXK4,HXK4/5 FOLD CV
420,1.1020821708947368,0.8499200723552632,19,1.1914425392631578,0.6582837906315789,HXK4,HXK4/5 FOLD CV
421,1.1985754576842105,1.050035732473684,19,1.1914425392631578,0.6582837906315789,HXK4,HXK4/5 FOLD CV
422,0.5804387070526316,0.5943383554342105,19,1.1914425392631578,0.6582837906315789,HXK4,HXK4/5 FOLD CV
423,0.9043810544736842,0.7867100849921053,19,1.1914425392631578,0.6582837906315789,HXK4,HXK4/5 FOLD CV
424,0.9818159344736842,0.7758155510421053,19,1.1914425392631578,0.6582837906315789,HXK4,HXK4/5 FOLD CV
425,0.965824990368421,0.8296942283026316,19,1.1914425392631578,0.6582837906315789,HXK4,HXK4/5 FOLD CV
426,0.4941894761111111,0.6539411316777778,18,1.1914425392631578,0.6582837906315789,HXK4,HXK4/5 FOLD CV
427,1.061300258368421,0.8249950134578947,19,1.1914425392631578,0.6582837906315789,HXK4,HXK4/5 FOLD CV
428,1.1266056017894737,0.9539158937736842,19,1.1914425392631578,0.6582837906315789,HXK4,HXK4/5 FOLD CV
429,0.4375261294444444,0.7160048985916667,18,1.1914425392631578,0.6582837906315789,HXK4,HXK4/5 FOLD CV
430,0.8235546082105263,0.7720159454157894,19,1.1914425392631578,0.6582837906315789,HXK4,HXK4/5 FOLD CV
431,0.9444955117368421,0.8364902227421054,19,1.1914425392631578,0.6582837906315789,HXK4,HXK4/5 FOLD CV
432,1.2487607816842106,0.9801752650210528,19,1.1914425392631578,0.6582837906315789,HXK4,HXK4/5 FOLD CV
433,0.5960306319473684,0.6725643366078947,19,1.1914425392631578,0.6582837906315789,HXK4,HXK4/5 FOLD CV
434,0.927864734368421,0.7658745114131579,19,1.1914425392631578,0.6582837906315789,HXK4,HXK4/5 FOLD CV
435,0.522566358736842,0.7099838168105264,19,1.1914425392631578,0.6582837906315789,HXK4,HXK4/5 FOLD CV
436,1.0333744631111113,0.8671759885444444,18,1.1914425392631578,0.6582837906315789,HXK4,HXK4/5 FOLD CV
437,0.28603196550000004,0.46476218813055553,18,1.1914425392631578,0.6582837906315789,HXK4,HXK4/5 FOLD CV
438,0.8436096353888889,0.809853318463889,18,1.1914425392631578,0.6582837906315789,HXK4,HXK4/5 FOLD CV
439,1.2944409740555554,0.8810421339472223,18,1.1914425392631578,0.6582837906315789,HXK4,HXK4/5 FOLD CV
440,0.7327668562105264,0.6228963297447369,19,1.1914425392631578,0.6582837906315789,HXK4,HXK4/5 FOLD CV
441,1.738498432,1.2045254145289475,19,1.1914425392631578,0.6582837906315789,HXK4,HXK4/5 FOLD CV
442,0.9106786513157895,0.6992926007368421,19,1.1914425392631578,0.6582837906315789,HXK4,HXK4/5 FOLD CV
443,0.22835339938888888,0.40674255316944447,18,1.1914425392631578,0.6582837906315789,HXK4,HXK4/5 FOLD CV
444,-0.19755275405263156,0.3847247805,19,1.1914425392631578,0.6582837906315789,HXK4,HXK4/5 FOLD CV
445,0.6430252049473685,0.6342946917815789,19,1.1914425392631578,0.6582837906315789,HXK4,HXK4/5 FOLD CV
446,1.0030099001578947,0.745265861231579,19,1.1914425392631578,0.6582837906315789,HXK4,HXK4/5 FOLD CV
447,-0.09434373415789472,0.26999872568684213,19,1.1914425392631578,0.6582837906315789,HXK4,HXK4/5 FOLD CV
448,0.015417172052631578,0.45018964966842107,19,1.1914425392631578,0.6582837906315789,HXK4,HXK4/5 FOLD CV
449,-0.15136632884210527,0.2889985954105263,19,1.1914425392631578,0.6582837906315789,HXK4,HXK4/5 FOLD CV
450,0.11536185126315793,0.5658423214157895,19,1.1914425392631578,0.6582837906315789,HXK4,HXK4/5 FOLD CV
451,1.0731204163684211,0.7683102980473685,19,1.1914425392631578,0.6582837906315789,HXK4,HXK4/5 FOLD CV
452,0.5579672230526316,0.583669251968421,19,1.1914425392631578,0.6582837906315789,HXK4,HXK4/5 FOLD CV
453,0.4679495351052632,0.6832361656657895,19,1.1914425392631578,0.6582837906315789,HXK4,HXK4/5 FOLD CV
454,2.1499007115,1.3655713796944446,18,1.1914425392631578,0.6582837906315789,HXK4,HXK4/5 FOLD CV
455,2.7110945387333336,1.84529992452,15,1.1914425392631578,0.6582837906315789,HXK4,HXK4/5 FOLD CV
456,1.1004709708421052,0.8514663308552631,19,1.1914425392631578,0.6582837906315789,HXK4,HXK4/5 FOLD CV
457,1.376625624611111,1.1192086930527776,18,1.1914425392631578,0.6582837906315789,HXK4,HXK4/5 FOLD CV
458,1.868815995611111,1.2402405183416667,18,1.1914425392631578,0.6582837906315789,HXK4,HXK4/5 FOLD CV
459,2.557541610722222,1.9917676217638889,18,1.1914425392631578,0.6582837906315789,HXK4,HXK4/5 FOLD CV
460,1.1791525775789473,0.9376870897921052,19,1.1914425392631578,0.6582837906315789,HXK4,HXK4/5 FOLD CV
461,1.2603382354210526,0.993254516386842,19,1.1914425392631578,0.6582837906315789,HXK4,HXK4/5 FOLD CV
462,1.1914425392631578,0.9335286655105263,19,1.1914425392631578,0.6582837906315789,HXK4,HXK4/5 FOLD CV
463,0.9125458843684211,0.8696890210236843,19,1.1914425392631578,0.6582837906315789,HXK4,HXK4/5 FOLD CV
464,1.1927028636875,0.89955582203125,16,1.1914425392631578,0.6582837906315789,HXK4,HXK4/5 FOLD CV
0,-0.0431203535544864,-0.1249705281860855,6,1.10012039715652,0.6644442257312929,PTEN,PTEN/LLR
1,1.043885275487029,0.6339229900234674,12,1.10012039715652,0.6644442257312929,PTEN,PTEN/LLR
2,1.2345433752291786,1.4133425215755764,5,1.10012039715652,0.6644442257312929,PTEN,PTEN/LLR
3,1.1082991306881589,1.2397435336370166,3,1.10012039715652,0.6644442257312929,PTEN,PTEN/LLR
4,-0.2795985208689176,0.4627927392445332,7,1.10012039715652,0.6644442257312929,PTEN,PTEN/LLR
5,-0.28028197881820854,-0.5955120347433466,18,1.10012039715652,0.6644442257312929,PTEN,PTEN/LLR
6,1.0256393567143933,0.03168999912143813,19,1.10012039715652,0.6644442257312929,PTEN,PTEN/LLR
7,0.29012057502468497,1.0972582874739063,18,1.10012039715652,0.6644442257312929,PTEN,PTEN/LLR
8,0.10670361453967658,-0.6157973644784538,19,1.10012039715652,0.6644442257312929,PTEN,PTEN/LLR
9,-0.5106165823269334,-0.86713876857092,18,1.10012039715652,0.6644442257312929,PTEN,PTEN/LLR
10,0.4780608548386314,-0.034379399835413736,19,1.10012039715652,0.6644442257312929,PTEN,PTEN/LLR
11,0.2616289057985232,-0.22292253618738875,19,1.10012039715652,0.6644442257312929,PTEN,PTEN/LLR
12,0.028656720765509187,-0.49435636037170694,19,1.10012039715652,0.6644442257312929,PTEN,PTEN/LLR
13,0.650511174779587,-0.06863687983219631,19,1.10012039715652,0.6644442257312929,PTEN,PTEN/LLR
14,-1.450305479085251,-0.7312936013706315,19,1.10012039715652,0.6644442257312929,PTEN,PTEN/LLR
15,-0.20573467504855192,-0.7253888183804221,18,1.10012039715652,0.6644442257312929,PTEN,PTEN/LLR
16,0.2649192755192347,0.07231871945396891,19,1.10012039715652,0.6644442257312929,PTEN,PTEN/LLR
17,0.6633045619142903,-0.051220598075020086,19,1.10012039715652,0.6644442257312929,PTEN,PTEN/LLR
18,0.7618404096542072,-0.6349110337449964,19,1.10012039715652,0.6644442257312929,PTEN,PTEN/LLR
19,0.08263876417286835,-0.41130034331489757,19,1.10012039715652,0.6644442257312929,PTEN,PTEN/LLR
20,-0.2097271252947078,-0.8762466845497986,19,1.10012039715652,0.6644442257312929,PTEN,PTEN/LLR
21,-0.0036434303711669227,-0.718300784874302,19,1.10012039715652,0.6644442257312929,PTEN,PTEN/LLR
22,-1.6310685364184447,-0.8867393350348229,18,1.10012039715652,0.6644442257312929,PTEN,PTEN/LLR
23,-1.6163878113635544,-1.1203309058057795,18,1.10012039715652,0.6644442257312929,PTEN,PTEN/LLR
24,-1.129497247269247,-1.0592460257713656,14,1.10012039715652,0.6644442257312929,PTEN,PTEN/LLR
25,-0.49495698777967906,-0.36228384130440117,19,1.10012039715652,0.6644442257312929,PTEN,PTEN/LLR
26,-1.1901243521862486,-0.6111948670778043,19,1.10012039715652,0.6644442257312929,PTEN,PTEN/LLR
27,-1.0715668188360274,-0.7932622566263827,19,1.10012039715652,0.6644442257312929,PTEN,PTEN/LLR
28,0.6864508380119341,1.2342617949283146,19,1.10012039715652,0.6644442257312929,PTEN,PTEN/LLR
29,0.47663959350793605,0.08671556218620044,19,1.10012039715652,0.6644442257312929,PTEN,PTEN/LLR
30,0.13966167363993517,0.17438454090065225,19,1.10012039715652,0.6644442257312929,PTEN,PTEN/LLR
31,-1.3150532532885675,-0.8698916956289606,19,1.10012039715652,0.6644442257312929,PTEN,PTEN/LLR
32,-1.2731829189899637,-0.7740017764502829,19,1.10012039715652,0.6644442257312929,PTEN,PTEN/LLR
33,-1.5162371418559033,-0.7459376974713846,12,1.10012039715652,0.6644442257312929,PTEN,PTEN/LLR
34,-1.730205722246568,-0.832328463819302,17,1.10012039715652,0.6644442257312929,PTEN,PTEN/LLR
35,-0.903811778779524,-1.1346897500034292,19,1.10012039715652,0.6644442257312929,PTEN,PTEN/LLR
36,0.481601631097101,-0.8233542750991966,19,1.10012039715652,0.6644442257312929,PTEN,PTEN/LLR
37,-1.744782243141924,-0.6356686471497094,19,1.10012039715652,0.6644442257312929,PTEN,PTEN/LLR
38,-0.7543822398455936,-0.7999076988902895,19,1.10012039715652,0.6644442257312929,PTEN,PTEN/LLR
39,0.7588147458868543,-0.7689828747625103,17,1.10012039715652,0.6644442257312929,PTEN,PTEN/LLR
40,0.545699080998011,0.17510447674687082,18,1.10012039715652,0.6644442257312929,PTEN,PTEN/LLR
41,0.11547735274852523,-0.3214383402793004,18,1.10012039715652,0.6644442257312929,PTEN,PTEN/LLR
42,0.38572619538871816,-0.9464246812971956,18,1.10012039715652,0.6644442257312929,PTEN,PTEN/LLR
43,0.18658186846576724,-0.5231046192667228,18,1.10012039715652,0.6644442257312929,PTEN,PTEN/LLR
44,0.2662570002828425,-0.31028056453536246,17,1.10012039715652,0.6644442257312929,PTEN,PTEN/LLR
45,-0.6663193737527886,-1.0178952005146744,19,1.10012039715652,0.6644442257312929,PTEN,PTEN/LLR
46,-1.110043019895446,-0.8535032978520865,18,1.10012039715652,0.6644442257312929,PTEN,PTEN/LLR
47,-1.6745614223035754,-0.971025967024799,19,1.10012039715652,0.6644442257312929,PTEN,PTEN/LLR
48,0.12168936534613087,0.1679592712640533,18,1.10012039715652,0.6644442257312929,PTEN,PTEN/LLR
49,-0.14789875219621088,-0.678002701463058,19,1.10012039715652,0.6644442257312929,PTEN,PTEN/LLR
50,0.7695540134246834,0.1712441450616396,19,1.10012039715652,0.6644442257312929,PTEN,PTEN/LLR
51,0.17569729206836648,-0.5520783213889113,19,1.10012039715652,0.6644442257312929,PTEN,PTEN/LLR
52,-0.9410289403402227,-1.064489027909393,16,1.10012039715652,0.6644442257312929,PTEN,PTEN/LLR
53,0.5030024575075925,-0.04555060737216454,19,1.10012039715652,0.6644442257312929,PTEN,PTEN/LLR
54,0.5469085160000524,-0.4200519270751521,19,1.10012039715652,0.6644442257312929,PTEN,PTEN/LLR
55,-1.3030569430087209,-0.9800118676751978,19,1.10012039715652,0.6644442257312929,PTEN,PTEN/LLR
56,-1.4863691791514992,-0.7721716537815126,19,1.10012039715652,0.6644442257312929,PTEN,PTEN/LLR
57,0.4029281648206792,-0.07729573259173347,19,1.10012039715652,0.6644442257312929,PTEN,PTEN/LLR
58,0.6820242779425962,0.2358389129591903,19,1.10012039715652,0.6644442257312929,PTEN,PTEN/LLR
59,0.062355121803319646,-1.1390740203462084,19,1.10012039715652,0.6644442257312929,PTEN,PTEN/LLR
60,-1.461214626661587,-0.9843688842149296,19,1.10012039715652,0.6644442257312929,PTEN,PTEN/LLR
61,0.7318077538491905,0.6328629471460193,19,1.10012039715652,0.6644442257312929,PTEN,PTEN/LLR
62,0.6166471028210188,0.5069433982714964,19,1.10012039715652,0.6644442257312929,PTEN,PTEN/LLR
63,0.5834571191153937,0.17170286360382273,19,1.10012039715652,0.6644442257312929,PTEN,PTEN/LLR
64,-0.23956634318114212,-1.3108739682822648,19,1.10012039715652,0.6644442257312929,PTEN,PTEN/LLR
65,0.21102609023880875,-0.7960109915797241,19,1.10012039715652,0.6644442257312929,PTEN,PTEN/LLR
66,-1.080206748673081,-0.4833922837608428,19,1.10012039715652,0.6644442257312929,PTEN,PTEN/LLR
67,-1.467312849857926,-0.9615707798016658,19,1.10012039715652,0.6644442257312929,PTEN,PTEN/LLR
68,-0.3958966370250615,-0.38113996967433167,19,1.10012039715652,0.6644442257312929,PTEN,PTEN/LLR
69,-1.145058370399499,-0.9470607534627201,19,1.10012039715652,0.6644442257312929,PTEN,PTEN/LLR
70,-0.46311464031336574,-0.8148877526563529,19,1.10012039715652,0.6644442257312929,PTEN,PTEN/LLR
71,0.7120696835572198,0.9922055579290956,19,1.10012039715652,0.6644442257312929,PTEN,PTEN/LLR
72,0.49601455865483324,-0.8884136439182293,19,1.10012039715652,0.6644442257312929,PTEN,PTEN/LLR
73,-0.0029413743123712878,-0.6332755514836987,19,1.10012039715652,0.6644442257312929,PTEN,PTEN/LLR
74,0.761260466583935,1.4585015787305635,19,1.10012039715652,0.6644442257312929,PTEN,PTEN/LLR
75,0.07778650093567208,-1.2350554193525167,19,1.10012039715652,0.6644442257312929,PTEN,PTEN/LLR
76,0.41066720731230655,-0.18227174797249548,19,1.10012039715652,0.6644442257312929,PTEN,PTEN/LLR
77,0.7656951622122022,1.0370698527207594,19,1.10012039715652,0.6644442257312929,PTEN,PTEN/LLR
78,0.805425151519123,0.7971106061378743,19,1.10012039715652,0.6644442257312929,PTEN,PTEN/LLR
79,0.18990903494790012,-0.6152112721520212,19,1.10012039715652,0.6644442257312929,PTEN,PTEN/LLR
80,-0.8424112181666467,-1.213337461025983,19,1.10012039715652,0.6644442257312929,PTEN,PTEN/LLR
81,0.7225075814746361,0.3409404365601309,19,1.10012039715652,0.6644442257312929,PTEN,PTEN/LLR
82,0.6549516673181772,0.581342243954136,19,1.10012039715652,0.6644442257312929,PTEN,PTEN/LLR
83,0.661925846400393,0.014033882198636952,19,1.10012039715652,0.6644442257312929,PTEN,PTEN/LLR
84,0.2583614400837831,-0.52059723663381,19,1.10012039715652,0.6644442257312929,PTEN,PTEN/LLR
85,0.4981092591406877,-0.0420344747367646,19,1.10012039715652,0.6644442257312929,PTEN,PTEN/LLR
86,0.7187218645018165,0.7762239206875718,19,1.10012039715652,0.6644442257312929,PTEN,PTEN/LLR
87,-0.5718032324206345,-0.6623256620895142,19,1.10012039715652,0.6644442257312929,PTEN,PTEN/LLR
88,0.6476042970158978,0.02753455096134176,19,1.10012039715652,0.6644442257312929,PTEN,PTEN/LLR
89,-0.23300674781389677,-0.8688867931914778,19,1.10012039715652,0.6644442257312929,PTEN,PTEN/LLR
90,0.7457345600631858,-0.24302908632183742,19,1.10012039715652,0.6644442257312929,PTEN,PTEN/LLR
91,-2.220405247967026,-1.2477361820417272,19,1.10012039715652,0.6644442257312929,PTEN,PTEN/LLR
92,-0.9319974850882469,-0.9195164858802153,19,1.10012039715652,0.6644442257312929,PTEN,PTEN/LLR
93,0.4430021215377828,-0.1738502501691678,19,1.10012039715652,0.6644442257312929,PTEN,PTEN/LLR
94,-1.3137442195683071,-0.4443149641931131,19,1.10012039715652,0.6644442257312929,PTEN,PTEN/LLR
95,-1.1544750190615733,-0.8415964787516189,19,1.10012039715652,0.6644442257312929,PTEN,PTEN/LLR
96,0.7309588882295593,0.6025753008041986,19,1.10012039715652,0.6644442257312929,PTEN,PTEN/LLR
97,-0.16006503237777614,-0.14687630239104923,19,1.10012039715652,0.6644442257312929,PTEN,PTEN/LLR
98,0.6753350243390481,-0.3329832000020101,19,1.10012039715652,0.6644442257312929,PTEN,PTEN/LLR
99,0.5780182963667354,-0.14898348573980494,19,1.10012039715652,0.6644442257312929,PTEN,PTEN/LLR
100,-1.2838038250325243,-0.9662023879565712,19,1.10012039715652,0.6644442257312929,PTEN,PTEN/LLR
101,-0.28029785773500837,-0.22983261741772623,19,1.10012039715652,0.6644442257312929,PTEN,PTEN/LLR
102,-0.06607232938141525,-0.40637746790517065,19,1.10012039715652,0.6644442257312929,PTEN,PTEN/LLR
103,-1.175689106044071,-0.5864017822269812,19,1.10012039715652,0.6644442257312929,PTEN,PTEN/LLR
104,-1.4094115302463641,-0.8070087967566206,19,1.10012039715652,0.6644442257312929,PTEN,PTEN/LLR
105,-0.4999815077445783,-0.3173818314954142,19,1.10012039715652,0.6644442257312929,PTEN,PTEN/LLR
106,-0.8780746529712508,-0.9636525451309337,19,1.10012039715652,0.6644442257312929,PTEN,PTEN/LLR
107,-1.256825147373622,-0.30204276921742274,19,1.10012039715652,0.6644442257312929,PTEN,PTEN/LLR
108,0.16473815251645382,-0.4351528936978434,19,1.10012039715652,0.6644442257312929,PTEN,PTEN/LLR
109,0.46036862496819914,1.0043574103157502,19,1.10012039715652,0.6644442257312929,PTEN,PTEN/LLR
110,-1.3945041872065218,-1.0625202982117252,19,1.10012039715652,0.6644442257312929,PTEN,PTEN/LLR
111,-0.5051045721845155,-0.8669222775500729,19,1.10012039715652,0.6644442257312929,PTEN,PTEN/LLR
112,0.3204629909282261,0.23420933962175228,19,1.10012039715652,0.6644442257312929,PTEN,PTEN/LLR
113,0.36793845262134334,0.147638361581545,19,1.10012039715652,0.6644442257312929,PTEN,PTEN/LLR
114,0.3773102638991796,-0.5976539292129598,19,1.10012039715652,0.6644442257312929,PTEN,PTEN/LLR
115,0.3515083837803208,1.0341890609390494,19,1.10012039715652,0.6644442257312929,PTEN,PTEN/LLR
116,0.35856815671994036,1.0062536260898767,19,1.10012039715652,0.6644442257312929,PTEN,PTEN/LLR
117,-0.46808474196920846,0.21785707032026708,19,1.10012039715652,0.6644442257312929,PTEN,PTEN/LLR
118,-0.7798069578128474,-1.0190205286607024,19,1.10012039715652,0.6644442257312929,PTEN,PTEN/LLR
119,-1.281159733782709,-0.8509642870106475,19,1.10012039715652,0.6644442257312929,PTEN,PTEN/LLR
120,-1.1460255281357556,-0.6690701986793214,19,1.10012039715652,0.6644442257312929,PTEN,PTEN/LLR
121,-1.4349819903173489,-0.46686473364457026,19,1.10012039715652,0.6644442257312929,PTEN,PTEN/LLR
122,-1.4293556609510472,-0.6716215836931714,19,1.10012039715652,0.6644442257312929,PTEN,PTEN/LLR
123,-1.9349678395862973,-1.003955801831606,19,1.10012039715652,0.6644442257312929,PTEN,PTEN/LLR
124,-0.4537634777387809,-0.2094698321739083,19,1.10012039715652,0.6644442257312929,PTEN,PTEN/LLR
125,-1.248988073595377,-0.30935858383498704,19,1.10012039715652,0.6644442257312929,PTEN,PTEN/LLR
126,-1.6544795549974614,-1.2722914122842803,19,1.10012039715652,0.6644442257312929,PTEN,PTEN/LLR
127,-0.8295780757836829,-1.029934387854762,19,1.10012039715652,0.6644442257312929,PTEN,PTEN/LLR
128,-1.4368337030126839,-0.7591072915431565,19,1.10012039715652,0.6644442257312929,PTEN,PTEN/LLR
129,-1.7199814347572446,-0.45555605886945155,19,1.10012039715652,0.6644442257312929,PTEN,PTEN/LLR
130,-1.6090370224475066,-1.1957675663102458,19,1.10012039715652,0.6644442257312929,PTEN,PTEN/LLR
131,-2.264011021666987,-1.1651932899283395,19,1.10012039715652,0.6644442257312929,PTEN,PTEN/LLR
132,-0.6641162608608785,-0.5754296714215483,19,1.10012039715652,0.6644442257312929,PTEN,PTEN/LLR
133,-1.032695770592497,-0.9598916281090145,19,1.10012039715652,0.6644442257312929,PTEN,PTEN/LLR
134,-1.1388739495140519,-0.514360072672619,19,1.10012039715652,0.6644442257312929,PTEN,PTEN/LLR
135,-1.257797482926937,-1.0470480295378664,19,1.10012039715652,0.6644442257312929,PTEN,PTEN/LLR
136,-0.2373942772626557,-0.4868948115202033,19,1.10012039715652,0.6644442257312929,PTEN,PTEN/LLR
137,-0.4770289250854892,-0.03770691515713401,19,1.10012039715652,0.6644442257312929,PTEN,PTEN/LLR
138,-0.3753372093315588,-0.7270324219829402,19,1.10012039715652,0.6644442257312929,PTEN,PTEN/LLR
139,-0.555768474243013,-0.08940284886779519,19,1.10012039715652,0.6644442257312929,PTEN,PTEN/LLR
140,-0.1472285212280596,-0.3173734896205294,19,1.10012039715652,0.6644442257312929,PTEN,PTEN/LLR
141,0.4975069887068691,0.14682292165450206,19,1.10012039715652,0.6644442257312929,PTEN,PTEN/LLR
142,0.18327435782538334,0.7725673891575475,19,1.10012039715652,0.6644442257312929,PTEN,PTEN/LLR
143,0.5200673740975078,0.77118892672862,19,1.10012039715652,0.6644442257312929,PTEN,PTEN/LLR
144,0.29634467380311735,0.2960201873325013,19,1.10012039715652,0.6644442257312929,PTEN,PTEN/LLR
145,0.4472747197465928,1.7347604285025913,19,1.10012039715652,0.6644442257312929,PTEN,PTEN/LLR
146,0.6469159053118895,0.9931597493242998,19,1.10012039715652,0.6644442257312929,PTEN,PTEN/LLR
147,-0.24921171729997652,-0.2956445169128803,19,1.10012039715652,0.6644442257312929,PTEN,PTEN/LLR
148,0.4082095631131058,0.4701467794042635,19,1.10012039715652,0.6644442257312929,PTEN,PTEN/LLR
149,0.5915397065831944,0.04924336890163582,19,1.10012039715652,0.6644442257312929,PTEN,PTEN/LLR
150,-1.1994665660794073,-0.3070233460439599,19,1.10012039715652,0.6644442257312929,PTEN,PTEN/LLR
151,-0.9735926373760061,-0.9206532405063746,19,1.10012039715652,0.6644442257312929,PTEN,PTEN/LLR
152,0.08483412360044772,-0.4415179077597007,19,1.10012039715652,0.6644442257312929,PTEN,PTEN/LLR
153,-0.32175252974875174,-0.30319803502306614,19,1.10012039715652,0.6644442257312929,PTEN,PTEN/LLR
154,-1.4068177763945322,-0.6218068170444241,19,1.10012039715652,0.6644442257312929,PTEN,PTEN/LLR
155,-0.7176738422132757,-0.6341436006075766,19,1.10012039715652,0.6644442257312929,PTEN,PTEN/LLR
156,0.38471501032647054,-0.11639381535731784,19,1.10012039715652,0.6644442257312929,PTEN,PTEN/LLR
157,0.20910972095131297,0.8637349959588811,19,1.10012039715652,0.6644442257312929,PTEN,PTEN/LLR
158,-2.09432446748591,-0.8143031615819394,19,1.10012039715652,0.6644442257312929,PTEN,PTEN/LLR
159,-0.49255341968983457,-0.7792674228480769,19,1.10012039715652,0.6644442257312929,PTEN,PTEN/LLR
160,0.3294877116957653,0.18805927556222532,19,1.10012039715652,0.6644442257312929,PTEN,PTEN/LLR
161,-0.35102506541446954,-0.7703396616302761,19,1.10012039715652,0.6644442257312929,PTEN,PTEN/LLR
162,0.3484611988057251,0.35079451487813085,19,1.10012039715652,0.6644442257312929,PTEN,PTEN/LLR
163,0.307899095365694,-0.43037228186760407,19,1.10012039715652,0.6644442257312929,PTEN,PTEN/LLR
164,-1.6972752520693772,-0.8922931362632097,19,1.10012039715652,0.6644442257312929,PTEN,PTEN/LLR
165,-1.199048134303259,-0.9401722704180715,19,1.10012039715652,0.6644442257312929,PTEN,PTEN/LLR
166,0.16915730595148756,-1.0368538995100032,19,1.10012039715652,0.6644442257312929,PTEN,PTEN/LLR
167,0.4298711353596785,-0.714066212179317,19,1.10012039715652,0.6644442257312929,PTEN,PTEN/LLR
168,0.36426721522783867,-0.8344680656413331,19,1.10012039715652,0.6644442257312929,PTEN,PTEN/LLR
169,-1.355488283289095,-0.984055019066723,19,1.10012039715652,0.6644442257312929,PTEN,PTEN/LLR
170,-1.6982203659662813,-0.5088414667260099,19,1.10012039715652,0.6644442257312929,PTEN,PTEN/LLR
171,0.17185587448220502,-0.6862773065158141,19,1.10012039715652,0.6644442257312929,PTEN,PTEN/LLR
172,-0.7333608792670827,-0.9037590766925149,19,1.10012039715652,0.6644442257312929,PTEN,PTEN/LLR
173,-0.3552350025910044,-1.0110748111301755,19,1.10012039715652,0.6644442257312929,PTEN,PTEN/LLR
174,-1.1693708137123062,-1.0854452419305576,15,1.10012039715652,0.6644442257312929,PTEN,PTEN/LLR
175,0.37839882447994216,0.4913677980901959,19,1.10012039715652,0.6644442257312929,PTEN,PTEN/LLR
176,-1.306462120172955,-0.9585006911638793,19,1.10012039715652,0.6644442257312929,PTEN,PTEN/LLR
177,-0.6376258892452004,-0.8551142521135678,19,1.10012039715652,0.6644442257312929,PTEN,PTEN/LLR
178,0.006612736465339243,0.505790158059829,19,1.10012039715652,0.6644442257312929,PTEN,PTEN/LLR
179,0.20804153429166905,1.05510518652098,19,1.10012039715652,0.6644442257312929,PTEN,PTEN/LLR
180,-0.4299177038195836,-1.0545324061722159,19,1.10012039715652,0.6644442257312929,PTEN,PTEN/LLR
181,0.14152108320259782,-0.0038602753406662537,18,1.10012039715652,0.6644442257312929,PTEN,PTEN/LLR
182,0.2007281807021336,0.7585666523171508,17,1.10012039715652,0.6644442257312929,PTEN,PTEN/LLR
183,0.4277931857676634,0.29330300076439836,19,1.10012039715652,0.6644442257312929,PTEN,PTEN/LLR
184,0.5948793628398756,0.8350218386344762,19,1.10012039715652,0.6644442257312929,PTEN,PTEN/LLR
185,0.43193519085859305,-0.4462477606482968,19,1.10012039715652,0.6644442257312929,PTEN,PTEN/LLR
186,0.5069367703757122,0.63882661293569,17,1.10012039715652,0.6644442257312929,PTEN,PTEN/LLR
187,-0.05816304310524748,-0.9255303429487411,18,1.10012039715652,0.6644442257312929,PTEN,PTEN/LLR
188,0.39492029568302983,0.1871002022917837,19,1.10012039715652,0.6644442257312929,PTEN,PTEN/LLR
189,0.29006387632477054,-0.544896974945449,19,1.10012039715652,0.6644442257312929,PTEN,PTEN/LLR
190,0.5999440261485366,-0.017517895221999303,19,1.10012039715652,0.6644442257312929,PTEN,PTEN/LLR
191,0.4278756073817468,0.8458132361475255,18,1.10012039715652,0.6644442257312929,PTEN,PTEN/LLR
192,0.24678257002330367,-1.0713828451670924,19,1.10012039715652,0.6644442257312929,PTEN,PTEN/LLR
193,0.6174836720326801,0.3541893642773578,19,1.10012039715652,0.6644442257312929,PTEN,PTEN/LLR
194,-0.8798942214126337,-0.2394196708962698,18,1.10012039715652,0.6644442257312929,PTEN,PTEN/LLR
195,0.3594853351862393,-0.3555794040080946,19,1.10012039715652,0.6644442257312929,PTEN,PTEN/LLR
196,0.3285157158973373,-0.06421124441458138,19,1.10012039715652,0.6644442257312929,PTEN,PTEN/LLR
197,-0.7929312776533559,-0.1990149700626152,19,1.10012039715652,0.6644442257312929,PTEN,PTEN/LLR
198,0.4117794936895062,0.8325738437126285,19,1.10012039715652,0.6644442257312929,PTEN,PTEN/LLR
199,-0.6593530312628957,-0.237871063036333,17,1.10012039715652,0.6644442257312929,PTEN,PTEN/LLR
200,0.3727029964216637,-0.2593366593429528,19,1.10012039715652,0.6644442257312929,PTEN,PTEN/LLR
201,0.6737505696830596,0.1905428472810018,19,1.10012039715652,0.6644442257312929,PTEN,PTEN/LLR
202,0.3872519365433272,-0.6619843357885928,19,1.10012039715652,0.6644442257312929,PTEN,PTEN/LLR
203,-0.19234674714447925,-1.0563537632731232,19,1.10012039715652,0.6644442257312929,PTEN,PTEN/LLR
204,0.1971872012322228,0.02384725017618998,19,1.10012039715652,0.6644442257312929,PTEN,PTEN/LLR
205,0.5870595178793186,-0.3110399310224096,19,1.10012039715652,0.6644442257312929,PTEN,PTEN/LLR
206,0.2924223806423635,0.11209754268973467,18,1.10012039715652,0.6644442257312929,PTEN,PTEN/LLR
207,0.38592029360224417,-0.545621627846499,19,1.10012039715652,0.6644442257312929,PTEN,PTEN/LLR
208,0.5058563749226034,-0.8101272349579463,19,1.10012039715652,0.6644442257312929,PTEN,PTEN/LLR
209,0.3651435602093704,-0.25575105305907586,19,1.10012039715652,0.6644442257312929,PTEN,PTEN/LLR
210,0.45647178381043163,-0.8192424631217392,19,1.10012039715652,0.6644442257312929,PTEN,PTEN/LLR
211,0.7096016739076084,0.8903018135468942,19,1.10012039715652,0.6644442257312929,PTEN,PTEN/LLR
212,-0.04184469916106778,-0.7709613957348718,18,1.10012039715652,0.6644442257312929,PTEN,PTEN/LLR
213,0.6245284134115465,0.3957519782084609,19,1.10012039715652,0.6644442257312929,PTEN,PTEN/LLR
214,-0.06203691238467924,-0.7120204350400685,19,1.10012039715652,0.6644442257312929,PTEN,PTEN/LLR
215,0.15076769943090085,0.4187801815538774,19,1.10012039715652,0.6644442257312929,PTEN,PTEN/LLR
216,-0.9721009172827746,-0.5557829024234614,19,1.10012039715652,0.6644442257312929,PTEN,PTEN/LLR
217,0.21275609237661547,1.1835266176224661,19,1.10012039715652,0.6644442257312929,PTEN,PTEN/LLR
218,0.23943107269189318,0.49674541092488383,19,1.10012039715652,0.6644442257312929,PTEN,PTEN/LLR
219,0.44353357411793265,2.209459145591937,19,1.10012039715652,0.6644442257312929,PTEN,PTEN/LLR
220,0.4737163977674771,-0.32181829185534244,19,1.10012039715652,0.6644442257312929,PTEN,PTEN/LLR
221,0.3507892694480468,1.5170952715884667,19,1.10012039715652,0.6644442257312929,PTEN,PTEN/LLR
222,0.31173212013194845,0.28889338716066154,19,1.10012039715652,0.6644442257312929,PTEN,PTEN/LLR
223,0.29050851264114336,0.2986795257596491,19,1.10012039715652,0.6644442257312929,PTEN,PTEN/LLR
224,0.0556630069539199,0.12539321769771936,19,1.10012039715652,0.6644442257312929,PTEN,PTEN/LLR
225,0.545897359376245,0.6582878433330909,19,1.10012039715652,0.6644442257312929,PTEN,PTEN/LLR
226,0.6599565752174695,0.175933804499167,19,1.10012039715652,0.6644442257312929,PTEN,PTEN/LLR
227,0.5979145628978708,1.5821170755453682,19,1.10012039715652,0.6644442257312929,PTEN,PTEN/LLR
228,0.5539642340325168,1.4838622393842664,19,1.10012039715652,0.6644442257312929,PTEN,PTEN/LLR
229,0.5585111963141371,1.8100952884420056,19,1.10012039715652,0.6644442257312929,PTEN,PTEN/LLR
230,0.6624931737182905,1.3665799357623047,19,1.10012039715652,0.6644442257312929,PTEN,PTEN/LLR
231,0.5517585228232523,0.5578976966176062,19,1.10012039715652,0.6644442257312929,PTEN,PTEN/LLR
232,0.3706839748551154,0.6385572958874934,19,1.10012039715652,0.6644442257312929,PTEN,PTEN/LLR
233,0.37411662108340077,-0.4484796353345251,19,1.10012039715652,0.6644442257312929,PTEN,PTEN/LLR
234,0.4918542505103109,-0.22758466005621708,19,1.10012039715652,0.6644442257312929,PTEN,PTEN/LLR
235,0.40679397926733457,-0.36548785424166874,19,1.10012039715652,0.6644442257312929,PTEN,PTEN/LLR
236,0.35892559080492514,-0.7253523685450495,18,1.10012039715652,0.6644442257312929,PTEN,PTEN/LLR
237,0.4159638971305749,-0.06943313821903896,19,1.10012039715652,0.6644442257312929,PTEN,PTEN/LLR
238,0.03729677039838799,0.16975869493918694,19,1.10012039715652,0.6644442257312929,PTEN,PTEN/LLR
239,0.5898589925001055,1.222916958778098,19,1.10012039715652,0.6644442257312929,PTEN,PTEN/LLR
240,-0.925516932517434,-0.11354242204487264,19,1.10012039715652,0.6644442257312929,PTEN,PTEN/LLR
241,0.31694955849271916,0.6201722644246785,19,1.10012039715652,0.6644442257312929,PTEN,PTEN/LLR
242,-0.24704861936211692,0.0049502148621250845,19,1.10012039715652,0.6644442257312929,PTEN,PTEN/LLR
243,0.26733321694956835,0.4899067769453192,19,1.10012039715652,0.6644442257312929,PTEN,PTEN/LLR
244,0.5435264951020141,0.46414445622547196,19,1.10012039715652,0.6644442257312929,PTEN,PTEN/LLR
245,-0.17976561024385385,0.6067243617789384,19,1.10012039715652,0.6644442257312929,PTEN,PTEN/LLR
246,-0.2620344853422998,-0.228685272317496,19,1.10012039715652,0.6644442257312929,PTEN,PTEN/LLR
247,0.4906937215692268,0.29087175189135683,19,1.10012039715652,0.6644442257312929,PTEN,PTEN/LLR
248,-1.065629027845325,-0.5107968546462063,19,1.10012039715652,0.6644442257312929,PTEN,PTEN/LLR
249,0.2373954911121132,-0.36637263788426233,19,1.10012039715652,0.6644442257312929,PTEN,PTEN/LLR
250,-0.5286872002394094,-0.9911477667751081,19,1.10012039715652,0.6644442257312929,PTEN,PTEN/LLR
251,-1.6534602394408335,-1.2202845126236088,19,1.10012039715652,0.6644442257312929,PTEN,PTEN/LLR
252,-0.8407701100500703,-0.7287405178192184,19,1.10012039715652,0.6644442257312929,PTEN,PTEN/LLR
253,0.41667570243584157,-0.864217008352698,19,1.10012039715652,0.6644442257312929,PTEN,PTEN/LLR
254,-0.9744981544929663,-0.6133299459794094,19,1.10012039715652,0.6644442257312929,PTEN,PTEN/LLR
255,-0.10557820962866989,-1.0115638329080552,18,1.10012039715652,0.6644442257312929,PTEN,PTEN/LLR
256,-0.9705939255555867,-1.1097649185833531,19,1.10012039715652,0.6644442257312929,PTEN,PTEN/LLR
257,0.2797296187982257,-0.22869523587162904,19,1.10012039715652,0.6644442257312929,PTEN,PTEN/LLR
258,0.2851476824566299,-0.9686550954046209,19,1.10012039715652,0.6644442257312929,PTEN,PTEN/LLR
259,0.2775352052168384,-0.039796360337552975,19,1.10012039715652,0.6644442257312929,PTEN,PTEN/LLR
260,0.542670384724317,-0.04961202047291242,19,1.10012039715652,0.6644442257312929,PTEN,PTEN/LLR
261,0.16988258295288935,-0.10491935497132937,19,1.10012039715652,0.6644442257312929,PTEN,PTEN/LLR
262,0.3667483745991548,-0.8364088566713507,19,1.10012039715652,0.6644442257312929,PTEN,PTEN/LLR
263,-0.20146545470045785,-0.12944604685141226,19,1.10012039715652,0.6644442257312929,PTEN,PTEN/LLR
264,0.2200101286184182,0.6952072444470657,19,1.10012039715652,0.6644442257312929,PTEN,PTEN/LLR
265,0.4065214399508992,-0.2039635706866603,19,1.10012039715652,0.6644442257312929,PTEN,PTEN/LLR
266,0.3465895828527684,-0.3066221288161081,19,1.10012039715652,0.6644442257312929,PTEN,PTEN/LLR
267,0.655236295196457,-0.6218223366040839,19,1.10012039715652,0.6644442257312929,PTEN,PTEN/LLR
268,0.39472781135254775,-1.1231872337884137,19,1.10012039715652,0.6644442257312929,PTEN,PTEN/LLR
269,0.1602713121938397,-0.8473163889622459,19,1.10012039715652,0.6644442257312929,PTEN,PTEN/LLR
270,-0.9847059221494027,-1.0447202332546854,19,1.10012039715652,0.6644442257312929,PTEN,PTEN/LLR
271,0.35072407121873467,0.0761075455074375,19,1.10012039715652,0.6644442257312929,PTEN,PTEN/LLR
272,-0.6762485980771924,-0.9073070866798428,19,1.10012039715652,0.6644442257312929,PTEN,PTEN/LLR
273,-0.07050700659950238,-0.21816533682169306,19,1.10012039715652,0.6644442257312929,PTEN,PTEN/LLR
274,-0.956995341604098,0.18577288546378645,18,1.10012039715652,0.6644442257312929,PTEN,PTEN/LLR
275,-1.5268435083686231,-1.0200021770404244,19,1.10012039715652,0.6644442257312929,PTEN,PTEN/LLR
276,-0.9939043537525912,-0.8325185388865126,19,1.10012039715652,0.6644442257312929,PTEN,PTEN/LLR
277,0.192596821558059,-0.6429490885182826,19,1.10012039715652,0.6644442257312929,PTEN,PTEN/LLR
278,-0.01698611121817418,-1.019816088812967,19,1.10012039715652,0.6644442257312929,PTEN,PTEN/LLR
279,0.4261534216683727,-0.5412321492906903,19,1.10012039715652,0.6644442257312929,PTEN,PTEN/LLR
280,0.6699660413337462,0.7217771685414965,19,1.10012039715652,0.6644442257312929,PTEN,PTEN/LLR
281,0.5569694409795533,-0.686615284700572,19,1.10012039715652,0.6644442257312929,PTEN,PTEN/LLR
282,0.5760658834641988,-0.23777923997524913,18,1.10012039715652,0.6644442257312929,PTEN,PTEN/LLR
283,0.5894765356249407,-0.04489631895259975,19,1.10012039715652,0.6644442257312929,PTEN,PTEN/LLR
284,0.5940659587105526,0.049062304497526035,19,1.10012039715652,0.6644442257312929,PTEN,PTEN/LLR
285,0.5731939095142131,1.295684135757414,19,1.10012039715652,0.6644442257312929,PTEN,PTEN/LLR
286,0.4323271220128791,1.2026243055406418,19,1.10012039715652,0.6644442257312929,PTEN,PTEN/LLR
287,0.7498960707221962,1.2420529160363571,19,1.10012039715652,0.6644442257312929,PTEN,PTEN/LLR
288,0.7151014407261844,1.3367576432084947,19,1.10012039715652,0.6644442257312929,PTEN,PTEN/LLR
289,0.5652602202984447,1.625084812407263,18,1.10012039715652,0.6644442257312929,PTEN,PTEN/LLR
290,0.5648588278237799,1.4273289481519102,19,1.10012039715652,0.6644442257312929,PTEN,PTEN/LLR
291,0.7124646164847009,1.1928578291090814,18,1.10012039715652,0.6644442257312929,PTEN,PTEN/LLR
292,0.5629206149760739,1.4282815301640497,18,1.10012039715652,0.6644442257312929,PTEN,PTEN/LLR
293,0.378921446240045,1.3995767008950482,18,1.10012039715652,0.6644442257312929,PTEN,PTEN/LLR
294,0.5732515443448643,0.5373536733869564,19,1.10012039715652,0.6644442257312929,PTEN,PTEN/LLR
295,0.5445134514155137,1.7066539048559675,18,1.10012039715652,0.6644442257312929,PTEN,PTEN/LLR
296,0.3961000106790406,0.17954787612605003,18,1.10012039715652,0.6644442257312929,PTEN,PTEN/LLR
297,0.5510031305587456,1.3243605556004565,18,1.10012039715652,0.6644442257312929,PTEN,PTEN/LLR
298,0.5417668338644719,0.06809746194870342,18,1.10012039715652,0.6644442257312929,PTEN,PTEN/LLR
299,0.8304719762678486,-0.32302201724210006,18,1.10012039715652,0.6644442257312929,PTEN,PTEN/LLR
300,0.5590917515507042,-0.027412858467080595,19,1.10012039715652,0.6644442257312929,PTEN,PTEN/LLR
301,0.5715198436548793,0.8826267834591033,19,1.10012039715652,0.6644442257312929,PTEN,PTEN/LLR
302,0.5410698516461651,0.32120783531061997,19,1.10012039715652,0.6644442257312929,PTEN,PTEN/LLR
303,0.6030140365246691,0.3573286729294763,19,1.10012039715652,0.6644442257312929,PTEN,PTEN/LLR
304,0.5388286252347971,0.9496045737228712,19,1.10012039715652,0.6644442257312929,PTEN,PTEN/LLR
305,0.5204207579632866,1.2096506311513935,19,1.10012039715652,0.6644442257312929,PTEN,PTEN/LLR
306,0.41561317814773346,-0.1364251830281835,19,1.10012039715652,0.6644442257312929,PTEN,PTEN/LLR
307,0.553491719145957,0.5215395929954504,19,1.10012039715652,0.6644442257312929,PTEN,PTEN/LLR
308,0.31132535374278153,1.6097341151712046,19,1.10012039715652,0.6644442257312929,PTEN,PTEN/LLR
309,0.3383637427303393,0.6373362410944898,19,1.10012039715652,0.6644442257312929,PTEN,PTEN/LLR
310,0.5141090270841815,1.2123817691147114,19,1.10012039715652,0.6644442257312929,PTEN,PTEN/LLR
311,0.42247283553317744,0.1813489774976961,19,1.10012039715652,0.6644442257312929,PTEN,PTEN/LLR
312,0.535825648401498,0.5415021793236481,19,1.10012039715652,0.6644442257312929,PTEN,PTEN/LLR
313,0.6153884859921969,1.0082503049804898,19,1.10012039715652,0.6644442257312929,PTEN,PTEN/LLR
314,0.3344453842940255,0.37939499104592067,19,1.10012039715652,0.6644442257312929,PTEN,PTEN/LLR
315,0.22322775752910629,0.011491584191663079,19,1.10012039715652,0.6644442257312929,PTEN,PTEN/LLR
316,0.28041657128542075,-0.04966411196704321,19,1.10012039715652,0.6644442257312929,PTEN,PTEN/LLR
317,0.4380221652121808,-0.5835944536242262,19,1.10012039715652,0.6644442257312929,PTEN,PTEN/LLR
318,0.24268015941567533,0.10096448779313538,19,1.10012039715652,0.6644442257312929,PTEN,PTEN/LLR
319,-0.39534125672916554,-1.0912106361885012,19,1.10012039715652,0.6644442257312929,PTEN,PTEN/LLR
320,0.4119755788216967,0.0043349728798323574,19,1.10012039715652,0.6644442257312929,PTEN,PTEN/LLR
321,0.37834433482680585,-0.882195568264074,19,1.10012039715652,0.6644442257312929,PTEN,PTEN/LLR
322,0.5568745157164031,0.5552720326738494,19,1.10012039715652,0.6644442257312929,PTEN,PTEN/LLR
323,0.5258635595973592,-0.2859761346009668,18,1.10012039715652,0.6644442257312929,PTEN,PTEN/LLR
324,-0.9857580792460963,-0.9912994446061184,19,1.10012039715652,0.6644442257312929,PTEN,PTEN/LLR
325,-0.834974706805923,-1.0735304395212946,19,1.10012039715652,0.6644442257312929,PTEN,PTEN/LLR
326,0.4219758695557317,-0.7779281337580031,19,1.10012039715652,0.6644442257312929,PTEN,PTEN/LLR
327,0.44716429729698876,-1.0575389145555272,19,1.10012039715652,0.6644442257312929,PTEN,PTEN/LLR
328,0.6363511284287113,-0.1328797238914861,19,1.10012039715652,0.6644442257312929,PTEN,PTEN/LLR
329,0.37490926834502725,-1.4186816823381136,19,1.10012039715652,0.6644442257312929,PTEN,PTEN/LLR
330,0.5842603138548526,-1.0344568292972984,19,1.10012039715652,0.6644442257312929,PTEN,PTEN/LLR
331,0.37836880725423994,-0.8792963012086288,8,1.10012039715652,0.6644442257312929,PTEN,PTEN/LLR
332,-0.8036926058264927,0.6776027117836879,11,1.10012039715652,0.6644442257312929,PTEN,PTEN/LLR
333,-0.32306652408403913,-0.2984794599568885,7,1.10012039715652,0.6644442257312929,PTEN,PTEN/LLR
334,0.36114040141482234,0.30698477217399955,4,1.10012039715652,0.6644442257312929,PTEN,PTEN/LLR
335,0.02245550048508883,1.0377576647377784,3,1.10012039715652,0.6644442257312929,PTEN,PTEN/LLR
336,-0.24844767081610095,-0.5621388528750908,12,1.10012039715652,0.6644442257312929,PTEN,PTEN/LLR
337,0.5868330066291394,-0.3146610352716692,7,1.10012039715652,0.6644442257312929,PTEN,PTEN/LLR
338,-0.07564357128308584,-0.5501017432517692,6,1.10012039715652,0.6644442257312929,PTEN,PTEN/LLR
339,-0.12023118067299364,-0.6214228107895188,7,1.10012039715652,0.6644442257312929,PTEN,PTEN/LLR
340,0.14841912741969085,-0.480677672072996,7,1.10012039715652,0.6644442257312929,PTEN,PTEN/LLR
341,-0.08057635386013826,-0.007676522244583002,9,1.10012039715652,0.6644442257312929,PTEN,PTEN/LLR
342,-0.1090472110130483,-0.9989030245399697,7,1.10012039715652,0.6644442257312929,PTEN,PTEN/LLR
343,0.0037272920045824756,-0.4024903843607428,6,1.10012039715652,0.6644442257312929,PTEN,PTEN/LLR
344,-0.3623086045851209,-0.7961641629421597,9,1.10012039715652,0.6644442257312929,PTEN,PTEN/LLR
345,-0.816414559932601,-0.0453259922691137,7,1.10012039715652,0.6644442257312929,PTEN,PTEN/LLR
346,-0.8983036841045314,-0.8785959135066566,4,1.10012039715652,0.6644442257312929,PTEN,PTEN/LLR
347,-0.10036370160399515,-0.19056325332632973,10,1.10012039715652,0.6644442257312929,PTEN,PTEN/LLR
348,0.3687538667174818,0.23190027834768392,14,1.10012039715652,0.6644442257312929,PTEN,PTEN/LLR
349,-0.21853320408749596,1.4138628648540474,8,1.10012039715652,0.6644442257312929,PTEN,PTEN/LLR
350,0.5087941101826129,1.5136003147114958,18,1.10012039715652,0.6644442257312929,PTEN,PTEN/LLR
351,0.45556759485651716,1.0604984619446045,19,1.10012039715652,0.6644442257312929,PTEN,PTEN/LLR
352,0.5514579881042138,1.067832581664915,19,1.10012039715652,0.6644442257312929,PTEN,PTEN/LLR
353,0.610498635500009,1.3612333442714133,19,1.10012039715652,0.6644442257312929,PTEN,PTEN/LLR
354,0.6135618604465307,1.257098834937906,19,1.10012039715652,0.6644442257312929,PTEN,PTEN/LLR
355,0.6731018473892768,1.6166317725022123,18,1.10012039715652,0.6644442257312929,PTEN,PTEN/LLR
356,0.5318059277323254,1.398925989307175,19,1.10012039715652,0.6644442257312929,PTEN,PTEN/LLR
357,0.612654972493428,1.227289474381599,19,1.10012039715652,0.6644442257312929,PTEN,PTEN/LLR
358,0.5722030496887943,1.2194806898370836,19,1.10012039715652,0.6644442257312929,PTEN,PTEN/LLR
359,0.5298415826248334,0.9487695888895481,19,1.10012039715652,0.6644442257312929,PTEN,PTEN/LLR
360,0.45077975536158954,0.9638118820612045,19,1.10012039715652,0.6644442257312929,PTEN,PTEN/LLR
361,0.4882906566662966,0.8647549944620637,19,1.10012039715652,0.6644442257312929,PTEN,PTEN/LLR
362,0.41341963858908304,1.3758420814955423,17,1.10012039715652,0.6644442257312929,PTEN,PTEN/LLR
363,0.4341687292969776,1.122933810984903,19,1.10012039715652,0.6644442257312929,PTEN,PTEN/LLR
364,0.5255207004755357,1.4596541970185217,19,1.10012039715652,0.6644442257312929,PTEN,PTEN/LLR
365,0.6477814218843778,0.9731149262097502,19,1.10012039715652,0.6644442257312929,PTEN,PTEN/LLR
366,0.5125053221207875,1.1159744166129988,19,1.10012039715652,0.6644442257312929,PTEN,PTEN/LLR
367,0.6296968173484014,1.1832145679283976,19,1.10012039715652,0.6644442257312929,PTEN,PTEN/LLR
368,0.568562953356962,1.3229847847721217,19,1.10012039715652,0.6644442257312929,PTEN,PTEN/LLR
369,0.6077199708289904,0.8124915147333477,19,1.10012039715652,0.6644442257312929,PTEN,PTEN/LLR
370,0.5963629607836048,1.0032897322497483,19,1.10012039715652,0.6644442257312929,PTEN,PTEN/LLR
371,0.5675188536592749,1.3264386468757434,19,1.10012039715652,0.6644442257312929,PTEN,PTEN/LLR
372,0.7071134156890962,0.7765186030993146,19,1.10012039715652,0.6644442257312929,PTEN,PTEN/LLR
373,0.6878051153998611,1.6244667443461336,19,1.10012039715652,0.6644442257312929,PTEN,PTEN/LLR
374,0.7166838611127543,1.1263607644223126,19,1.10012039715652,0.6644442257312929,PTEN,PTEN/LLR
375,0.6117659780136977,1.6817941912959846,19,1.10012039715652,0.6644442257312929,PTEN,PTEN/LLR
376,0.6475720364522434,1.7529741800174639,19,1.10012039715652,0.6644442257312929,PTEN,PTEN/LLR
377,0.7465897004429043,1.7872856839518347,19,1.10012039715652,0.6644442257312929,PTEN,PTEN/LLR
378,0.7098438015685513,1.2890295673277747,19,1.10012039715652,0.6644442257312929,PTEN,PTEN/LLR
379,0.770204192964744,0.5324423865290117,19,1.10012039715652,0.6644442257312929,PTEN,PTEN/LLR
380,0.2117750842575475,0.1621472698776048,19,1.10012039715652,0.6644442257312929,PTEN,PTEN/LLR
381,0.4152579447070265,0.7337663723677331,19,1.10012039715652,0.6644442257312929,PTEN,PTEN/LLR
382,0.18591525589045155,0.7756160212324644,19,1.10012039715652,0.6644442257312929,PTEN,PTEN/LLR
383,0.2767521631429434,-0.19091315030066544,19,1.10012039715652,0.6644442257312929,PTEN,PTEN/LLR
384,0.41912466784612845,-0.2621224337747134,19,1.10012039715652,0.6644442257312929,PTEN,PTEN/LLR
385,0.35345498033133477,0.1642560137262133,18,1.10012039715652,0.6644442257312929,PTEN,PTEN/LLR
386,0.5516531214263501,1.5906421957334702,19,1.10012039715652,0.6644442257312929,PTEN,PTEN/LLR
387,0.3858874696203792,0.19893073849678658,19,1.10012039715652,0.6644442257312929,PTEN,PTEN/LLR
388,0.535896693659795,1.1429340924153124,19,1.10012039715652,0.6644442257312929,PTEN,PTEN/LLR
389,0.7332420050997394,1.0023765646289797,19,1.10012039715652,0.6644442257312929,PTEN,PTEN/LLR
390,0.22528169683738225,1.6664887040262177,19,1.10012039715652,0.6644442257312929,PTEN,PTEN/LLR
391,-0.09464535114908598,1.727453111836912,19,1.10012039715652,0.6644442257312929,PTEN,PTEN/LLR
392,0.19456076627190094,1.2546032367003828,19,1.10012039715652,0.6644442257312929,PTEN,PTEN/LLR
393,0.12953857333507304,1.3631294426770295,18,1.10012039715652,0.6644442257312929,PTEN,PTEN/LLR
394,0.03523751491887653,1.396371414631591,19,1.10012039715652,0.6644442257312929,PTEN,PTEN/LLR
395,0.36895040692087333,1.5627738190176677,19,1.10012039715652,0.6644442257312929,PTEN,PTEN/LLR
396,0.062378087559334064,1.668214076805258,19,1.10012039715652,0.6644442257312929,PTEN,PTEN/LLR
397,0.2724752396323354,1.4565395978175733,18,1.10012039715652,0.6644442257312929,PTEN,PTEN/LLR
398,-0.25371939638222657,1.433106900305637,15,1.10012039715652,0.6644442257312929,PTEN,PTEN/LLR
399,-0.3078278857089655,0.7223268912933853,11,1.10012039715652,0.6644442257312929,PTEN,PTEN/LLR
400,-0.6558631326090604,0.3204767157440271,6,1.10012039715652,0.6644442257312929,PTEN,PTEN/LLR
401,0.6023823162257516,0.8853478778098627,7,1.10012039715652,0.6644442257312929,PTEN,PTEN/LLR
402,-0.5388907696090662,0.4073206552343551,6,1.10012039715652,0.6644442257312929,PTEN,PTEN/LLR
0,-0.9819344769999999,-1.044621099846666,6,1.10012039715652,0.6644442257312929,PTEN,PTEN/RF AL
1,0.5625250297500001,-1.4862463435199993,12,1.10012039715652,0.6644442257312929,PTEN,PTEN/RF AL
2,0.8334194085999981,-1.7128823580379993,5,1.10012039715652,0.6644442257312929,PTEN,PTEN/RF AL
3,0.6540467186666666,-0.40147994446999996,3,1.10012039715652,0.6644442257312929,PTEN,PTEN/RF AL
4,-1.3179317744285686,-0.5478407058885711,7,1.10012039715652,0.6644442257312929,PTEN,PTEN/RF AL
5,-1.3189028578333317,-1.2300980072444436,18,1.10012039715652,0.6644442257312929,PTEN,PTEN/RF AL
6,0.5366005248947366,-0.6061480307594733,19,1.10012039715652,0.6644442257312929,PTEN,PTEN/RF AL
7,-0.5084529177222216,-1.1972318531861104,18,1.10012039715652,0.6644442257312929,PTEN,PTEN/RF AL
8,-0.7690588067368416,-1.0683492956299994,19,1.10012039715652,0.6644442257312929,PTEN,PTEN/RF AL
9,-1.6461711429444434,-1.1452441664738882,18,1.10012039715652,0.6644442257312929,PTEN,PTEN/RF AL
10,-0.24142012221052625,-1.4015632071168413,19,1.10012039715652,0.6644442257312929,PTEN,PTEN/RF AL
11,-0.5489349798421054,-1.6548265561894728,19,1.10012039715652,0.6644442257312929,PTEN,PTEN/RF AL
12,-0.8799508424736836,-1.687726464259473,19,1.10012039715652,0.6644442257312929,PTEN,PTEN/RF AL
13,0.003603941105263169,-0.8230541728836838,19,1.10012039715652,0.6644442257312929,PTEN,PTEN/RF AL
14,-2.981317356736841,-1.7460697373894727,19,1.10012039715652,0.6644442257312929,PTEN,PTEN/RF AL
15,-1.2129831745,-1.344727675454444,18,1.10012039715652,0.6644442257312929,PTEN,PTEN/RF AL
16,-0.54425989568421,-2.0253576984626305,19,1.10012039715652,0.6644442257312929,PTEN,PTEN/RF AL
17,0.021781278789474084,-1.1454632726405256,19,1.10012039715652,0.6644442257312929,PTEN,PTEN/RF AL
18,0.16178481026315783,-1.0842906256894733,19,1.10012039715652,0.6644442257312929,PTEN,PTEN/RF AL
19,-0.8032510739473674,-1.7420847826378942,19,1.10012039715652,0.6644442257312929,PTEN,PTEN/RF AL
20,-1.2186558017368423,-1.8638536236321042,19,1.10012039715652,0.6644442257312929,PTEN,PTEN/RF AL
21,-0.9258441425263146,-1.8486659301136832,19,1.10012039715652,0.6644442257312929,PTEN,PTEN/RF AL
22,-3.2381524778333333,-1.8575877450838878,18,1.10012039715652,0.6644442257312929,PTEN,PTEN/RF AL
23,-3.217293537666665,-1.5826253359933324,18,1.10012039715652,0.6644442257312929,PTEN,PTEN/RF AL
24,-2.525500652357142,-1.0995614452912494,14,1.10012039715652,0.6644442257312929,PTEN,PTEN/RF AL
25,-1.6239213872631564,-1.617153732685657,19,1.10012039715652,0.6644442257312929,PTEN,PTEN/RF AL
26,-2.6116419804736837,-1.4757180005310517,19,1.10012039715652,0.6644442257312929,PTEN,PTEN/RF AL
27,-2.443190866157894,-1.4050227822542098,19,1.10012039715652,0.6644442257312929,PTEN,PTEN/RF AL
28,0.05466840026315784,-0.8359648668715786,19,1.10012039715652,0.6644442257312929,PTEN,PTEN/RF AL
29,-0.24343950510526263,-1.5907560509436833,19,1.10012039715652,0.6644442257312929,PTEN,PTEN/RF AL
30,-0.7222307256842101,-1.5996764707157884,19,1.10012039715652,0.6644442257312929,PTEN,PTEN/RF AL
31,-2.7891457797368404,-1.6565029592926308,19,1.10012039715652,0.6644442257312929,PTEN,PTEN/RF AL
32,-2.7296547944736824,-2.0137983457042097,19,1.10012039715652,0.6644442257312929,PTEN,PTEN/RF AL
33,-3.074995605166666,-1.2198010386408327,12,1.10012039715652,0.6644442257312929,PTEN,PTEN/RF AL
34,-3.379010413647057,-1.3906879595423522,17,1.10012039715652,0.6644442257312929,PTEN,PTEN/RF AL
35,-2.2048380375263155,-1.8764168433010517,19,1.10012039715652,0.6644442257312929,PTEN,PTEN/RF AL
36,-0.23638925078947381,-1.1187838432515784,19,1.10012039715652,0.6644442257312929,PTEN,PTEN/RF AL
37,-3.3997212965263146,-1.759724809369473,19,1.10012039715652,0.6644442257312929,PTEN,PTEN/RF AL
38,-1.992522787421052,-1.5245529644131572,19,1.10012039715652,0.6644442257312929,PTEN,PTEN/RF AL
39,0.15748583052941179,-1.2005051941258817,17,1.10012039715652,0.6644442257312929,PTEN,PTEN/RF AL
40,-0.14531712272222227,-1.6131472090855548,18,1.10012039715652,0.6644442257312929,PTEN,PTEN/RF AL
41,-0.7565927412222218,-1.4416998804083327,18,1.10012039715652,0.6644442257312929,PTEN,PTEN/RF AL
42,-0.3726127662777777,-1.6791286458144437,18,1.10012039715652,0.6644442257312929,PTEN,PTEN/RF AL
43,-0.655564703888889,-2.028211040531666,18,1.10012039715652,0.6644442257312929,PTEN,PTEN/RF AL
44,-0.5423592047647059,-1.663694473227646,17,1.10012039715652,0.6644442257312929,PTEN,PTEN/RF AL
45,-1.8673996720526305,-1.7578047957236833,19,1.10012039715652,0.6644442257312929,PTEN,PTEN/RF AL
46,-2.497859336055554,-1.341644158511666,18,1.10012039715652,0.6644442257312929,PTEN,PTEN/RF AL
47,-3.299948846947368,-1.357623512139473,19,1.10012039715652,0.6644442257312929,PTEN,PTEN/RF AL
48,-0.7477664742222223,-1.7800579776405547,18,1.10012039715652,0.6644442257312929,PTEN,PTEN/RF AL
49,-1.1308076654736838,-1.601367379979473,19,1.10012039715652,0.6644442257312929,PTEN,PTEN/RF AL
50,0.17274459589473684,-1.4948800581842097,19,1.10012039715652,0.6644442257312929,PTEN,PTEN/RF AL
51,-0.6710299296842102,-1.8820095544342097,19,1.10012039715652,0.6644442257312929,PTEN,PTEN/RF AL
52,-2.2577176155624987,-1.7168825319449992,16,1.10012039715652,0.6644442257312929,PTEN,PTEN/RF AL
53,-0.20598213152631528,-1.7182959095789467,19,1.10012039715652,0.6644442257312929,PTEN,PTEN/RF AL
54,-0.1435987108421052,-1.8046386595796045,19,1.10012039715652,0.6644442257312929,PTEN,PTEN/RF AL
55,-2.772100959578946,-1.0328659663284203,19,1.10012039715652,0.6644442257312929,PTEN,PTEN/RF AL
56,-3.032558052210526,-1.7469958691910517,19,1.10012039715652,0.6644442257312929,PTEN,PTEN/RF AL
57,-0.3481715448947369,-1.2201565506605256,19,1.10012039715652,0.6644442257312929,PTEN,PTEN/RF AL
58,0.048378973052631516,-1.7315551067773673,19,1.10012039715652,0.6644442257312929,PTEN,PTEN/RF AL
59,-0.8320708550526317,-1.6701809422352625,19,1.10012039715652,0.6644442257312929,PTEN,PTEN/RF AL
60,-2.996817494210524,-1.4963254286536836,19,1.10012039715652,0.6644442257312929,PTEN,PTEN/RF AL
61,0.11911325500000004,-1.3598606325105258,19,1.10012039715652,0.6644442257312929,PTEN,PTEN/RF AL
62,-0.044511437947368386,-1.1875428325115784,19,1.10012039715652,0.6644442257312929,PTEN,PTEN/RF AL
63,-0.09166904642105228,-2.133973175790525,19,1.10012039715652,0.6644442257312929,PTEN,PTEN/RF AL
64,-1.2610525129473673,-1.5858365132868413,19,1.10012039715652,0.6644442257312929,PTEN,PTEN/RF AL
65,-0.6208334111578947,-2.0381081089188147,19,1.10012039715652,0.6644442257312929,PTEN,PTEN/RF AL
66,-2.455466811578946,-1.219728836074736,19,1.10012039715652,0.6644442257312929,PTEN,PTEN/RF AL
67,-3.0054820848421056,-1.36686540850421,19,1.10012039715652,0.6644442257312929,PTEN,PTEN/RF AL
68,-1.4831726216842107,-2.0998631041921043,19,1.10012039715652,0.6644442257312929,PTEN,PTEN/RF AL
69,-2.547610496052631,-1.495493622051052,19,1.10012039715652,0.6644442257312929,PTEN,PTEN/RF AL
70,-1.578678552315789,-1.972066786443683,19,1.10012039715652,0.6644442257312929,PTEN,PTEN/RF AL
71,0.09106864373684205,-1.4148534334899994,19,1.10012039715652,0.6644442257312929,PTEN,PTEN/RF AL
72,-0.21591080763157883,-1.9979998122357887,19,1.10012039715652,0.6644442257312929,PTEN,PTEN/RF AL
73,-0.9248466342105257,-1.7492037917957886,19,1.10012039715652,0.6644442257312929,PTEN,PTEN/RF AL
74,0.1609608047894737,-1.382491485821052,19,1.10012039715652,0.6644442257312929,PTEN,PTEN/RF AL
75,-0.8101453566315788,-1.6460344227557884,19,1.10012039715652,0.6644442257312929,PTEN,PTEN/RF AL
76,-0.3371756149473682,-1.2564073871968418,19,1.10012039715652,0.6644442257312929,PTEN,PTEN/RF AL
77,0.16726179131578947,-1.4582699625968416,19,1.10012039715652,0.6644442257312929,PTEN,PTEN/RF AL
78,0.22371169189473675,-1.6276313929557886,19,1.10012039715652,0.6644442257312929,PTEN,PTEN/RF AL
79,-0.6508373374736834,-1.6988258821284203,19,1.10012039715652,0.6644442257312929,PTEN,PTEN/RF AL
80,-2.1175977537368404,-1.6044836162084202,19,1.10012039715652,0.6644442257312929,PTEN,PTEN/RF AL
81,0.10589921152631575,-1.4475419234294729,19,1.10012039715652,0.6644442257312929,PTEN,PTEN/RF AL
82,0.009913164105263158,-1.2937722428871048,19,1.10012039715652,0.6644442257312929,PTEN,PTEN/RF AL
83,0.019822346631578936,-1.9948856273773676,19,1.10012039715652,0.6644442257312929,PTEN,PTEN/RF AL
84,-0.5535775211052631,-1.8843380248336832,19,1.10012039715652,0.6644442257312929,PTEN,PTEN/RF AL
85,-0.21293457642105196,-1.3756517340699994,19,1.10012039715652,0.6644442257312929,PTEN,PTEN/RF AL
86,0.10052031889473682,-1.3320623598415782,19,1.10012039715652,0.6644442257312929,PTEN,PTEN/RF AL
87,-1.7331074944210496,-1.803008709836841,19,1.10012039715652,0.6644442257312929,PTEN,PTEN/RF AL
88,-0.0005262628947368448,-1.383594951165394,19,1.10012039715652,0.6644442257312929,PTEN,PTEN/RF AL
89,-1.251732386947368,-1.6454168901721047,19,1.10012039715652,0.6644442257312929,PTEN,PTEN/RF AL
90,0.13890099821052632,-1.1900497800036836,19,1.10012039715652,0.6644442257312929,PTEN,PTEN/RF AL
91,-4.075504799210527,-1.3008848160797364,19,1.10012039715652,0.6644442257312929,PTEN,PTEN/RF AL
92,-2.2448853757368408,-0.9908391963547364,19,1.10012039715652,0.6644442257312929,PTEN,PTEN/RF AL
93,-0.29123292215789487,-0.8955890430894734,19,1.10012039715652,0.6644442257312929,PTEN,PTEN/RF AL
94,-2.787285854157895,-1.7397974187026308,19,1.10012039715652,0.6644442257312929,PTEN,PTEN/RF AL
95,-2.5609900335263145,-1.6955699239389468,19,1.10012039715652,0.6644442257312929,PTEN,PTEN/RF AL
96,0.117907154,-1.7473562344405253,19,1.10012039715652,0.6644442257312929,PTEN,PTEN/RF AL
97,-1.1480939854210526,-1.5335240072284204,19,1.10012039715652,0.6644442257312929,PTEN,PTEN/RF AL
98,0.038874623631579064,-1.3219594077159205,19,1.10012039715652,0.6644442257312929,PTEN,PTEN/RF AL
99,-0.09939673547368409,-1.0066124971852628,19,1.10012039715652,0.6644442257312929,PTEN,PTEN/RF AL
100,-2.7447453872631558,-1.8544264876599992,19,1.10012039715652,0.6644442257312929,PTEN,PTEN/RF AL
101,-1.3189254192105253,-1.774351761473157,19,1.10012039715652,0.6644442257312929,PTEN,PTEN/RF AL
102,-1.0145455291578933,-1.663081784709473,19,1.10012039715652,0.6644442257312929,PTEN,PTEN/RF AL
103,-2.5911318262105256,-1.286384248102631,19,1.10012039715652,0.6644442257312929,PTEN,PTEN/RF AL
104,-2.923213657578946,-1.4521397933184204,19,1.10012039715652,0.6644442257312929,PTEN,PTEN/RF AL
105,-1.6310604189473679,-1.6137436692019729,19,1.10012039715652,0.6644442257312929,PTEN,PTEN/RF AL
106,-2.1682697368947363,-1.4603927131490781,19,1.10012039715652,0.6644442257312929,PTEN,PTEN/RF AL
107,-2.706413041894736,-1.824280005599473,19,1.10012039715652,0.6644442257312929,PTEN,PTEN/RF AL
108,-0.6866010976842104,-1.4343232224527627,19,1.10012039715652,0.6644442257312929,PTEN,PTEN/RF AL
109,-0.26655792452631527,-1.404708998541052,19,1.10012039715652,0.6644442257312929,PTEN,PTEN/RF AL
110,-2.9020327298421047,-1.3416214712578942,19,1.10012039715652,0.6644442257312929,PTEN,PTEN/RF AL
111,-1.638339466421051,-1.757554515753815,19,1.10012039715652,0.6644442257312929,PTEN,PTEN/RF AL
112,-0.4653412433684206,-0.5489353571221051,19,1.10012039715652,0.6644442257312929,PTEN,PTEN/RF AL
113,-0.39788627699999896,-1.1656598214299994,19,1.10012039715652,0.6644442257312929,PTEN,PTEN/RF AL
114,-0.38457044621052633,-0.6268393810463154,19,1.10012039715652,0.6644442257312929,PTEN,PTEN/RF AL
115,-0.4212307522631581,-1.307165298567894,19,1.10012039715652,0.6644442257312929,PTEN,PTEN/RF AL
116,-0.4111999546842105,-1.075285938628947,19,1.10012039715652,0.6644442257312929,PTEN,PTEN/RF AL
117,-1.58574026436842,-1.3450279495999995,19,1.10012039715652,0.6644442257312929,PTEN,PTEN/RF AL
118,-2.0286472069473676,-1.6680684812905255,19,1.10012039715652,0.6644442257312929,PTEN,PTEN/RF AL
119,-2.7409885604736823,-1.9695618963926307,19,1.10012039715652,0.6644442257312929,PTEN,PTEN/RF AL
120,-2.5489846710526316,-1.5346689187686835,19,1.10012039715652,0.6644442257312929,PTEN,PTEN/RF AL
121,-2.9595451531052634,-1.7335450319157886,19,1.10012039715652,0.6644442257312929,PTEN,PTEN/RF AL
122,-2.951551047421051,-1.8566599141352622,19,1.10012039715652,0.6644442257312929,PTEN,PTEN/RF AL
123,-3.6699443244736822,-1.6847149895668412,19,1.10012039715652,0.6644442257312929,PTEN,PTEN/RF AL
124,-1.5653920599999975,-1.6183453801898675,19,1.10012039715652,0.6644442257312929,PTEN,PTEN/RF AL
125,-2.6952778253157894,-1.7239106649163147,19,1.10012039715652,0.6644442257312929,PTEN,PTEN/RF AL
126,-3.2714157556315775,-1.518400915471578,19,1.10012039715652,0.6644442257312929,PTEN,PTEN/RF AL
127,-2.0993639302631557,-1.517613841096315,19,1.10012039715652,0.6644442257312929,PTEN,PTEN/RF AL
128,-2.9621761378947364,-1.957302173595262,19,1.10012039715652,0.6644442257312929,PTEN,PTEN/RF AL
129,-3.3644833517894708,-1.5264032784305255,19,1.10012039715652,0.6644442257312929,PTEN,PTEN/RF AL
130,-3.20684925336842,-1.4441721401136833,19,1.10012039715652,0.6644442257312929,PTEN,PTEN/RF AL
131,-4.13746156368421,-1.6260374680457887,19,1.10012039715652,0.6644442257312929,PTEN,PTEN/RF AL
132,-1.864269404315789,-1.6128651252236834,19,1.10012039715652,0.6644442257312929,PTEN,PTEN/RF AL
133,-2.3879613821578936,-1.7449684693149992,19,1.10012039715652,0.6644442257312929,PTEN,PTEN/RF AL
134,-2.538823432421053,-1.4556491706742096,19,1.10012039715652,0.6644442257312929,PTEN,PTEN/RF AL
135,-2.7077945737368414,-1.6239480509005255,19,1.10012039715652,0.6644442257312929,PTEN,PTEN/RF AL
136,-1.2579663579473679,-1.289911176871052,19,1.10012039715652,0.6644442257312929,PTEN,PTEN/RF AL
137,-1.5984485045789454,-1.7207742552799992,19,1.10012039715652,0.6644442257312929,PTEN,PTEN/RF AL
138,-1.4539609941578948,-1.3602761021027627,19,1.10012039715652,0.6644442257312929,PTEN,PTEN/RF AL
139,-1.7103246917894737,-1.9553899263642096,19,1.10012039715652,0.6644442257312929,PTEN,PTEN/RF AL
140,-1.1298553754736842,-1.5494459308299995,19,1.10012039715652,0.6644442257312929,PTEN,PTEN/RF AL
141,-0.21379030547368424,-1.5506656392505256,19,1.10012039715652,0.6644442257312929,PTEN,PTEN/RF AL
142,-0.6602641425263153,-1.5882806084615781,19,1.10012039715652,0.6644442257312929,PTEN,PTEN/RF AL
143,-0.18173564010526322,-1.6196986787742096,19,1.10012039715652,0.6644442257312929,PTEN,PTEN/RF AL
144,-0.4996094782105263,-1.2919484521199993,19,1.10012039715652,0.6644442257312929,PTEN,PTEN/RF AL
145,-0.28516224989473626,-1.3606723507094731,19,1.10012039715652,0.6644442257312929,PTEN,PTEN/RF AL
146,-0.00150435636842105,-1.6518423748821045,19,1.10012039715652,0.6644442257312929,PTEN,PTEN/RF AL
147,-1.274757032368421,-1.4193741651589469,19,1.10012039715652,0.6644442257312929,PTEN,PTEN/RF AL
148,-0.3406675305789473,-1.2798070835557889,19,1.10012039715652,0.6644442257312929,PTEN,PTEN/RF AL
149,-0.08018499452631583,-0.7570049191173679,19,1.10012039715652,0.6644442257312929,PTEN,PTEN/RF AL
150,-2.6249157581578926,-1.2314153479552625,19,1.10012039715652,0.6644442257312929,PTEN,PTEN/RF AL
151,-2.303985371789474,-1.7758911643673674,19,1.10012039715652,0.6644442257312929,PTEN,PTEN/RF AL
152,-0.8001318226315779,-1.6072784249117096,19,1.10012039715652,0.6644442257312929,PTEN,PTEN/RF AL
153,-1.3778258154736838,-1.447900709446315,19,1.10012039715652,0.6644442257312929,PTEN,PTEN/RF AL
154,-2.919528352105263,-1.9846618668573672,19,1.10012039715652,0.6644442257312929,PTEN,PTEN/RF AL
155,-1.9403660807894738,-1.5490089256477624,19,1.10012039715652,0.6644442257312929,PTEN,PTEN/RF AL
156,-0.3740494969999995,-0.8189743588063154,19,1.10012039715652,0.6644442257312929,PTEN,PTEN/RF AL
157,-0.6235562625263152,-1.3441751483547362,19,1.10012039715652,0.6644442257312929,PTEN,PTEN/RF AL
158,-3.896364365315788,-1.222313549839473,19,1.10012039715652,0.6644442257312929,PTEN,PTEN/RF AL
159,-1.6205063050526305,-1.8721744178294728,19,1.10012039715652,0.6644442257312929,PTEN,PTEN/RF AL
160,-0.45251857215789476,-1.4676622861952626,19,1.10012039715652,0.6644442257312929,PTEN,PTEN/RF AL
161,-1.4194173627368392,-1.5568388221284202,19,1.10012039715652,0.6644442257312929,PTEN,PTEN/RF AL
162,-0.42556031015789475,-1.821076253403157,19,1.10012039715652,0.6644442257312929,PTEN,PTEN/RF AL
163,-0.48319251057894735,-1.2547050106842101,19,1.10012039715652,0.6644442257312929,PTEN,PTEN/RF AL
164,-3.3322215319999993,-1.2228581288936837,19,1.10012039715652,0.6644442257312929,PTEN,PTEN/RF AL
165,-2.6243212341578945,-1.2948190659973677,19,1.10012039715652,0.6644442257312929,PTEN,PTEN/RF AL
166,-0.6803221941052631,-0.9955775799399995,19,1.10012039715652,0.6644442257312929,PTEN,PTEN/RF AL
167,-0.3098899335789474,-1.9084490073084202,19,1.10012039715652,0.6644442257312929,PTEN,PTEN/RF AL
168,-0.4031025126315789,-1.270120389879473,19,1.10012039715652,0.6644442257312929,PTEN,PTEN/RF AL
169,-2.846597429315788,-1.8443668754289466,19,1.10012039715652,0.6644442257312929,PTEN,PTEN/RF AL
170,-3.333564386263157,-1.419494839959473,19,1.10012039715652,0.6644442257312929,PTEN,PTEN/RF AL
171,-0.6764879638947369,-1.7549052410357886,19,1.10012039715652,0.6644442257312929,PTEN,PTEN/RF AL
172,-1.962654827842104,-1.9474877150721042,19,1.10012039715652,0.6644442257312929,PTEN,PTEN/RF AL
173,-1.4253990037894737,-1.9553400881205254,19,1.10012039715652,0.6644442257312929,PTEN,PTEN/RF AL
174,-2.5821545528666663,-1.8677128318338323,15,1.10012039715652,0.6644442257312929,PTEN,PTEN/RF AL
175,-0.3830237773684205,-1.5251081816321044,19,1.10012039715652,0.6644442257312929,PTEN,PTEN/RF AL
176,-2.776939166578947,-1.4777373935615785,19,1.10012039715652,0.6644442257312929,PTEN,PTEN/RF AL
177,-1.8266308629999999,-1.5321319941411833,19,1.10012039715652,0.6644442257312929,PTEN,PTEN/RF AL
178,-0.9112717852631574,-1.3388329539289467,19,1.10012039715652,0.6644442257312929,PTEN,PTEN/RF AL
179,-0.6250739833157885,-1.16337293632421,19,1.10012039715652,0.6644442257312929,PTEN,PTEN/RF AL
180,-1.53151106505263,-1.536142005269473,19,1.10012039715652,0.6644442257312929,PTEN,PTEN/RF AL
181,-0.7195888048888887,-1.750492110651666,18,1.10012039715652,0.6644442257312929,PTEN,PTEN/RF AL
182,-0.6354650780588229,-1.6803958297664696,17,1.10012039715652,0.6644442257312929,PTEN,PTEN/RF AL
183,-0.3128423644736842,-1.4181443375005258,19,1.10012039715652,0.6644442257312929,PTEN,PTEN/RF AL
184,-0.07543988215789474,-2.042616036253683,19,1.10012039715652,0.6644442257312929,PTEN,PTEN/RF AL
185,-0.3069572439473683,-0.8297439480663155,19,1.10012039715652,0.6644442257312929,PTEN,PTEN/RF AL
186,-0.20039210811764707,-1.1066508190758817,17,1.10012039715652,0.6644442257312929,PTEN,PTEN/RF AL
187,-1.0033077102777777,-1.8559411771022214,18,1.10012039715652,0.6644442257312929,PTEN,PTEN/RF AL
188,-0.359549434105263,-1.7656755301898674,19,1.10012039715652,0.6644442257312929,PTEN,PTEN/RF AL
189,-0.5085334774210527,-0.5257455655921051,19,1.10012039715652,0.6644442257312929,PTEN,PTEN/RF AL
190,-0.06824381326315801,-1.4283934283605255,19,1.10012039715652,0.6644442257312929,PTEN,PTEN/RF AL
191,-0.3127252566666667,-1.5286463082349993,18,1.10012039715652,0.6644442257312929,PTEN,PTEN/RF AL
192,-0.5700292261052632,-1.1399350291031574,19,1.10012039715652,0.6644442257312929,PTEN,PTEN/RF AL
193,-0.04332280815789424,-1.2273220085105256,19,1.10012039715652,0.6644442257312929,PTEN,PTEN/RF AL
194,-2.1708550498888872,-1.6276547226112492,18,1.10012039715652,0.6644442257312929,PTEN,PTEN/RF AL
195,-0.4098967921578942,-1.132681668691052,19,1.10012039715652,0.6644442257312929,PTEN,PTEN/RF AL
196,-0.4538996212631574,-1.3578729921081574,19,1.10012039715652,0.6644442257312929,PTEN,PTEN/RF AL
197,-2.047294746578947,-1.3387029675227626,19,1.10012039715652,0.6644442257312929,PTEN,PTEN/RF AL
198,-0.33559523557894727,-1.3175729415182889,19,1.10012039715652,0.6644442257312929,PTEN,PTEN/RF AL
199,-1.8575016240588236,-1.10069287148647,17,1.10012039715652,0.6644442257312929,PTEN,PTEN/RF AL
200,-0.3911166294736838,-1.109902843229473,19,1.10012039715652,0.6644442257312929,PTEN,PTEN/RF AL
201,0.03662336936842163,-1.3937896391168414,19,1.10012039715652,0.6644442257312929,PTEN,PTEN/RF AL
202,-0.37044493442105264,-0.8013568343310522,19,1.10012039715652,0.6644442257312929,PTEN,PTEN/RF AL
203,-1.1939610903684201,-1.3036020811631572,19,1.10012039715652,0.6644442257312929,PTEN,PTEN/RF AL
204,-0.6404962382105258,-1.88621996100842,19,1.10012039715652,0.6644442257312929,PTEN,PTEN/RF AL
205,-0.08655061936842116,-1.3647087545499994,19,1.10012039715652,0.6644442257312929,PTEN,PTEN/RF AL
206,-0.505182423555555,-1.6419913487511104,18,1.10012039715652,0.6644442257312929,PTEN,PTEN/RF AL
207,-0.3723369840526315,-1.7245647910768411,19,1.10012039715652,0.6644442257312929,PTEN,PTEN/RF AL
208,-0.20192717563157953,-1.3882356840194732,19,1.10012039715652,0.6644442257312929,PTEN,PTEN/RF AL
209,-0.40185736789473636,-1.2262733230468417,19,1.10012039715652,0.6644442257312929,PTEN,PTEN/RF AL
210,-0.27209470668421054,-1.394854499073157,19,1.10012039715652,0.6644442257312929,PTEN,PTEN/RF AL
211,0.08756200047368416,-1.4402671880827624,19,1.10012039715652,0.6644442257312929,PTEN,PTEN/RF AL
212,-0.9801219780555557,-1.3747992266172215,18,1.10012039715652,0.6644442257312929,PTEN,PTEN/RF AL
213,-0.03331336800000005,-1.4163988478084202,19,1.10012039715652,0.6644442257312929,PTEN,PTEN/RF AL
214,-1.0088118531052632,-1.9066701344224992,19,1.10012039715652,0.6644442257312929,PTEN,PTEN/RF AL
215,-0.7064508560526311,-1.8099958167894725,19,1.10012039715652,0.6644442257312929,PTEN,PTEN/RF AL
216,-2.3018658783684205,-1.3238604068307886,19,1.10012039715652,0.6644442257312929,PTEN,PTEN/RF AL
217,-0.6183753574210531,-1.151669335152631,19,1.10012039715652,0.6644442257312929,PTEN,PTEN/RF AL
218,-0.5804745169473684,-1.4095881166257889,19,1.10012039715652,0.6644442257312929,PTEN,PTEN/RF AL
219,-0.29047781384210525,-1.6952074634613148,19,1.10012039715652,0.6644442257312929,PTEN,PTEN/RF AL
220,-0.2475928943157895,-1.716658641287894,19,1.10012039715652,0.6644442257312929,PTEN,PTEN/RF AL
221,-0.422252497631579,-1.1388618442763152,19,1.10012039715652,0.6644442257312929,PTEN,PTEN/RF AL
222,-0.4777464012105258,-1.6251904353526307,19,1.10012039715652,0.6644442257312929,PTEN,PTEN/RF AL
223,-0.5079017209999991,-1.1986797440684205,19,1.10012039715652,0.6644442257312929,PTEN,PTEN/RF AL
224,-0.8415792698421042,-1.4993410778405256,19,1.10012039715652,0.6644442257312929,PTEN,PTEN/RF AL
225,-0.14503540115789482,-1.155270366749473,19,1.10012039715652,0.6644442257312929,PTEN,PTEN/RF AL
226,0.01702433021052626,-0.7913065420531574,19,1.10012039715652,0.6644442257312929,PTEN,PTEN/RF AL
227,-0.07112735289473684,-1.354843478769473,19,1.10012039715652,0.6644442257312929,PTEN,PTEN/RF AL
228,-0.13357367463157901,-1.3175611322321046,19,1.10012039715652,0.6644442257312929,PTEN,PTEN/RF AL
229,-0.12711317531578942,-1.3783099883652625,19,1.10012039715652,0.6644442257312929,PTEN,PTEN/RF AL
230,0.02062842715789479,-1.435754427233157,19,1.10012039715652,0.6644442257312929,PTEN,PTEN/RF AL
231,-0.13670763415789486,-1.445388005546315,19,1.10012039715652,0.6644442257312929,PTEN,PTEN/RF AL
232,-0.3939853331578942,-1.4626928020142098,19,1.10012039715652,0.6644442257312929,PTEN,PTEN/RF AL
233,-0.38910809705263155,-1.4883190770199994,19,1.10012039715652,0.6644442257312929,PTEN,PTEN/RF AL
234,-0.2218219338421052,-1.6389885373649993,19,1.10012039715652,0.6644442257312929,PTEN,PTEN/RF AL
235,-0.3426788466842106,-1.3778825998984203,19,1.10012039715652,0.6644442257312929,PTEN,PTEN/RF AL
236,-0.4106920985555555,-1.4651369586533327,18,1.10012039715652,0.6644442257312929,PTEN,PTEN/RF AL
237,-0.32964987384210476,-1.4659035228484203,19,1.10012039715652,0.6644442257312929,PTEN,PTEN/RF AL
238,-0.8676747268421041,-1.2034513918399992,19,1.10012039715652,0.6644442257312929,PTEN,PTEN/RF AL
239,-0.08257301789473588,-1.113506584787894,19,1.10012039715652,0.6644442257312929,PTEN,PTEN/RF AL
240,-2.2356775567894718,-1.5652537914747358,19,1.10012039715652,0.6644442257312929,PTEN,PTEN/RF AL
241,-0.470333263631579,-1.6432369713664468,19,1.10012039715652,0.6644442257312929,PTEN,PTEN/RF AL
242,-1.2716836194210526,-1.8202533736231572,19,1.10012039715652,0.6644442257312929,PTEN,PTEN/RF AL
243,-0.5408300746315775,-1.5385094789252625,19,1.10012039715652,0.6644442257312929,PTEN,PTEN/RF AL
244,-0.148404016526316,-1.4655759410273679,19,1.10012039715652,0.6644442257312929,PTEN,PTEN/RF AL
245,-1.1760853259999984,-1.7364112941484202,19,1.10012039715652,0.6644442257312929,PTEN,PTEN/RF AL
246,-1.2929761155789457,-1.388228890326315,19,1.10012039715652,0.6644442257312929,PTEN,PTEN/RF AL
247,-0.22347085810526318,-1.447781515019473,19,1.10012039715652,0.6644442257312929,PTEN,PTEN/RF AL
248,-2.434754223789472,-1.7702208654126308,19,1.10012039715652,0.6644442257312929,PTEN,PTEN/RF AL
249,-0.5833667497368421,-0.6145265895478943,19,1.10012039715652,0.6644442257312929,PTEN,PTEN/RF AL
250,-1.671846573578947,-1.2547448460321047,19,1.10012039715652,0.6644442257312929,PTEN,PTEN/RF AL
251,-3.269967472789473,-1.327305154841052,19,1.10012039715652,0.6644442257312929,PTEN,PTEN/RF AL
252,-2.1152660040526317,-1.3429762376331573,19,1.10012039715652,0.6644442257312929,PTEN,PTEN/RF AL
253,-0.32863851342105194,-1.2254305850584204,19,1.10012039715652,0.6644442257312929,PTEN,PTEN/RF AL
254,-2.305271965421052,-0.9667020798694734,19,1.10012039715652,0.6644442257312929,PTEN,PTEN/RF AL
255,-1.070677006944444,-0.7985950309194441,18,1.10012039715652,0.6644442257312929,PTEN,PTEN/RF AL
256,-2.299724686421051,-1.6204963202489466,19,1.10012039715652,0.6644442257312929,PTEN,PTEN/RF AL
257,-0.523216788947368,-0.9434292268815784,19,1.10012039715652,0.6644442257312929,PTEN,PTEN/RF AL
258,-0.5155185952105262,-0.9701771943599994,19,1.10012039715652,0.6644442257312929,PTEN,PTEN/RF AL
259,-0.526334696368421,-1.545932232913157,19,1.10012039715652,0.6644442257312929,PTEN,PTEN/RF AL
260,-0.14962041115789468,-0.8501613916315783,19,1.10012039715652,0.6644442257312929,PTEN,PTEN/RF AL
261,-0.6792916925789463,-1.3639992461189465,19,1.10012039715652,0.6644442257312929,PTEN,PTEN/RF AL
262,-0.3995771857368415,-1.4976606151489467,19,1.10012039715652,0.6644442257312929,PTEN,PTEN/RF AL
263,-1.2069173016315784,-1.5200096304332888,19,1.10012039715652,0.6644442257312929,PTEN,PTEN/RF AL
264,-0.6080685430526306,-1.4895949879289467,19,1.10012039715652,0.6644442257312929,PTEN,PTEN/RF AL
265,-0.3430660810526315,-1.6429298971152622,19,1.10012039715652,0.6644442257312929,PTEN,PTEN/RF AL
266,-0.4282195742631578,-1.7923940986757885,19,1.10012039715652,0.6644442257312929,PTEN,PTEN/RF AL
267,0.010317574368421524,-1.3022994847521046,19,1.10012039715652,0.6644442257312929,PTEN,PTEN/RF AL
268,-0.3598229232631578,-1.5398051560127624,19,1.10012039715652,0.6644442257312929,PTEN,PTEN/RF AL
269,-0.6929477566315784,-1.4708955539705257,19,1.10012039715652,0.6644442257312929,PTEN,PTEN/RF AL
270,-2.3197755552631576,-1.2252986723921047,19,1.10012039715652,0.6644442257312929,PTEN,PTEN/RF AL
271,-0.4223451337894737,-1.130788152627894,19,1.10012039715652,0.6644442257312929,PTEN,PTEN/RF AL
272,-1.881507496789473,-1.3672809123831573,19,1.10012039715652,0.6644442257312929,PTEN,PTEN/RF AL
273,-1.0208464895263152,-1.4609055129136834,19,1.10012039715652,0.6644442257312929,PTEN,PTEN/RF AL
274,-2.2804032940555548,-1.4411210910155547,18,1.10012039715652,0.6644442257312929,PTEN,PTEN/RF AL
275,-3.0900655396315773,-1.740598971802499,19,1.10012039715652,0.6644442257312929,PTEN,PTEN/RF AL
276,-2.3328450415263156,-1.8098125698569727,19,1.10012039715652,0.6644442257312929,PTEN,PTEN/RF AL
277,-0.6470184266315789,-1.8153727245957885,19,1.10012039715652,0.6644442257312929,PTEN,PTEN/RF AL
278,-0.9448019378947364,-1.28041642664671,19,1.10012039715652,0.6644442257312929,PTEN,PTEN/RF AL
279,-0.3151722045263158,-1.614921440156315,19,1.10012039715652,0.6644442257312929,PTEN,PTEN/RF AL
280,0.03124616557894736,-1.5358155807621043,19,1.10012039715652,0.6644442257312929,PTEN,PTEN/RF AL
281,-0.1293037607368421,-1.2719723617373677,19,1.10012039715652,0.6644442257312929,PTEN,PTEN/RF AL
282,-0.10217079899999998,-1.6512494254288879,18,1.10012039715652,0.6644442257312929,PTEN,PTEN/RF AL
283,-0.0831164273684211,-1.2576394669084203,19,1.10012039715652,0.6644442257312929,PTEN,PTEN/RF AL
284,-0.07659559810526323,-1.1100561788184204,19,1.10012039715652,0.6644442257312929,PTEN,PTEN/RF AL
285,-0.1062514103157895,-1.1758745105071047,19,1.10012039715652,0.6644442257312929,PTEN,PTEN/RF AL
286,-0.30640037305263124,-1.6209690177768412,19,1.10012039715652,0.6644442257312929,PTEN,PTEN/RF AL
287,0.14481383299999973,-1.8718097095005255,19,1.10012039715652,0.6644442257312929,PTEN,PTEN/RF AL
288,0.0953762812105262,-1.607041760442631,19,1.10012039715652,0.6644442257312929,PTEN,PTEN/RF AL
289,-0.11752390183333389,-1.1493659690711107,18,1.10012039715652,0.6644442257312929,PTEN,PTEN/RF AL
290,-0.1180942157368421,-1.3221960453421044,19,1.10012039715652,0.6644442257312929,PTEN,PTEN/RF AL
291,0.09162977966666666,-1.4549899635194437,18,1.10012039715652,0.6644442257312929,PTEN,PTEN/RF AL
292,-0.12084810327777779,-1.4344431466438883,18,1.10012039715652,0.6644442257312929,PTEN,PTEN/RF AL
293,-0.38228121622222216,-1.150673383499444,18,1.10012039715652,0.6644442257312929,PTEN,PTEN/RF AL
294,-0.10616952052631572,-1.0544807675736834,19,1.10012039715652,0.6644442257312929,PTEN,PTEN/RF AL
295,-0.14700171094444395,-1.6366099302072215,18,1.10012039715652,0.6644442257312929,PTEN,PTEN/RF AL
296,-0.3578732495555556,-1.8810384478266657,18,1.10012039715652,0.6644442257312929,PTEN,PTEN/RF AL
297,-0.13778092461111116,-1.1624027895811107,18,1.10012039715652,0.6644442257312929,PTEN,PTEN/RF AL
298,-0.15090421105555513,-0.6462040158005552,18,1.10012039715652,0.6644442257312929,PTEN,PTEN/RF AL
299,0.2592991861666667,-1.106863823931666,18,1.10012039715652,0.6644442257312929,PTEN,PTEN/RF AL
300,-0.12628830005263159,-1.3605946961872362,19,1.10012039715652,0.6644442257312929,PTEN,PTEN/RF AL
301,-0.10862998763157901,-0.6865698179273682,19,1.10012039715652,0.6644442257312929,PTEN,PTEN/RF AL
302,-0.1518945102631579,-0.9449574851989471,19,1.10012039715652,0.6644442257312929,PTEN,PTEN/RF AL
303,-0.06388182415789469,-0.9352187636057889,19,1.10012039715652,0.6644442257312929,PTEN,PTEN/RF AL
304,-0.15507893115789476,-1.2964974925094732,19,1.10012039715652,0.6644442257312929,PTEN,PTEN/RF AL
305,-0.1812335386842104,-1.0146758086521046,19,1.10012039715652,0.6644442257312929,PTEN,PTEN/RF AL
306,-0.3301481888947368,-0.9764146470226313,19,1.10012039715652,0.6644442257312929,PTEN,PTEN/RF AL
307,-0.1342450419999999,-0.9155386907505259,19,1.10012039715652,0.6644442257312929,PTEN,PTEN/RF AL
308,-0.47832435057894745,-1.2313439659421044,19,1.10012039715652,0.6644442257312929,PTEN,PTEN/RF AL
309,-0.43990716505263106,-1.2899094380810519,19,1.10012039715652,0.6644442257312929,PTEN,PTEN/RF AL
310,-0.19020148926315736,-1.666469463449999,19,1.10012039715652,0.6644442257312929,PTEN,PTEN/RF AL
311,-0.3204017232105263,-1.2265689823315784,19,1.10012039715652,0.6644442257312929,PTEN,PTEN/RF AL
312,-0.15934567642105263,-0.8363454155331574,19,1.10012039715652,0.6644442257312929,PTEN,PTEN/RF AL
313,-0.046299729263158125,-1.0937134963263153,19,1.10012039715652,0.6644442257312929,PTEN,PTEN/RF AL
314,-0.44547451978947367,-1.3411570040199994,19,1.10012039715652,0.6644442257312929,PTEN,PTEN/RF AL
315,-0.6034968118421051,-1.247985601127631,19,1.10012039715652,0.6644442257312929,PTEN,PTEN/RF AL
316,-0.5222407403684204,-0.9226417174799998,19,1.10012039715652,0.6644442257312929,PTEN,PTEN/RF AL
317,-0.2983086361052621,-1.1172738884798679,19,1.10012039715652,0.6644442257312929,PTEN,PTEN/RF AL
318,-0.5758580892631574,-1.311868271501973,19,1.10012039715652,0.6644442257312929,PTEN,PTEN/RF AL
319,-1.482383515947367,-1.540442729235789,19,1.10012039715652,0.6644442257312929,PTEN,PTEN/RF AL
320,-0.335316630263158,-0.9825811644410521,19,1.10012039715652,0.6644442257312929,PTEN,PTEN/RF AL
321,-0.38310119836842044,-1.2970556239147364,19,1.10012039715652,0.6644442257312929,PTEN,PTEN/RF AL
322,-0.1294386342105262,-0.952841131737368,19,1.10012039715652,0.6644442257312929,PTEN,PTEN/RF AL
323,-0.1735001962777777,-1.1300164992277772,18,1.10012039715652,0.6644442257312929,PTEN,PTEN/RF AL
324,-2.321270500631578,-1.5175217685364466,19,1.10012039715652,0.6644442257312929,PTEN,PTEN/RF AL
325,-2.10703167168421,-1.4683765091152623,19,1.10012039715652,0.6644442257312929,PTEN,PTEN/RF AL
326,-0.32110783163157847,-1.5805986156784202,19,1.10012039715652,0.6644442257312929,PTEN,PTEN/RF AL
327,-0.28531914236842093,-0.7915145761326312,19,1.10012039715652,0.6644442257312929,PTEN,PTEN/RF AL
328,-0.016515198684209947,-1.3945345770599993,19,1.10012039715652,0.6644442257312929,PTEN,PTEN/RF AL
329,-0.38798187326315786,-0.996028248421052,19,1.10012039715652,0.6644442257312929,PTEN,PTEN/RF AL
330,-0.09052783636842104,-1.6791238755452624,19,1.10012039715652,0.6644442257312929,PTEN,PTEN/RF AL
331,-0.3830664269999988,-1.5318975908749992,8,1.10012039715652,0.6644442257312929,PTEN,PTEN/RF AL
332,-2.0625848565454543,-1.5538916308547719,11,1.10012039715652,0.6644442257312929,PTEN,PTEN/RF AL
333,-1.3796927892857143,-0.797877951084285,7,1.10012039715652,0.6644442257312929,PTEN,PTEN/RF AL
334,-0.4075452102499975,-1.735337890869999,4,1.10012039715652,0.6644442257312929,PTEN,PTEN/RF AL
335,-0.8887617753333333,-1.907901434506666,3,1.10012039715652,0.6644442257312929,PTEN,PTEN/RF AL
336,-1.2736714456666658,-1.7926793088399993,12,1.10012039715652,0.6644442257312929,PTEN,PTEN/RF AL
337,-0.08687245528571415,-2.0310067273828563,7,1.10012039715652,0.6644442257312929,PTEN,PTEN/RF AL
338,-1.0281447186666668,-0.5171214919604163,6,1.10012039715652,0.6644442257312929,PTEN,PTEN/RF AL
339,-1.0914965131428558,-1.2418828050571424,7,1.10012039715652,0.6644442257312929,PTEN,PTEN/RF AL
340,-0.7097877977142845,-1.515553987009999,7,1.10012039715652,0.6644442257312929,PTEN,PTEN/RF AL
341,-1.0351534063333323,-1.3306095203133326,9,1.10012039715652,0.6644442257312929,PTEN,PTEN/RF AL
342,-1.07560589785714,-1.3328799175428563,7,1.10012039715652,0.6644442257312929,PTEN,PTEN/RF AL
343,-0.9153715359999999,-1.4063278512066661,6,1.10012039715652,0.6644442257312929,PTEN,PTEN/RF AL
344,-1.4354494502222233,-1.354140783675555,9,1.10012039715652,0.6644442257312929,PTEN,PTEN/RF AL
345,-2.0806606994285697,-1.1482505779371424,7,1.10012039715652,0.6644442257312929,PTEN,PTEN/RF AL
346,-2.19701192425,-0.9363377281474995,4,1.10012039715652,0.6644442257312929,PTEN,PTEN/RF AL
347,-1.0632680329,-0.8344312107384996,10,1.10012039715652,0.6644442257312929,PTEN,PTEN/RF AL
348,-0.39672770521428574,-2.045577004182142,14,1.10012039715652,0.6644442257312929,PTEN,PTEN/RF AL
349,-1.2311678179999999,-1.775696631861249,8,1.10012039715652,0.6644442257312929,PTEN,PTEN/RF AL
350,-0.19775312811111057,-0.5647527556305552,18,1.10012039715652,0.6644442257312929,PTEN,PTEN/RF AL
351,-0.27337941321052617,-0.8359383596878944,19,1.10012039715652,0.6644442257312929,PTEN,PTEN/RF AL
352,-0.1371346454736842,-0.7795519650478943,19,1.10012039715652,0.6644442257312929,PTEN,PTEN/RF AL
353,-0.05324741736842105,-0.7239599318731574,19,1.10012039715652,0.6644442257312929,PTEN,PTEN/RF AL
354,-0.048895069263157946,-1.2015812580084202,19,1.10012039715652,0.6644442257312929,PTEN,PTEN/RF AL
355,0.03570163972222216,-1.6596251462194433,18,1.10012039715652,0.6644442257312929,PTEN,PTEN/RF AL
356,-0.16505705052631586,-0.9015874191461838,19,1.10012039715652,0.6644442257312929,PTEN,PTEN/RF AL
357,-0.050183610631579,-0.6911354088042101,19,1.10012039715652,0.6644442257312929,PTEN,PTEN/RF AL
358,-0.10765926215789462,-1.0670540790310519,19,1.10012039715652,0.6644442257312929,PTEN,PTEN/RF AL
359,-0.16784806778947312,-1.4135354277939465,19,1.10012039715652,0.6644442257312929,PTEN,PTEN/RF AL
360,-0.2801821601578942,-0.5999821639682891,19,1.10012039715652,0.6644442257312929,PTEN,PTEN/RF AL
361,-0.2268852253684211,-0.7740762923836839,19,1.10012039715652,0.6644442257312929,PTEN,PTEN/RF AL
362,-0.3332648544705877,-1.2294110390405877,17,1.10012039715652,0.6644442257312929,PTEN,PTEN/RF AL
363,-0.3037837464210526,-0.658298678623684,19,1.10012039715652,0.6644442257312929,PTEN,PTEN/RF AL
364,-0.17398734373684205,-0.3709848001878946,19,1.10012039715652,0.6644442257312929,PTEN,PTEN/RF AL
365,-0.00027459705263169356,-0.9031774405863153,19,1.10012039715652,0.6644442257312929,PTEN,PTEN/RF AL
366,-0.1924800951052631,-0.9272930321252627,19,1.10012039715652,0.6644442257312929,PTEN,PTEN/RF AL
367,-0.025969900421052634,-1.2319471618499993,19,1.10012039715652,0.6644442257312929,PTEN,PTEN/RF AL
368,-0.112831251368421,-1.017019325948552,19,1.10012039715652,0.6644442257312929,PTEN,PTEN/RF AL
369,-0.0571954512631573,-0.8257168995352627,19,1.10012039715652,0.6644442257312929,PTEN,PTEN/RF AL
370,-0.07333192900000006,-1.1093157719284203,19,1.10012039715652,0.6644442257312929,PTEN,PTEN/RF AL
371,-0.11431474847368406,-0.8995824574477629,19,1.10012039715652,0.6644442257312929,PTEN,PTEN/RF AL
372,0.08402658726315779,-0.9770170518631573,19,1.10012039715652,0.6644442257312929,PTEN,PTEN/RF AL
373,0.05659260978947351,-0.4641865206963156,19,1.10012039715652,0.6644442257312929,PTEN,PTEN/RF AL
374,0.0976246451052631,-0.822646997091447,19,1.10012039715652,0.6644442257312929,PTEN,PTEN/RF AL
375,-0.051446728263157895,-0.805764768752368,19,1.10012039715652,0.6644442257312929,PTEN,PTEN/RF AL
376,-0.0005720999473683547,-0.5138597436263155,19,1.10012039715652,0.6644442257312929,PTEN,PTEN/RF AL
377,0.14011601463157888,-0.7257300666284208,19,1.10012039715652,0.6644442257312929,PTEN,PTEN/RF AL
378,0.08790602478947379,-1.209292295814736,19,1.10012039715652,0.6644442257312929,PTEN,PTEN/RF AL
379,0.1736683960526314,-1.3951624232668414,19,1.10012039715652,0.6644442257312929,PTEN,PTEN/RF AL
380,-0.6197692115789468,-0.8876314635157888,19,1.10012039715652,0.6644442257312929,PTEN,PTEN/RF AL
381,-0.33065291826315696,-0.37151518773894704,19,1.10012039715652,0.6644442257312929,PTEN,PTEN/RF AL
382,-0.6565118527368421,-1.0117613195645607,19,1.10012039715652,0.6644442257312929,PTEN,PTEN/RF AL
383,-0.5274472727368421,-0.6304920210289471,19,1.10012039715652,0.6644442257312929,PTEN,PTEN/RF AL
384,-0.3251589289473684,-1.0181117009968415,19,1.10012039715652,0.6644442257312929,PTEN,PTEN/RF AL
385,-0.4184649528333323,-0.9551413858177773,18,1.10012039715652,0.6644442257312929,PTEN,PTEN/RF AL
386,-0.13685739252631643,-1.1968059713078942,19,1.10012039715652,0.6644442257312929,PTEN,PTEN/RF AL
387,-0.372383621631579,-1.0854377681113152,19,1.10012039715652,0.6644442257312929,PTEN,PTEN/RF AL
388,-0.15924473257894672,-1.102510951102894,19,1.10012039715652,0.6644442257312929,PTEN,PTEN/RF AL
389,0.12115109447368469,-0.7637360775468415,19,1.10012039715652,0.6644442257312929,PTEN,PTEN/RF AL
390,-0.6005784956842104,-1.4566422775315782,19,1.10012039715652,0.6644442257312929,PTEN,PTEN/RF AL
391,-1.0551431801052633,-1.7802576645984203,19,1.10012039715652,0.6644442257312929,PTEN,PTEN/RF AL
392,-0.6442279782631569,-1.0115366004063155,19,1.10012039715652,0.6644442257312929,PTEN,PTEN/RF AL
393,-0.736614016888888,-1.1744643562416661,18,1.10012039715652,0.6644442257312929,PTEN,PTEN/RF AL
394,-0.8706005964210528,-1.4535200682852625,19,1.10012039715652,0.6644442257312929,PTEN,PTEN/RF AL
395,-0.3964484533157889,-1.5326019387042098,19,1.10012039715652,0.6644442257312929,PTEN,PTEN/RF AL
396,-0.8320382244210521,-1.1409347727063153,19,1.10012039715652,0.6644442257312929,PTEN,PTEN/RF AL
397,-0.5335240905555554,-1.5158018627811103,18,1.10012039715652,0.6644442257312929,PTEN,PTEN/RF AL
398,-1.2811617165999996,-0.8090462461669997,15,1.10012039715652,0.6644442257312929,PTEN,PTEN/RF AL
399,-1.3580411443636355,-0.8149030603036359,11,1.10012039715652,0.6644442257312929,PTEN,PTEN/RF AL
400,-1.8525430414999986,-2.014588021264999,6,1.10012039715652,0.6644442257312929,PTEN,PTEN/RF AL
401,-0.06477939671428569,-1.1377121891228565,7,1.10012039715652,0.6644442257312929,PTEN,PTEN/RF AL
402,-1.6863441983333332,-1.615980584499999,6,1.10012039715652,0.6644442257312929,PTEN,PTEN/RF AL
0,-0.9819344769999999,-0.911501078991666,6,1.10012039715652,0.6644442257312929,PTEN,PTEN/5 FOLD CV
1,0.5625250297500001,-0.8271906426208329,12,1.10012039715652,0.6644442257312929,PTEN,PTEN/5 FOLD CV
2,0.8334194085999981,-0.5252641210200001,5,1.10012039715652,0.6644442257312929,PTEN,PTEN/5 FOLD CV
3,0.6540467186666666,-0.5359010618166664,3,1.10012039715652,0.6644442257312929,PTEN,PTEN/5 FOLD CV
4,-1.3179317744285688,-0.3338059903928568,7,1.10012039715652,0.6644442257312929,PTEN,PTEN/5 FOLD CV
5,-1.3189028578333317,-0.9421024271055549,18,1.10012039715652,0.6644442257312929,PTEN,PTEN/5 FOLD CV
6,0.5366005248947366,-0.30795208366578936,19,1.10012039715652,0.6644442257312929,PTEN,PTEN/5 FOLD CV
7,-0.5084529177222216,-0.7931979517305552,18,1.10012039715652,0.6644442257312929,PTEN,PTEN/5 FOLD CV
8,-0.7690588067368416,-0.7995986153131575,19,1.10012039715652,0.6644442257312929,PTEN,PTEN/5 FOLD CV
9,-1.6461711429444434,-1.0073428956361106,18,1.10012039715652,0.6644442257312929,PTEN,PTEN/5 FOLD CV
10,-0.24142012221052625,-0.8306313832763154,19,1.10012039715652,0.6644442257312929,PTEN,PTEN/5 FOLD CV
11,-0.5489349798421054,-0.8930952993710521,19,1.10012039715652,0.6644442257312929,PTEN,PTEN/5 FOLD CV
12,-0.8799508424736836,-1.0873985719078942,19,1.10012039715652,0.6644442257312929,PTEN,PTEN/5 FOLD CV
13,0.0036039411052631726,-0.5537873330052632,19,1.10012039715652,0.6644442257312929,PTEN,PTEN/5 FOLD CV
14,-2.981317356736841,-1.5447899645394731,19,1.10012039715652,0.6644442257312929,PTEN,PTEN/5 FOLD CV
15,-1.2129831745,-1.0237912298861105,18,1.10012039715652,0.6644442257312929,PTEN,PTEN/5 FOLD CV
16,-0.54425989568421,-1.1569288720605257,19,1.10012039715652,0.6644442257312929,PTEN,PTEN/5 FOLD CV
17,0.021781278789474084,-0.7209196341947365,19,1.10012039715652,0.6644442257312929,PTEN,PTEN/5 FOLD CV
18,0.16178481026315783,-0.7469004622684207,19,1.10012039715652,0.6644442257312929,PTEN,PTEN/5 FOLD CV
19,-0.8032510739473674,-0.9757307605105259,19,1.10012039715652,0.6644442257312929,PTEN,PTEN/5 FOLD CV
20,-1.2186558017368423,-1.3120764446684205,19,1.10012039715652,0.6644442257312929,PTEN,PTEN/5 FOLD CV
21,-0.9258441425263146,-1.1043344928131573,19,1.10012039715652,0.6644442257312929,PTEN,PTEN/5 FOLD CV
22,-3.2381524778333333,-1.7150859770972215,18,1.10012039715652,0.6644442257312929,PTEN,PTEN/5 FOLD CV
23,-3.217293537666665,-1.7691811746027772,18,1.10012039715652,0.6644442257312929,PTEN,PTEN/5 FOLD CV
24,-2.525500652357142,-2.1132706026964283,14,1.10012039715652,0.6644442257312929,PTEN,PTEN/5 FOLD CV
25,-1.6239213872631566,-1.3066997749684204,19,1.10012039715652,0.6644442257312929,PTEN,PTEN/5 FOLD CV
26,-2.6116419804736837,-1.3446074981868417,19,1.10012039715652,0.6644442257312929,PTEN,PTEN/5 FOLD CV
27,-2.443190866157894,-1.6002161189578938,19,1.10012039715652,0.6644442257312929,PTEN,PTEN/5 FOLD CV
28,0.054668400263157835,-0.626294840405263,19,1.10012039715652,0.6644442257312929,PTEN,PTEN/5 FOLD CV
29,-0.24343950510526263,-1.0143520793684202,19,1.10012039715652,0.6644442257312929,PTEN,PTEN/5 FOLD CV
30,-0.7222307256842101,-1.0966380909631572,19,1.10012039715652,0.6644442257312929,PTEN,PTEN/5 FOLD CV
31,-2.7891457797368404,-1.5109301321105253,19,1.10012039715652,0.6644442257312929,PTEN,PTEN/5 FOLD CV
32,-2.7296547944736824,-1.3722043198184202,19,1.10012039715652,0.6644442257312929,PTEN,PTEN/5 FOLD CV
33,-3.074995605166666,-1.4566776342833325,12,1.10012039715652,0.6644442257312929,PTEN,PTEN/5 FOLD CV
34,-3.379010413647057,-1.595972707047058,17,1.10012039715652,0.6644442257312929,PTEN,PTEN/5 FOLD CV
35,-2.2048380375263155,-1.4872005995052626,19,1.10012039715652,0.6644442257312929,PTEN,PTEN/5 FOLD CV
36,-0.2363892507894738,-0.8382639438447367,19,1.10012039715652,0.6644442257312929,PTEN,PTEN/5 FOLD CV
37,-3.3997212965263146,-1.574469899857894,19,1.10012039715652,0.6644442257312929,PTEN,PTEN/5 FOLD CV
38,-1.992522787421052,-1.4595571372263152,19,1.10012039715652,0.6644442257312929,PTEN,PTEN/5 FOLD CV
39,0.15748583052941179,-0.7070047879411762,17,1.10012039715652,0.6644442257312929,PTEN,PTEN/5 FOLD CV
40,-0.14531712272222227,-0.9620492874583328,18,1.10012039715652,0.6644442257312929,PTEN,PTEN/5 FOLD CV
41,-0.7565927412222218,-1.1476918705972217,18,1.10012039715652,0.6644442257312929,PTEN,PTEN/5 FOLD CV
42,-0.3726127662777776,-0.8986042127361107,18,1.10012039715652,0.6644442257312929,PTEN,PTEN/5 FOLD CV
43,-0.655564703888889,-1.2766582160999995,18,1.10012039715652,0.6644442257312929,PTEN,PTEN/5 FOLD CV
44,-0.5423592047647059,-1.0305476273999996,17,1.10012039715652,0.6644442257312929,PTEN,PTEN/5 FOLD CV
45,-1.8673996720526305,-1.5119222114605257,19,1.10012039715652,0.6644442257312929,PTEN,PTEN/5 FOLD CV
46,-2.497859336055554,-1.4129661948222216,18,1.10012039715652,0.6644442257312929,PTEN,PTEN/5 FOLD CV
47,-3.299948846947368,-1.9342516968684205,19,1.10012039715652,0.6644442257312929,PTEN,PTEN/5 FOLD CV
48,-0.7477664742222223,-1.2539270712611106,18,1.10012039715652,0.6644442257312929,PTEN,PTEN/5 FOLD CV
49,-1.1308076654736838,-1.2248559935052628,19,1.10012039715652,0.6644442257312929,PTEN,PTEN/5 FOLD CV
50,0.17274459589473684,-0.9917585896394732,19,1.10012039715652,0.6644442257312929,PTEN,PTEN/5 FOLD CV
51,-0.6710299296842102,-1.1055737798157892,19,1.10012039715652,0.6644442257312929,PTEN,PTEN/5 FOLD CV
52,-2.2577176155624987,-1.3994854814937492,16,1.10012039715652,0.6644442257312929,PTEN,PTEN/5 FOLD CV
53,-0.20598213152631528,-0.9674507028631574,19,1.10012039715652,0.6644442257312929,PTEN,PTEN/5 FOLD CV
54,-0.14359871084210518,-0.9407546897631577,19,1.10012039715652,0.6644442257312929,PTEN,PTEN/5 FOLD CV
55,-2.772100959578946,-1.981407687160525,19,1.10012039715652,0.6644442257312929,PTEN,PTEN/5 FOLD CV
56,-3.032558052210526,-1.7713532139342099,19,1.10012039715652,0.6644442257312929,PTEN,PTEN/5 FOLD CV
57,-0.34817154489473695,-0.9058795524894734,19,1.10012039715652,0.6644442257312929,PTEN,PTEN/5 FOLD CV
58,0.04837897305263152,-1.073918707628947,19,1.10012039715652,0.6644442257312929,PTEN,PTEN/5 FOLD CV
59,-0.8320708550526316,-1.1587577059499994,19,1.10012039715652,0.6644442257312929,PTEN,PTEN/5 FOLD CV
60,-2.996817494210524,-1.3386902267947363,19,1.10012039715652,0.6644442257312929,PTEN,PTEN/5 FOLD CV
61,0.11911325500000004,-0.8481971526894734,19,1.10012039715652,0.6644442257312929,PTEN,PTEN/5 FOLD CV
62,-0.044511437947368386,-0.6853810456868417,19,1.10012039715652,0.6644442257312929,PTEN,PTEN/5 FOLD CV
63,-0.0916690464210523,-1.2686572943684205,19,1.10012039715652,0.6644442257312929,PTEN,PTEN/5 FOLD CV
64,-1.2610525129473673,-1.1962718294315784,19,1.10012039715652,0.6644442257312929,PTEN,PTEN/5 FOLD CV
65,-0.6208334111578947,-1.5955669587289465,19,1.10012039715652,0.6644442257312929,PTEN,PTEN/5 FOLD CV
66,-2.455466811578946,-1.2009295347289466,19,1.10012039715652,0.6644442257312929,PTEN,PTEN/5 FOLD CV
67,-3.0054820848421056,-1.4633842107631574,19,1.10012039715652,0.6644442257312929,PTEN,PTEN/5 FOLD CV
68,-1.4831726216842107,-1.4446731134657889,19,1.10012039715652,0.6644442257312929,PTEN,PTEN/5 FOLD CV
69,-2.547610496052631,-1.6391915421657888,19,1.10012039715652,0.6644442257312929,PTEN,PTEN/5 FOLD CV
70,-1.578678552315789,-1.3072454161868416,19,1.10012039715652,0.6644442257312929,PTEN,PTEN/5 FOLD CV
71,0.09106864373684204,-0.8688194698026311,19,1.10012039715652,0.6644442257312929,PTEN,PTEN/5 FOLD CV
72,-0.21591080763157883,-1.2371422843736835,19,1.10012039715652,0.6644442257312929,PTEN,PTEN/5 FOLD CV
73,-0.9248466342105257,-1.0853404080605256,19,1.10012039715652,0.6644442257312929,PTEN,PTEN/5 FOLD CV
74,0.1609608047894737,-0.6721017866868417,19,1.10012039715652,0.6644442257312929,PTEN,PTEN/5 FOLD CV
75,-0.8101453566315788,-1.0384516748631576,19,1.10012039715652,0.6644442257312929,PTEN,PTEN/5 FOLD CV
76,-0.3371756149473682,-0.8858977506763154,19,1.10012039715652,0.6644442257312929,PTEN,PTEN/5 FOLD CV
77,0.16726179131578947,-0.709295616528947,19,1.10012039715652,0.6644442257312929,PTEN,PTEN/5 FOLD CV
78,0.22371169189473675,-0.921588868965789,19,1.10012039715652,0.6644442257312929,PTEN,PTEN/5 FOLD CV
79,-0.6508373374736834,-1.1296739249105257,19,1.10012039715652,0.6644442257312929,PTEN,PTEN/5 FOLD CV
80,-2.1175977537368404,-1.4309364899052623,19,1.10012039715652,0.6644442257312929,PTEN,PTEN/5 FOLD CV
81,0.10589921152631575,-0.8495197154289471,19,1.10012039715652,0.6644442257312929,PTEN,PTEN/5 FOLD CV
82,0.00991316410526315,-0.7604813958789469,19,1.10012039715652,0.6644442257312929,PTEN,PTEN/5 FOLD CV
83,0.019822346631578943,-1.1819487013894734,19,1.10012039715652,0.6644442257312929,PTEN,PTEN/5 FOLD CV
84,-0.5535775211052631,-0.9757127766684205,19,1.10012039715652,0.6644442257312929,PTEN,PTEN/5 FOLD CV
85,-0.21293457642105196,-0.9772689854315786,19,1.10012039715652,0.6644442257312929,PTEN,PTEN/5 FOLD CV
86,0.10052031889473684,-0.9900484150657892,19,1.10012039715652,0.6644442257312929,PTEN,PTEN/5 FOLD CV
87,-1.7331074944210496,-1.5186876603736832,19,1.10012039715652,0.6644442257312929,PTEN,PTEN/5 FOLD CV
88,-0.0005262628947368485,-0.7599429893131576,19,1.10012039715652,0.6644442257312929,PTEN,PTEN/5 FOLD CV
89,-1.251732386947368,-1.1287924759973678,19,1.10012039715652,0.6644442257312929,PTEN,PTEN/5 FOLD CV
90,0.13890099821052632,-0.8647608511105261,19,1.10012039715652,0.6644442257312929,PTEN,PTEN/5 FOLD CV
91,-4.075504799210527,-1.8955266470131573,19,1.10012039715652,0.6644442257312929,PTEN,PTEN/5 FOLD CV
92,-2.2448853757368408,-1.3208718528526306,19,1.10012039715652,0.6644442257312929,PTEN,PTEN/5 FOLD CV
93,-0.2912329221578948,-0.6101346028368418,19,1.10012039715652,0.6644442257312929,PTEN,PTEN/5 FOLD CV
94,-2.787285854157895,-1.5102534703184205,19,1.10012039715652,0.6644442257312929,PTEN,PTEN/5 FOLD CV
95,-2.5609900335263145,-1.3015462411473677,19,1.10012039715652,0.6644442257312929,PTEN,PTEN/5 FOLD CV
96,0.117907154,-1.0677525939631576,19,1.10012039715652,0.6644442257312929,PTEN,PTEN/5 FOLD CV
97,-1.1480939854210526,-1.194905898315789,19,1.10012039715652,0.6644442257312929,PTEN,PTEN/5 FOLD CV
98,0.038874623631579064,-0.8362409569315786,19,1.10012039715652,0.6644442257312929,PTEN,PTEN/5 FOLD CV
99,-0.09939673547368409,-0.8282361249078946,19,1.10012039715652,0.6644442257312929,PTEN,PTEN/5 FOLD CV
100,-2.7447453872631558,-1.3514885766473679,19,1.10012039715652,0.6644442257312929,PTEN,PTEN/5 FOLD CV
101,-1.3189254192105253,-1.2891650739736835,19,1.10012039715652,0.6644442257312929,PTEN,PTEN/5 FOLD CV
102,-1.0145455291578933,-1.0515069271526312,19,1.10012039715652,0.6644442257312929,PTEN,PTEN/5 FOLD CV
103,-2.5911318262105256,-1.575687604628947,19,1.10012039715652,0.6644442257312929,PTEN,PTEN/5 FOLD CV
104,-2.923213657578946,-1.7447273575605253,19,1.10012039715652,0.6644442257312929,PTEN,PTEN/5 FOLD CV
105,-1.6310604189473679,-1.1975211341105256,19,1.10012039715652,0.6644442257312929,PTEN,PTEN/5 FOLD CV
106,-2.1682697368947363,-1.569832616647368,19,1.10012039715652,0.6644442257312929,PTEN,PTEN/5 FOLD CV
107,-2.706413041894736,-1.7927954390499996,19,1.10012039715652,0.6644442257312929,PTEN,PTEN/5 FOLD CV
108,-0.6866010976842104,-0.9521421386078943,19,1.10012039715652,0.6644442257312929,PTEN,PTEN/5 FOLD CV
109,-0.2665579245263152,-0.6887836509526313,19,1.10012039715652,0.6644442257312929,PTEN,PTEN/5 FOLD CV
110,-2.9020327298421047,-1.66720229143421,19,1.10012039715652,0.6644442257312929,PTEN,PTEN/5 FOLD CV
111,-1.638339466421051,-1.5361144178999993,19,1.10012039715652,0.6644442257312929,PTEN,PTEN/5 FOLD CV
112,-0.4653412433684206,-0.706259208047368,19,1.10012039715652,0.6644442257312929,PTEN,PTEN/5 FOLD CV
113,-0.39788627699999896,-0.7604480589499997,19,1.10012039715652,0.6644442257312929,PTEN,PTEN/5 FOLD CV
114,-0.38457044621052633,-0.6928367387973681,19,1.10012039715652,0.6644442257312929,PTEN,PTEN/5 FOLD CV
115,-0.421230752263158,-0.7392506107421051,19,1.10012039715652,0.6644442257312929,PTEN,PTEN/5 FOLD CV
116,-0.4111999546842105,-0.7841574413605261,19,1.10012039715652,0.6644442257312929,PTEN,PTEN/5 FOLD CV
117,-1.58574026436842,-1.1244716507815786,19,1.10012039715652,0.6644442257312929,PTEN,PTEN/5 FOLD CV
118,-2.028647206947368,-1.4271305245894732,19,1.10012039715652,0.6644442257312929,PTEN,PTEN/5 FOLD CV
119,-2.7409885604736823,-1.525662508602631,19,1.10012039715652,0.6644442257312929,PTEN,PTEN/5 FOLD CV
120,-2.5489846710526316,-1.5061077285921047,19,1.10012039715652,0.6644442257312929,PTEN,PTEN/5 FOLD CV
121,-2.9595451531052634,-1.454613964102631,19,1.10012039715652,0.6644442257312929,PTEN,PTEN/5 FOLD CV
122,-2.951551047421051,-1.554494060363157,19,1.10012039715652,0.6644442257312929,PTEN,PTEN/5 FOLD CV
123,-3.6699443244736822,-1.5221383865105256,19,1.10012039715652,0.6644442257312929,PTEN,PTEN/5 FOLD CV
124,-1.5653920599999975,-1.5576011517342097,19,1.10012039715652,0.6644442257312929,PTEN,PTEN/5 FOLD CV
125,-2.6952778253157894,-1.3895972550631577,19,1.10012039715652,0.6644442257312929,PTEN,PTEN/5 FOLD CV
126,-3.2714157556315775,-1.6466685120263151,19,1.10012039715652,0.6644442257312929,PTEN,PTEN/5 FOLD CV
127,-2.0993639302631557,-1.3962118424973677,19,1.10012039715652,0.6644442257312929,PTEN,PTEN/5 FOLD CV
128,-2.9621761378947364,-1.6317478074052623,19,1.10012039715652,0.6644442257312929,PTEN,PTEN/5 FOLD CV
129,-3.3644833517894708,-1.4277377707105259,19,1.10012039715652,0.6644442257312929,PTEN,PTEN/5 FOLD CV
130,-3.20684925336842,-1.549016850371052,19,1.10012039715652,0.6644442257312929,PTEN,PTEN/5 FOLD CV
131,-4.13746156368421,-1.738671180202631,19,1.10012039715652,0.6644442257312929,PTEN,PTEN/5 FOLD CV
132,-1.864269404315789,-1.3741245538789468,19,1.10012039715652,0.6644442257312929,PTEN,PTEN/5 FOLD CV
133,-2.3879613821578936,-1.6267269944342098,19,1.10012039715652,0.6644442257312929,PTEN,PTEN/5 FOLD CV
134,-2.538823432421053,-1.5111937493105259,19,1.10012039715652,0.6644442257312929,PTEN,PTEN/5 FOLD CV
135,-2.7077945737368414,-1.4989934795894733,19,1.10012039715652,0.6644442257312929,PTEN,PTEN/5 FOLD CV
136,-1.2579663579473679,-1.1850539422184205,19,1.10012039715652,0.6644442257312929,PTEN,PTEN/5 FOLD CV
137,-1.5984485045789452,-1.4520756443210519,19,1.10012039715652,0.6644442257312929,PTEN,PTEN/5 FOLD CV
138,-1.4539609941578948,-0.886345244402631,19,1.10012039715652,0.6644442257312929,PTEN,PTEN/5 FOLD CV
139,-1.7103246917894737,-1.5518947627499993,19,1.10012039715652,0.6644442257312929,PTEN,PTEN/5 FOLD CV
140,-1.1298553754736842,-1.3360396016105256,19,1.10012039715652,0.6644442257312929,PTEN,PTEN/5 FOLD CV
141,-0.21379030547368424,-1.329616159994736,19,1.10012039715652,0.6644442257312929,PTEN,PTEN/5 FOLD CV
142,-0.6602641425263153,-1.1603655905947365,19,1.10012039715652,0.6644442257312929,PTEN,PTEN/5 FOLD CV
143,-0.1817356401052632,-0.9463082642999994,19,1.10012039715652,0.6644442257312929,PTEN,PTEN/5 FOLD CV
144,-0.4996094782105263,-0.7208177493394733,19,1.10012039715652,0.6644442257312929,PTEN,PTEN/5 FOLD CV
145,-0.2851622498947362,-0.9126740973736838,19,1.10012039715652,0.6644442257312929,PTEN,PTEN/5 FOLD CV
146,-0.001504356368421053,-0.9110809494210521,19,1.10012039715652,0.6644442257312929,PTEN,PTEN/5 FOLD CV
147,-1.274757032368421,-1.0784066808184205,19,1.10012039715652,0.6644442257312929,PTEN,PTEN/5 FOLD CV
148,-0.3406675305789473,-0.8264327669552626,19,1.10012039715652,0.6644442257312929,PTEN,PTEN/5 FOLD CV
149,-0.08018499452631583,-0.5461908140842104,19,1.10012039715652,0.6644442257312929,PTEN,PTEN/5 FOLD CV
150,-2.6249157581578926,-1.4142691479921046,19,1.10012039715652,0.6644442257312929,PTEN,PTEN/5 FOLD CV
151,-2.303985371789474,-1.3442062260315786,19,1.10012039715652,0.6644442257312929,PTEN,PTEN/5 FOLD CV
152,-0.800131822631578,-1.1084665092368415,19,1.10012039715652,0.6644442257312929,PTEN,PTEN/5 FOLD CV
153,-1.3778258154736838,-0.9821773095131575,19,1.10012039715652,0.6644442257312929,PTEN,PTEN/5 FOLD CV
154,-2.919528352105263,-1.6959362492736836,19,1.10012039715652,0.6644442257312929,PTEN,PTEN/5 FOLD CV
155,-1.9403660807894738,-1.202118066323684,19,1.10012039715652,0.6644442257312929,PTEN,PTEN/5 FOLD CV
156,-0.3740494969999995,-0.8079927627157891,19,1.10012039715652,0.6644442257312929,PTEN,PTEN/5 FOLD CV
157,-0.6235562625263152,-0.8859101083052628,19,1.10012039715652,0.6644442257312929,PTEN,PTEN/5 FOLD CV
158,-3.896364365315788,-1.9706940490736833,19,1.10012039715652,0.6644442257312929,PTEN,PTEN/5 FOLD CV
159,-1.6205063050526305,-1.3142960525605254,19,1.10012039715652,0.6644442257312929,PTEN,PTEN/5 FOLD CV
160,-0.45251857215789476,-0.9521592396342101,19,1.10012039715652,0.6644442257312929,PTEN,PTEN/5 FOLD CV
161,-1.4194173627368394,-1.0054230964815782,19,1.10012039715652,0.6644442257312929,PTEN,PTEN/5 FOLD CV
162,-0.42556031015789475,-1.0762294804184205,19,1.10012039715652,0.6644442257312929,PTEN,PTEN/5 FOLD CV
163,-0.48319251057894735,-0.8440884548447366,19,1.10012039715652,0.6644442257312929,PTEN,PTEN/5 FOLD CV
164,-3.332221531999999,-1.9899064005289464,19,1.10012039715652,0.6644442257312929,PTEN,PTEN/5 FOLD CV
165,-2.6243212341578945,-1.568105295894736,19,1.10012039715652,0.6644442257312929,PTEN,PTEN/5 FOLD CV
166,-0.6803221941052631,-0.8071100962315786,19,1.10012039715652,0.6644442257312929,PTEN,PTEN/5 FOLD CV
167,-0.3098899335789474,-1.0303743142842101,19,1.10012039715652,0.6644442257312929,PTEN,PTEN/5 FOLD CV
168,-0.4031025126315789,-0.9823418259499997,19,1.10012039715652,0.6644442257312929,PTEN,PTEN/5 FOLD CV
169,-2.846597429315788,-1.2744083370368415,19,1.10012039715652,0.6644442257312929,PTEN,PTEN/5 FOLD CV
170,-3.333564386263157,-1.9394253106157886,19,1.10012039715652,0.6644442257312929,PTEN,PTEN/5 FOLD CV
171,-0.6764879638947369,-1.1496681476789465,19,1.10012039715652,0.6644442257312929,PTEN,PTEN/5 FOLD CV
172,-1.962654827842104,-1.5236127099210517,19,1.10012039715652,0.6644442257312929,PTEN,PTEN/5 FOLD CV
173,-1.4253990037894737,-1.2830208132868415,19,1.10012039715652,0.6644442257312929,PTEN,PTEN/5 FOLD CV
174,-2.5821545528666663,-1.603812152876666,15,1.10012039715652,0.6644442257312929,PTEN,PTEN/5 FOLD CV
175,-0.3830237773684206,-0.8683871468605256,19,1.10012039715652,0.6644442257312929,PTEN,PTEN/5 FOLD CV
176,-2.776939166578947,-1.5273711054815782,19,1.10012039715652,0.6644442257312929,PTEN,PTEN/5 FOLD CV
177,-1.8266308629999999,-1.4599415284684205,19,1.10012039715652,0.6644442257312929,PTEN,PTEN/5 FOLD CV
178,-0.9112717852631574,-1.1627300188315786,19,1.10012039715652,0.6644442257312929,PTEN,PTEN/5 FOLD CV
179,-0.6250739833157885,-0.8211312436736836,19,1.10012039715652,0.6644442257312929,PTEN,PTEN/5 FOLD CV
180,-1.53151106505263,-1.5367877287157887,19,1.10012039715652,0.6644442257312929,PTEN,PTEN/5 FOLD CV
181,-0.7195888048888887,-1.0468037305527773,18,1.10012039715652,0.6644442257312929,PTEN,PTEN/5 FOLD CV
182,-0.6354650780588229,-0.9934307047117642,17,1.10012039715652,0.6644442257312929,PTEN,PTEN/5 FOLD CV
183,-0.3128423644736842,-0.756057369247368,19,1.10012039715652,0.6644442257312929,PTEN,PTEN/5 FOLD CV
184,-0.07543988215789474,-1.067703549865789,19,1.10012039715652,0.6644442257312929,PTEN,PTEN/5 FOLD CV
185,-0.3069572439473683,-0.5880334596763156,19,1.10012039715652,0.6644442257312929,PTEN,PTEN/5 FOLD CV
186,-0.20039210811764707,-0.6345801915705878,17,1.10012039715652,0.6644442257312929,PTEN,PTEN/5 FOLD CV
187,-1.0033077102777777,-1.028475205794444,18,1.10012039715652,0.6644442257312929,PTEN,PTEN/5 FOLD CV
188,-0.359549434105263,-0.9168400806131572,19,1.10012039715652,0.6644442257312929,PTEN,PTEN/5 FOLD CV
189,-0.5085334774210527,-0.4395196523973681,19,1.10012039715652,0.6644442257312929,PTEN,PTEN/5 FOLD CV
190,-0.06824381326315801,-0.7471190990657889,19,1.10012039715652,0.6644442257312929,PTEN,PTEN/5 FOLD CV
191,-0.3127252566666667,-0.7562903411249997,18,1.10012039715652,0.6644442257312929,PTEN,PTEN/5 FOLD CV
192,-0.5700292261052632,-0.768964710378947,19,1.10012039715652,0.6644442257312929,PTEN,PTEN/5 FOLD CV
193,-0.043322808157894264,-0.3989846766605261,19,1.10012039715652,0.6644442257312929,PTEN,PTEN/5 FOLD CV
194,-2.1708550498888872,-1.2173305457611105,18,1.10012039715652,0.6644442257312929,PTEN,PTEN/5 FOLD CV
195,-0.4098967921578942,-0.732539418360526,19,1.10012039715652,0.6644442257312929,PTEN,PTEN/5 FOLD CV
196,-0.4538996212631574,-0.9306293808447365,19,1.10012039715652,0.6644442257312929,PTEN,PTEN/5 FOLD CV
197,-2.047294746578947,-1.5594500678710523,19,1.10012039715652,0.6644442257312929,PTEN,PTEN/5 FOLD CV
198,-0.33559523557894727,-0.8728869028657891,19,1.10012039715652,0.6644442257312929,PTEN,PTEN/5 FOLD CV
199,-1.8575016240588236,-1.0519376178411761,17,1.10012039715652,0.6644442257312929,PTEN,PTEN/5 FOLD CV
200,-0.3911166294736838,-0.756071207910526,19,1.10012039715652,0.6644442257312929,PTEN,PTEN/5 FOLD CV
201,0.03662336936842162,-0.5807642183921049,19,1.10012039715652,0.6644442257312929,PTEN,PTEN/5 FOLD CV
202,-0.37044493442105264,-0.6032245745052629,19,1.10012039715652,0.6644442257312929,PTEN,PTEN/5 FOLD CV
203,-1.1939610903684201,-1.0560653897921046,19,1.10012039715652,0.6644442257312929,PTEN,PTEN/5 FOLD CV
204,-0.6404962382105258,-0.984570989313157,19,1.10012039715652,0.6644442257312929,PTEN,PTEN/5 FOLD CV
205,-0.08655061936842116,-0.44192052424473655,19,1.10012039715652,0.6644442257312929,PTEN,PTEN/5 FOLD CV
206,-0.505182423555555,-0.9065054441972217,18,1.10012039715652,0.6644442257312929,PTEN,PTEN/5 FOLD CV
207,-0.3723369840526315,-0.6094929610342102,19,1.10012039715652,0.6644442257312929,PTEN,PTEN/5 FOLD CV
208,-0.20192717563157955,-0.6953072901394733,19,1.10012039715652,0.6644442257312929,PTEN,PTEN/5 FOLD CV
209,-0.4018573678947363,-0.5884801379736839,19,1.10012039715652,0.6644442257312929,PTEN,PTEN/5 FOLD CV
210,-0.2720947066842105,-0.7546993395394732,19,1.10012039715652,0.6644442257312929,PTEN,PTEN/5 FOLD CV
211,0.08756200047368416,-0.5230990319973682,19,1.10012039715652,0.6644442257312929,PTEN,PTEN/5 FOLD CV
212,-0.9801219780555557,-0.9934876815305552,18,1.10012039715652,0.6644442257312929,PTEN,PTEN/5 FOLD CV
213,-0.03331336800000007,-0.7009529617973681,19,1.10012039715652,0.6644442257312929,PTEN,PTEN/5 FOLD CV
214,-1.0088118531052632,-1.1272869385684203,19,1.10012039715652,0.6644442257312929,PTEN,PTEN/5 FOLD CV
215,-0.7064508560526311,-0.9707733786605259,19,1.10012039715652,0.6644442257312929,PTEN,PTEN/5 FOLD CV
216,-2.3018658783684205,-1.5361964679499995,19,1.10012039715652,0.6644442257312929,PTEN,PTEN/5 FOLD CV
217,-0.6183753574210531,-0.7417830324184207,19,1.10012039715652,0.6644442257312929,PTEN,PTEN/5 FOLD CV
218,-0.5804745169473684,-0.8532596881657891,19,1.10012039715652,0.6644442257312929,PTEN,PTEN/5 FOLD CV
219,-0.2904778138421053,-0.7722931164921047,19,1.10012039715652,0.6644442257312929,PTEN,PTEN/5 FOLD CV
220,-0.24759289431578954,-0.8891839189684208,19,1.10012039715652,0.6644442257312929,PTEN,PTEN/5 FOLD CV
221,-0.422252497631579,-0.7455523262973682,19,1.10012039715652,0.6644442257312929,PTEN,PTEN/5 FOLD CV
222,-0.4777464012105258,-0.6871806866184206,19,1.10012039715652,0.6644442257312929,PTEN,PTEN/5 FOLD CV
223,-0.5079017209999991,-0.6981706064710522,19,1.10012039715652,0.6644442257312929,PTEN,PTEN/5 FOLD CV
224,-0.8415792698421043,-0.7632311965052626,19,1.10012039715652,0.6644442257312929,PTEN,PTEN/5 FOLD CV
225,-0.14503540115789482,-0.7437625804631574,19,1.10012039715652,0.6644442257312929,PTEN,PTEN/5 FOLD CV
226,0.017024330210526267,-0.280674174173684,19,1.10012039715652,0.6644442257312929,PTEN,PTEN/5 FOLD CV
227,-0.07112735289473684,-0.5653646284973682,19,1.10012039715652,0.6644442257312929,PTEN,PTEN/5 FOLD CV
228,-0.133573674631579,-0.6716929336631574,19,1.10012039715652,0.6644442257312929,PTEN,PTEN/5 FOLD CV
229,-0.12711317531578942,-0.4799540959763157,19,1.10012039715652,0.6644442257312929,PTEN,PTEN/5 FOLD CV
230,0.020628427157894792,-0.5286500068710525,19,1.10012039715652,0.6644442257312929,PTEN,PTEN/5 FOLD CV
231,-0.13670763415789483,-0.541004547755263,19,1.10012039715652,0.6644442257312929,PTEN,PTEN/5 FOLD CV
232,-0.39398533315789425,-0.6469053399184207,19,1.10012039715652,0.6644442257312929,PTEN,PTEN/5 FOLD CV
233,-0.3891080970526316,-0.7387360068894734,19,1.10012039715652,0.6644442257312929,PTEN,PTEN/5 FOLD CV
234,-0.2218219338421052,-0.8369201955578944,19,1.10012039715652,0.6644442257312929,PTEN,PTEN/5 FOLD CV
235,-0.3426788466842106,-0.6754427560605257,19,1.10012039715652,0.6644442257312929,PTEN,PTEN/5 FOLD CV
236,-0.4106920985555555,-0.6812923464555551,18,1.10012039715652,0.6644442257312929,PTEN,PTEN/5 FOLD CV
237,-0.32964987384210476,-0.8105380114684207,19,1.10012039715652,0.6644442257312929,PTEN,PTEN/5 FOLD CV
238,-0.8676747268421041,-0.6402390934842103,19,1.10012039715652,0.6644442257312929,PTEN,PTEN/5 FOLD CV
239,-0.0825730178947359,-0.5824008663868415,19,1.10012039715652,0.6644442257312929,PTEN,PTEN/5 FOLD CV
240,-2.2356775567894718,-1.611414149413157,19,1.10012039715652,0.6644442257312929,PTEN,PTEN/5 FOLD CV
241,-0.470333263631579,-0.7389305466078943,19,1.10012039715652,0.6644442257312929,PTEN,PTEN/5 FOLD CV
242,-1.2716836194210526,-0.8829692529394734,19,1.10012039715652,0.6644442257312929,PTEN,PTEN/5 FOLD CV
243,-0.5408300746315775,-0.8986408455684206,19,1.10012039715652,0.6644442257312929,PTEN,PTEN/5 FOLD CV
244,-0.148404016526316,-0.7056800635710524,19,1.10012039715652,0.6644442257312929,PTEN,PTEN/5 FOLD CV
245,-1.1760853259999984,-0.9574487821657889,19,1.10012039715652,0.6644442257312929,PTEN,PTEN/5 FOLD CV
246,-1.2929761155789457,-0.8426222766263152,19,1.10012039715652,0.6644442257312929,PTEN,PTEN/5 FOLD CV
247,-0.22347085810526318,-0.9612063849842098,19,1.10012039715652,0.6644442257312929,PTEN,PTEN/5 FOLD CV
248,-2.434754223789472,-1.5375663034578941,19,1.10012039715652,0.6644442257312929,PTEN,PTEN/5 FOLD CV
249,-0.5833667497368421,-0.8406673150026314,19,1.10012039715652,0.6644442257312929,PTEN,PTEN/5 FOLD CV
250,-1.671846573578947,-1.0337269690736837,19,1.10012039715652,0.6644442257312929,PTEN,PTEN/5 FOLD CV
251,-3.269967472789473,-1.7260410848999994,19,1.10012039715652,0.6644442257312929,PTEN,PTEN/5 FOLD CV
252,-2.1152660040526317,-1.4081380596921047,19,1.10012039715652,0.6644442257312929,PTEN,PTEN/5 FOLD CV
253,-0.3286385134210519,-0.7789389030394734,19,1.10012039715652,0.6644442257312929,PTEN,PTEN/5 FOLD CV
254,-2.305271965421052,-1.3188431397105258,19,1.10012039715652,0.6644442257312929,PTEN,PTEN/5 FOLD CV
255,-1.070677006944444,-0.9339484317444442,18,1.10012039715652,0.6644442257312929,PTEN,PTEN/5 FOLD CV
256,-2.299724686421051,-1.5426428359342097,19,1.10012039715652,0.6644442257312929,PTEN,PTEN/5 FOLD CV
257,-0.5232167889473679,-0.8400539253447363,19,1.10012039715652,0.6644442257312929,PTEN,PTEN/5 FOLD CV
258,-0.5155185952105262,-0.5683458448684207,19,1.10012039715652,0.6644442257312929,PTEN,PTEN/5 FOLD CV
259,-0.526334696368421,-0.9337894324052627,19,1.10012039715652,0.6644442257312929,PTEN,PTEN/5 FOLD CV
260,-0.1496204111578947,-0.6518256917552628,19,1.10012039715652,0.6644442257312929,PTEN,PTEN/5 FOLD CV
261,-0.6792916925789463,-0.7445812746842101,19,1.10012039715652,0.6644442257312929,PTEN,PTEN/5 FOLD CV
262,-0.3995771857368415,-0.8925704017342102,19,1.10012039715652,0.6644442257312929,PTEN,PTEN/5 FOLD CV
263,-1.2069173016315784,-1.0478871633526308,19,1.10012039715652,0.6644442257312929,PTEN,PTEN/5 FOLD CV
264,-0.6080685430526306,-0.7271982646026312,19,1.10012039715652,0.6644442257312929,PTEN,PTEN/5 FOLD CV
265,-0.3430660810526315,-1.030884275210526,19,1.10012039715652,0.6644442257312929,PTEN,PTEN/5 FOLD CV
266,-0.4282195742631578,-0.916117572765789,19,1.10012039715652,0.6644442257312929,PTEN,PTEN/5 FOLD CV
267,0.010317574368421525,-0.7022807831552629,19,1.10012039715652,0.6644442257312929,PTEN,PTEN/5 FOLD CV
268,-0.3598229232631578,-0.907055352907894,19,1.10012039715652,0.6644442257312929,PTEN,PTEN/5 FOLD CV
269,-0.6929477566315784,-0.9590161133763152,19,1.10012039715652,0.6644442257312929,PTEN,PTEN/5 FOLD CV
270,-2.3197755552631576,-1.5386622273552626,19,1.10012039715652,0.6644442257312929,PTEN,PTEN/5 FOLD CV
271,-0.4223451337894737,-0.7981553306131576,19,1.10012039715652,0.6644442257312929,PTEN,PTEN/5 FOLD CV
272,-1.881507496789473,-1.263219790165789,19,1.10012039715652,0.6644442257312929,PTEN,PTEN/5 FOLD CV
273,-1.0208464895263152,-1.0724165003289468,19,1.10012039715652,0.6644442257312929,PTEN,PTEN/5 FOLD CV
274,-2.2804032940555548,-1.4335582176333326,18,1.10012039715652,0.6644442257312929,PTEN,PTEN/5 FOLD CV
275,-3.0900655396315773,-1.4925112733499994,19,1.10012039715652,0.6644442257312929,PTEN,PTEN/5 FOLD CV
276,-2.3328450415263156,-1.4834882335236834,19,1.10012039715652,0.6644442257312929,PTEN,PTEN/5 FOLD CV
277,-0.6470184266315789,-1.145754957360526,19,1.10012039715652,0.6644442257312929,PTEN,PTEN/5 FOLD CV
278,-0.9448019378947364,-0.8107783534447365,19,1.10012039715652,0.6644442257312929,PTEN,PTEN/5 FOLD CV
279,-0.3151722045263158,-1.0010774032947365,19,1.10012039715652,0.6644442257312929,PTEN,PTEN/5 FOLD CV
280,0.03124616557894736,-0.5668989860421049,19,1.10012039715652,0.6644442257312929,PTEN,PTEN/5 FOLD CV
281,-0.1293037607368421,-0.5832926549789472,19,1.10012039715652,0.6644442257312929,PTEN,PTEN/5 FOLD CV
282,-0.10217079899999999,-0.542299215922222,18,1.10012039715652,0.6644442257312929,PTEN,PTEN/5 FOLD CV
283,-0.0831164273684211,-0.43798960632894723,19,1.10012039715652,0.6644442257312929,PTEN,PTEN/5 FOLD CV
284,-0.07659559810526322,-0.3659210630815788,19,1.10012039715652,0.6644442257312929,PTEN,PTEN/5 FOLD CV
285,-0.10625141031578948,-0.4385947870105261,19,1.10012039715652,0.6644442257312929,PTEN,PTEN/5 FOLD CV
286,-0.3064003730526312,-0.7335704764368416,19,1.10012039715652,0.6644442257312929,PTEN,PTEN/5 FOLD CV
287,0.14481383299999973,-0.8525466559631575,19,1.10012039715652,0.6644442257312929,PTEN,PTEN/5 FOLD CV
288,0.09537628121052621,-0.4948203585473682,19,1.10012039715652,0.6644442257312929,PTEN,PTEN/5 FOLD CV
289,-0.11752390183333389,-0.664718334944444,18,1.10012039715652,0.6644442257312929,PTEN,PTEN/5 FOLD CV
290,-0.1180942157368421,-0.4937488677210524,19,1.10012039715652,0.6644442257312929,PTEN,PTEN/5 FOLD CV
291,0.09162977966666667,-0.5669216069749996,18,1.10012039715652,0.6644442257312929,PTEN,PTEN/5 FOLD CV
292,-0.12084810327777779,-0.6740435666722219,18,1.10012039715652,0.6644442257312929,PTEN,PTEN/5 FOLD CV
293,-0.38228121622222216,-0.5659670281499997,18,1.10012039715652,0.6644442257312929,PTEN,PTEN/5 FOLD CV
294,-0.10616952052631572,-0.5043001437526314,19,1.10012039715652,0.6644442257312929,PTEN,PTEN/5 FOLD CV
295,-0.14700171094444395,-0.6256124514944441,18,1.10012039715652,0.6644442257312929,PTEN,PTEN/5 FOLD CV
296,-0.3578732495555556,-0.9837064272638886,18,1.10012039715652,0.6644442257312929,PTEN,PTEN/5 FOLD CV
297,-0.13778092461111116,-0.5385441623111109,18,1.10012039715652,0.6644442257312929,PTEN,PTEN/5 FOLD CV
298,-0.15090421105555515,-0.4525593002222219,18,1.10012039715652,0.6644442257312929,PTEN,PTEN/5 FOLD CV
299,0.2592991861666667,-0.6772675961749998,18,1.10012039715652,0.6644442257312929,PTEN,PTEN/5 FOLD CV
300,-0.12628830005263159,-0.5630169420184208,19,1.10012039715652,0.6644442257312929,PTEN,PTEN/5 FOLD CV
301,-0.10862998763157901,-0.4133324867657893,19,1.10012039715652,0.6644442257312929,PTEN,PTEN/5 FOLD CV
302,-0.1518945102631579,-0.3933032164447366,19,1.10012039715652,0.6644442257312929,PTEN,PTEN/5 FOLD CV
303,-0.06388182415789469,-0.39401030879999993,19,1.10012039715652,0.6644442257312929,PTEN,PTEN/5 FOLD CV
304,-0.15507893115789476,-0.7744788163921049,19,1.10012039715652,0.6644442257312929,PTEN,PTEN/5 FOLD CV
305,-0.1812335386842104,-0.6765243241263155,19,1.10012039715652,0.6644442257312929,PTEN,PTEN/5 FOLD CV
306,-0.3301481888947368,-0.5109090211157892,19,1.10012039715652,0.6644442257312929,PTEN,PTEN/5 FOLD CV
307,-0.1342450419999999,-0.37203701377631565,19,1.10012039715652,0.6644442257312929,PTEN,PTEN/5 FOLD CV
308,-0.47832435057894745,-0.7510625911342101,19,1.10012039715652,0.6644442257312929,PTEN,PTEN/5 FOLD CV
309,-0.43990716505263106,-0.7045141728289469,19,1.10012039715652,0.6644442257312929,PTEN,PTEN/5 FOLD CV
310,-0.19020148926315736,-0.6968082812894734,19,1.10012039715652,0.6644442257312929,PTEN,PTEN/5 FOLD CV
311,-0.3204017232105263,-0.44226086656842073,19,1.10012039715652,0.6644442257312929,PTEN,PTEN/5 FOLD CV
312,-0.15934567642105266,-0.6178790974526313,19,1.10012039715652,0.6644442257312929,PTEN,PTEN/5 FOLD CV
313,-0.04629972926315812,-0.6800166165815787,19,1.10012039715652,0.6644442257312929,PTEN,PTEN/5 FOLD CV
314,-0.44547451978947367,-0.6051690436605259,19,1.10012039715652,0.6644442257312929,PTEN,PTEN/5 FOLD CV
315,-0.6034968118421051,-0.7104710364342103,19,1.10012039715652,0.6644442257312929,PTEN,PTEN/5 FOLD CV
316,-0.5222407403684204,-0.6258291205499994,19,1.10012039715652,0.6644442257312929,PTEN,PTEN/5 FOLD CV
317,-0.2983086361052621,-0.6977451606710523,19,1.10012039715652,0.6644442257312929,PTEN,PTEN/5 FOLD CV
318,-0.5758580892631573,-0.755353542515789,19,1.10012039715652,0.6644442257312929,PTEN,PTEN/5 FOLD CV
319,-1.482383515947367,-0.8904881644157889,19,1.10012039715652,0.6644442257312929,PTEN,PTEN/5 FOLD CV
320,-0.335316630263158,-0.45923394088157876,19,1.10012039715652,0.6644442257312929,PTEN,PTEN/5 FOLD CV
321,-0.38310119836842044,-0.6409467556921048,19,1.10012039715652,0.6644442257312929,PTEN,PTEN/5 FOLD CV
322,-0.1294386342105262,-0.4471993901973683,19,1.10012039715652,0.6644442257312929,PTEN,PTEN/5 FOLD CV
323,-0.17350019627777769,-0.6430452835138883,18,1.10012039715652,0.6644442257312929,PTEN,PTEN/5 FOLD CV
324,-2.321270500631578,-1.5675256010921048,19,1.10012039715652,0.6644442257312929,PTEN,PTEN/5 FOLD CV
325,-2.10703167168421,-1.1913752508842101,19,1.10012039715652,0.6644442257312929,PTEN,PTEN/5 FOLD CV
326,-0.3211078316315784,-0.8881395376052627,19,1.10012039715652,0.6644442257312929,PTEN,PTEN/5 FOLD CV
327,-0.28531914236842093,-0.5136710069421051,19,1.10012039715652,0.6644442257312929,PTEN,PTEN/5 FOLD CV
328,-0.016515198684209947,-0.5148320198499997,19,1.10012039715652,0.6644442257312929,PTEN,PTEN/5 FOLD CV
329,-0.38798187326315786,-0.5201638562315789,19,1.10012039715652,0.6644442257312929,PTEN,PTEN/5 FOLD CV
330,-0.09052783636842104,-0.7011517135763154,19,1.10012039715652,0.6644442257312929,PTEN,PTEN/5 FOLD CV
331,-0.3830664269999988,-0.9594966826374998,8,1.10012039715652,0.6644442257312929,PTEN,PTEN/5 FOLD CV
332,-2.0625848565454548,-1.141676688513636,11,1.10012039715652,0.6644442257312929,PTEN,PTEN/5 FOLD CV
333,-1.3796927892857143,-0.9021327929357136,7,1.10012039715652,0.6644442257312929,PTEN,PTEN/5 FOLD CV
334,-0.4075452102499975,-1.0790607560624994,4,1.10012039715652,0.6644442257312929,PTEN,PTEN/5 FOLD CV
335,-0.8887617753333333,-0.7975785042333327,3,1.10012039715652,0.6644442257312929,PTEN,PTEN/5 FOLD CV
336,-1.2736714456666658,-1.1267083423999995,12,1.10012039715652,0.6644442257312929,PTEN,PTEN/5 FOLD CV
337,-0.08687245528571416,-0.9021017725214282,7,1.10012039715652,0.6644442257312929,PTEN,PTEN/5 FOLD CV
338,-1.0281447186666668,-0.9243349748499997,6,1.10012039715652,0.6644442257312929,PTEN,PTEN/5 FOLD CV
339,-1.0914965131428558,-0.6694709101999996,7,1.10012039715652,0.6644442257312929,PTEN,PTEN/5 FOLD CV
340,-0.7097877977142844,-0.7719872985714282,7,1.10012039715652,0.6644442257312929,PTEN,PTEN/5 FOLD CV
341,-1.0351534063333323,-0.9008279964055546,9,1.10012039715652,0.6644442257312929,PTEN,PTEN/5 FOLD CV
342,-1.07560589785714,-0.541648550378571,7,1.10012039715652,0.6644442257312929,PTEN,PTEN/5 FOLD CV
343,-0.9153715359999999,-0.8139197754083328,6,1.10012039715652,0.6644442257312929,PTEN,PTEN/5 FOLD CV
344,-1.4354494502222233,-0.9459982278666664,9,1.10012039715652,0.6644442257312929,PTEN,PTEN/5 FOLD CV
345,-2.0806606994285697,-1.161950544628571,7,1.10012039715652,0.6644442257312929,PTEN,PTEN/5 FOLD CV
346,-2.1970119242499995,-1.3154156777875,4,1.10012039715652,0.6644442257312929,PTEN,PTEN/5 FOLD CV
347,-1.0632680329,-0.708851561645,10,1.10012039715652,0.6644442257312929,PTEN,PTEN/5 FOLD CV
348,-0.39672770521428574,-1.028714274878571,14,1.10012039715652,0.6644442257312929,PTEN,PTEN/5 FOLD CV
349,-1.2311678179999999,-1.0268317074562496,8,1.10012039715652,0.6644442257312929,PTEN,PTEN/5 FOLD CV
350,-0.19775312811111057,-0.3908054428277775,18,1.10012039715652,0.6644442257312929,PTEN,PTEN/5 FOLD CV
351,-0.2733794132105262,-0.483131622405263,19,1.10012039715652,0.6644442257312929,PTEN,PTEN/5 FOLD CV
352,-0.1371346454736842,-0.3224872244921051,19,1.10012039715652,0.6644442257312929,PTEN,PTEN/5 FOLD CV
353,-0.05324741736842105,-0.3438327153736841,19,1.10012039715652,0.6644442257312929,PTEN,PTEN/5 FOLD CV
354,-0.048895069263157946,-0.4586656488289471,19,1.10012039715652,0.6644442257312929,PTEN,PTEN/5 FOLD CV
355,0.03570163972222216,-0.611397026572222,18,1.10012039715652,0.6644442257312929,PTEN,PTEN/5 FOLD CV
356,-0.16505705052631586,-0.3792077644026314,19,1.10012039715652,0.6644442257312929,PTEN,PTEN/5 FOLD CV
357,-0.050183610631579,-0.31098749581842094,19,1.10012039715652,0.6644442257312929,PTEN,PTEN/5 FOLD CV
358,-0.10765926215789463,-0.48274891248947344,19,1.10012039715652,0.6644442257312929,PTEN,PTEN/5 FOLD CV
359,-0.16784806778947312,-0.579306083105263,19,1.10012039715652,0.6644442257312929,PTEN,PTEN/5 FOLD CV
360,-0.2801821601578942,-0.38084566197368397,19,1.10012039715652,0.6644442257312929,PTEN,PTEN/5 FOLD CV
361,-0.2268852253684211,-0.37637412192105235,19,1.10012039715652,0.6644442257312929,PTEN,PTEN/5 FOLD CV
362,-0.3332648544705877,-0.5311638976735291,17,1.10012039715652,0.6644442257312929,PTEN,PTEN/5 FOLD CV
363,-0.3037837464210526,-0.3670244974447367,19,1.10012039715652,0.6644442257312929,PTEN,PTEN/5 FOLD CV
364,-0.17398734373684205,-0.2590284681921052,19,1.10012039715652,0.6644442257312929,PTEN,PTEN/5 FOLD CV
365,-0.00027459705263169063,-0.3551267132815788,19,1.10012039715652,0.6644442257312929,PTEN,PTEN/5 FOLD CV
366,-0.1924800951052631,-0.4077359365657892,19,1.10012039715652,0.6644442257312929,PTEN,PTEN/5 FOLD CV
367,-0.025969900421052627,-0.4636372889710525,19,1.10012039715652,0.6644442257312929,PTEN,PTEN/5 FOLD CV
368,-0.112831251368421,-0.41860914934473653,19,1.10012039715652,0.6644442257312929,PTEN,PTEN/5 FOLD CV
369,-0.05719545126315731,-0.29938195863947337,19,1.10012039715652,0.6644442257312929,PTEN,PTEN/5 FOLD CV
370,-0.07333192900000006,-0.3639445854078945,19,1.10012039715652,0.6644442257312929,PTEN,PTEN/5 FOLD CV
371,-0.11431474847368406,-0.43070636811842095,19,1.10012039715652,0.6644442257312929,PTEN,PTEN/5 FOLD CV
372,0.08402658726315777,-0.43749604564210504,19,1.10012039715652,0.6644442257312929,PTEN,PTEN/5 FOLD CV
373,0.0565926097894735,-0.18829065872105258,19,1.10012039715652,0.6644442257312929,PTEN,PTEN/5 FOLD CV
374,0.0976246451052631,-0.17763494941052618,19,1.10012039715652,0.6644442257312929,PTEN,PTEN/5 FOLD CV
375,-0.0514467282631579,-0.23975106359736836,19,1.10012039715652,0.6644442257312929,PTEN,PTEN/5 FOLD CV
376,-0.0005720999473683694,-0.2942783546052631,19,1.10012039715652,0.6644442257312929,PTEN,PTEN/5 FOLD CV
377,0.14011601463157888,-0.27842194353947347,19,1.10012039715652,0.6644442257312929,PTEN,PTEN/5 FOLD CV
378,0.08790602478947379,-0.43393366716842086,19,1.10012039715652,0.6644442257312929,PTEN,PTEN/5 FOLD CV
379,0.1736683960526314,-0.5891154270026315,19,1.10012039715652,0.6644442257312929,PTEN,PTEN/5 FOLD CV
380,-0.6197692115789468,-0.531532677023684,19,1.10012039715652,0.6644442257312929,PTEN,PTEN/5 FOLD CV
381,-0.33065291826315696,-0.3956147487947365,19,1.10012039715652,0.6644442257312929,PTEN,PTEN/5 FOLD CV
382,-0.6565118527368421,-0.4610267512342103,19,1.10012039715652,0.6644442257312929,PTEN,PTEN/5 FOLD CV
383,-0.5274472727368421,-0.36979629474736825,19,1.10012039715652,0.6644442257312929,PTEN,PTEN/5 FOLD CV
384,-0.3251589289473684,-0.46454371444210507,19,1.10012039715652,0.6644442257312929,PTEN,PTEN/5 FOLD CV
385,-0.4184649528333323,-0.4562033372888886,18,1.10012039715652,0.6644442257312929,PTEN,PTEN/5 FOLD CV
386,-0.1368573925263164,-0.40688266897105274,19,1.10012039715652,0.6644442257312929,PTEN,PTEN/5 FOLD CV
387,-0.37238362163157895,-0.5554726125710523,19,1.10012039715652,0.6644442257312929,PTEN,PTEN/5 FOLD CV
388,-0.15924473257894672,-0.45566562564473645,19,1.10012039715652,0.6644442257312929,PTEN,PTEN/5 FOLD CV
389,0.12115109447368466,-0.20216571381315762,19,1.10012039715652,0.6644442257312929,PTEN,PTEN/5 FOLD CV
390,-0.6005784956842104,-0.8014039429868415,19,1.10012039715652,0.6644442257312929,PTEN,PTEN/5 FOLD CV
391,-1.0551431801052633,-0.8542548178210523,19,1.10012039715652,0.6644442257312929,PTEN,PTEN/5 FOLD CV
392,-0.6442279782631569,-0.8441162151763154,19,1.10012039715652,0.6644442257312929,PTEN,PTEN/5 FOLD CV
393,-0.736614016888888,-0.6028700091749996,18,1.10012039715652,0.6644442257312929,PTEN,PTEN/5 FOLD CV
394,-0.8706005964210528,-0.646794633136842,19,1.10012039715652,0.6644442257312929,PTEN,PTEN/5 FOLD CV
395,-0.3964484533157888,-0.5478248114710522,19,1.10012039715652,0.6644442257312929,PTEN,PTEN/5 FOLD CV
396,-0.8320382244210521,-0.48407214679736815,19,1.10012039715652,0.6644442257312929,PTEN,PTEN/5 FOLD CV
397,-0.5335240905555554,-0.7723303187388885,18,1.10012039715652,0.6644442257312929,PTEN,PTEN/5 FOLD CV
398,-1.2811617165999996,-0.7668993082133331,15,1.10012039715652,0.6644442257312929,PTEN,PTEN/5 FOLD CV
399,-1.3580411443636355,-1.0013661168818175,11,1.10012039715652,0.6644442257312929,PTEN,PTEN/5 FOLD CV
400,-1.8525430414999986,-1.6202593863083325,6,1.10012039715652,0.6644442257312929,PTEN,PTEN/5 FOLD CV
401,-0.0647793967142857,-0.5070924475428571,7,1.10012039715652,0.6644442257312929,PTEN,PTEN/5 FOLD CV
402,-1.6863441983333332,-1.341306122183333,6,1.10012039715652,0.6644442257312929,PTEN,PTEN/5 FOLD CV
269,0.309255505068465,-0.7237668670368207,7,0.631183651,-0.460420506,SRC,SRC/LLR
270,0.03307997736108754,0.467436647492467,14,0.631183651,-0.460420506,SRC,SRC/LLR
271,-0.2847743258831624,0.8070205306497661,1,0.631183651,-0.460420506,SRC,SRC/LLR
272,1.9922090215133703,0.5789482533588226,14,0.631183651,-0.460420506,SRC,SRC/LLR
273,2.7221800250888903,1.3599535136954113,16,0.631183651,-0.460420506,SRC,SRC/LLR
274,1.4527235629155435,0.006324758787681247,15,0.631183651,-0.460420506,SRC,SRC/LLR
275,2.097661368499848,-1.186926785123739,13,0.631183651,-0.460420506,SRC,SRC/LLR
276,-0.8236710871982866,-1.4351250979277916,15,0.631183651,-0.460420506,SRC,SRC/LLR
277,-0.3762874905893796,0.7004946747973058,18,0.631183651,-0.460420506,SRC,SRC/LLR
278,-1.001813627395081,-1.695998448731616,18,0.631183651,-0.460420506,SRC,SRC/LLR
279,-0.6266042737839342,1.174228213949633,17,0.631183651,-0.460420506,SRC,SRC/LLR
280,-0.8895513856177655,-0.7432427458625401,13,0.631183651,-0.460420506,SRC,SRC/LLR
281,-0.8717637821072364,-1.4959330658736325,17,0.631183651,-0.460420506,SRC,SRC/LLR
282,2.674258689441078,-0.7605208372434662,16,0.631183651,-0.460420506,SRC,SRC/LLR
283,-0.8503823901753347,-1.2669674747426838,19,0.631183651,-0.460420506,SRC,SRC/LLR
284,3.2580688978970596,0.06539716920637216,19,0.631183651,-0.460420506,SRC,SRC/LLR
285,0.3825245840991184,0.5953231094048147,19,0.631183651,-0.460420506,SRC,SRC/LLR
286,0.34899809010542016,-1.5282164114022327,18,0.631183651,-0.460420506,SRC,SRC/LLR
287,0.4342689509726723,0.807472723555624,19,0.631183651,-0.460420506,SRC,SRC/LLR
288,0.5703907069170959,0.5266428448502317,19,0.631183651,-0.460420506,SRC,SRC/LLR
289,0.4584739419684008,0.8648142880444819,19,0.631183651,-0.460420506,SRC,SRC/LLR
290,0.46272753592159405,0.5687368531343348,18,0.631183651,-0.460420506,SRC,SRC/LLR
291,0.5430240405263956,0.5867313352015627,18,0.631183651,-0.460420506,SRC,SRC/LLR
292,0.49151458325400893,0.3407423263346606,19,0.631183651,-0.460420506,SRC,SRC/LLR
293,0.35218617743427255,0.8314724947256863,19,0.631183651,-0.460420506,SRC,SRC/LLR
294,0.09324856006960716,-0.8812533311318026,14,0.631183651,-0.460420506,SRC,SRC/LLR
295,-0.8873715464291294,-1.079072934503602,10,0.631183651,-0.460420506,SRC,SRC/LLR
296,0.2276164323273563,-1.3272499177324295,16,0.631183651,-0.460420506,SRC,SRC/LLR
297,-0.9772243955776605,-1.549376132241679,15,0.631183651,-0.460420506,SRC,SRC/LLR
298,0.5347854798329585,-0.2176215671334486,18,0.631183651,-0.460420506,SRC,SRC/LLR
299,0.4745643280984464,-0.17619862140441303,19,0.631183651,-0.460420506,SRC,SRC/LLR
300,-0.5623928999622341,-0.16761428677490278,19,0.631183651,-0.460420506,SRC,SRC/LLR
301,0.7887683675826169,0.5344643773782288,17,0.631183651,-0.460420506,SRC,SRC/LLR
302,0.13645915801688346,-0.4952727565211781,1,0.631183651,-0.460420506,SRC,SRC/LLR
303,-0.05698951898459787,-0.3476333451871002,18,0.631183651,-0.460420506,SRC,SRC/LLR
304,-0.7645241576417888,-0.5881685127827107,7,0.631183651,-0.460420506,SRC,SRC/LLR
305,-0.6976485207082276,0.2034625965918748,14,0.631183651,-0.460420506,SRC,SRC/LLR
306,0.9976002547692235,0.558445647425988,19,0.631183651,-0.460420506,SRC,SRC/LLR
307,0.2404939381652451,0.5471261106576502,16,0.631183651,-0.460420506,SRC,SRC/LLR
308,-0.03413592865963164,0.8565471151710343,1,0.631183651,-0.460420506,SRC,SRC/LLR
309,-0.8911586742163268,-1.1057495717059558,8,0.631183651,-0.460420506,SRC,SRC/LLR
310,-0.23807496552715482,-0.4111841166319594,15,0.631183651,-0.460420506,SRC,SRC/LLR
311,-0.11386082360776364,0.6470556386825647,19,0.631183651,-0.460420506,SRC,SRC/LLR
312,-0.9507266557188437,-1.3358271549408576,17,0.631183651,-0.460420506,SRC,SRC/LLR
313,-0.7828160014088893,-0.8714184739889834,18,0.631183651,-0.460420506,SRC,SRC/LLR
314,0.01400027710774606,0.861570247860411,19,0.631183651,-0.460420506,SRC,SRC/LLR
315,-0.44529132946425953,0.002551826764480452,18,0.631183651,-0.460420506,SRC,SRC/LLR
316,-0.6711387109253627,-1.206763236341398,19,0.631183651,-0.460420506,SRC,SRC/LLR
317,-0.6932031360353037,-0.7149372042028708,19,0.631183651,-0.460420506,SRC,SRC/LLR
318,0.4430856455269734,0.6900271768002492,18,0.631183651,-0.460420506,SRC,SRC/LLR
319,-0.6934434553412182,-0.6135975841911581,19,0.631183651,-0.460420506,SRC,SRC/LLR
320,0.1363033178177689,0.5510437652445128,13,0.631183651,-0.460420506,SRC,SRC/LLR
321,-0.6540594004154238,-1.3412337280294437,1,0.631183651,-0.460420506,SRC,SRC/LLR
322,0.4405158727427347,0.22634918795649056,19,0.631183651,-0.460420506,SRC,SRC/LLR
323,0.24299612857849784,0.7867521634092077,14,0.631183651,-0.460420506,SRC,SRC/LLR
324,-0.06868664493697182,-0.9510907979500417,19,0.631183651,-0.460420506,SRC,SRC/LLR
325,1.6462738779275974,-0.5447366292049289,17,0.631183651,-0.460420506,SRC,SRC/LLR
326,0.49959305011559263,0.5521883151662561,17,0.631183651,-0.460420506,SRC,SRC/LLR
327,-0.8019901372548383,-0.7373134427517425,10,0.631183651,-0.460420506,SRC,SRC/LLR
328,0.7579335290438683,0.0765124422097934,19,0.631183651,-0.460420506,SRC,SRC/LLR
329,-0.11459256174790382,-0.9533492873234655,17,0.631183651,-0.460420506,SRC,SRC/LLR
330,-0.16803842702598693,-0.9138902232244673,14,0.631183651,-0.460420506,SRC,SRC/LLR
331,-0.5215348719746522,-0.5698859604619255,13,0.631183651,-0.460420506,SRC,SRC/LLR
332,-0.6320318533978537,0.027117534531247735,18,0.631183651,-0.460420506,SRC,SRC/LLR
333,0.4739843635519412,0.31197003526568534,18,0.631183651,-0.460420506,SRC,SRC/LLR
334,1.2541195920703045,0.08117790749117687,16,0.631183651,-0.460420506,SRC,SRC/LLR
335,-0.8575406638696681,-0.2126657772830305,10,0.631183651,-0.460420506,SRC,SRC/LLR
336,-0.35595276858038627,0.16179107123501094,10,0.631183651,-0.460420506,SRC,SRC/LLR
337,-0.0851278007773853,0.8242639563184239,13,0.631183651,-0.460420506,SRC,SRC/LLR
338,-0.6515760971747574,-1.445697043388997,19,0.631183651,-0.460420506,SRC,SRC/LLR
339,-0.6103803505721382,-1.3995079422337893,19,0.631183651,-0.460420506,SRC,SRC/LLR
340,-1.1382691160340384,-1.122005110033374,3,0.631183651,-0.460420506,SRC,SRC/LLR
341,-0.7446328014383204,-1.3544840237360007,3,0.631183651,-0.460420506,SRC,SRC/LLR
342,2.617290354993772,0.032613505764211514,3,0.631183651,-0.460420506,SRC,SRC/LLR
343,0.11323622310847115,-0.32493793917152713,16,0.631183651,-0.460420506,SRC,SRC/LLR
344,0.7740811240928147,0.48151290370200633,14,0.631183651,-0.460420506,SRC,SRC/LLR
345,0.4904001227759252,0.45132155365795473,18,0.631183651,-0.460420506,SRC,SRC/LLR
346,0.39819554420283754,-0.43515379137073357,19,0.631183651,-0.460420506,SRC,SRC/LLR
347,-0.500098026980906,0.11015299766066249,18,0.631183651,-0.460420506,SRC,SRC/LLR
348,0.08405356817406993,-0.9644629529001243,18,0.631183651,-0.460420506,SRC,SRC/LLR
349,1.046368493008027,0.29908437706198276,14,0.631183651,-0.460420506,SRC,SRC/LLR
350,-0.3616653405411262,0.8936685567529644,19,0.631183651,-0.460420506,SRC,SRC/LLR
351,-0.06958554552227651,0.48313884671331386,18,0.631183651,-0.460420506,SRC,SRC/LLR
352,0.10619407431912116,-0.4889820779077279,19,0.631183651,-0.460420506,SRC,SRC/LLR
353,0.30309813033617594,0.31437995746530367,19,0.631183651,-0.460420506,SRC,SRC/LLR
354,0.23544706004368368,0.9113094130768751,19,0.631183651,-0.460420506,SRC,SRC/LLR
355,0.8789154527951615,0.6491254873286021,18,0.631183651,-0.460420506,SRC,SRC/LLR
356,0.4646887927008457,1.3676717894989123,18,0.631183651,-0.460420506,SRC,SRC/LLR
357,0.24765715495689689,0.3762142531584524,3,0.631183651,-0.460420506,SRC,SRC/LLR
358,1.6077078844412225,0.9060122962541454,4,0.631183651,-0.460420506,SRC,SRC/LLR
359,-0.3680092811286648,1.720392731596747,8,0.631183651,-0.460420506,SRC,SRC/LLR
360,0.6521602404631884,0.346863805368966,16,0.631183651,-0.460420506,SRC,SRC/LLR
361,-0.008623068073438501,1.1663977648087316,19,0.631183651,-0.460420506,SRC,SRC/LLR
362,0.0043182723334310325,0.6533328507262641,18,0.631183651,-0.460420506,SRC,SRC/LLR
363,0.06830506287548323,0.6291282559398166,17,0.631183651,-0.460420506,SRC,SRC/LLR
364,1.5416686365133059,0.6019075721214997,2,0.631183651,-0.460420506,SRC,SRC/LLR
365,-0.1579449486183446,0.37019660303481366,7,0.631183651,-0.460420506,SRC,SRC/LLR
366,0.4983014497256244,0.37833975746172216,14,0.631183651,-0.460420506,SRC,SRC/LLR
367,0.8609777348186728,1.2648523725737948,16,0.631183651,-0.460420506,SRC,SRC/LLR
368,0.08881169066288327,-0.35251666686726446,8,0.631183651,-0.460420506,SRC,SRC/LLR
369,-0.35326611056605967,-0.42586723565518786,17,0.631183651,-0.460420506,SRC,SRC/LLR
370,0.10584306920439292,1.0883341215686546,14,0.631183651,-0.460420506,SRC,SRC/LLR
371,-0.2710336046968467,-0.4393733921224911,13,0.631183651,-0.460420506,SRC,SRC/LLR
372,-0.5471239575191486,-0.09710587733682069,11,0.631183651,-0.460420506,SRC,SRC/LLR
373,-0.09053048698194134,-0.6310464633578031,17,0.631183651,-0.460420506,SRC,SRC/LLR
374,0.4655967505044076,0.4947108400569643,16,0.631183651,-0.460420506,SRC,SRC/LLR
375,-0.8191154223933167,-1.3920939168583881,17,0.631183651,-0.460420506,SRC,SRC/LLR
376,-0.19439248609423967,-0.2359805534153384,16,0.631183651,-0.460420506,SRC,SRC/LLR
377,1.3212506750145196,0.4129422923674435,15,0.631183651,-0.460420506,SRC,SRC/LLR
378,-0.45196530051007017,-0.35448416718026515,18,0.631183651,-0.460420506,SRC,SRC/LLR
379,-0.5563252974177985,0.17317707491368653,18,0.631183651,-0.460420506,SRC,SRC/LLR
380,2.9622062269286875,-0.1429185473102738,12,0.631183651,-0.460420506,SRC,SRC/LLR
381,0.4746354968824566,0.8054962161377109,15,0.631183651,-0.460420506,SRC,SRC/LLR
382,-0.4648544058855365,0.8664434276814194,9,0.631183651,-0.460420506,SRC,SRC/LLR
383,0.3229404465723762,0.319538439424407,15,0.631183651,-0.460420506,SRC,SRC/LLR
384,0.04375193092815259,0.10203925097405941,16,0.631183651,-0.460420506,SRC,SRC/LLR
385,-0.6705098003103556,-0.35923146232871134,18,0.631183651,-0.460420506,SRC,SRC/LLR
386,-1.0674122352066564,-0.9425403582747546,11,0.631183651,-0.460420506,SRC,SRC/LLR
387,-0.4745535508044586,-0.8384722898763008,16,0.631183651,-0.460420506,SRC,SRC/LLR
388,-0.9564213433608465,-1.4835474770978863,15,0.631183651,-0.460420506,SRC,SRC/LLR
389,-0.6816440955094871,-1.2864069144205441,4,0.631183651,-0.460420506,SRC,SRC/LLR
390,-0.9113240458322344,-0.46040662438235547,17,0.631183651,-0.460420506,SRC,SRC/LLR
391,-0.2509474627082883,-0.4025233551471185,5,0.631183651,-0.460420506,SRC,SRC/LLR
392,-0.19694987838326738,0.45559117999599485,15,0.631183651,-0.460420506,SRC,SRC/LLR
393,-0.9975986524648554,-1.3314203705365926,15,0.631183651,-0.460420506,SRC,SRC/LLR
394,-0.7285775704909562,-0.38438147367792525,11,0.631183651,-0.460420506,SRC,SRC/LLR
395,-0.7242003474313795,-1.2784994573096276,11,0.631183651,-0.460420506,SRC,SRC/LLR
396,-0.5214497901483001,-0.8176419901364418,18,0.631183651,-0.460420506,SRC,SRC/LLR
397,0.29079216376217837,0.1417287354056267,17,0.631183651,-0.460420506,SRC,SRC/LLR
398,0.9752005485494093,0.12924842266693218,13,0.631183651,-0.460420506,SRC,SRC/LLR
399,0.21581150454874992,-0.34358691235068817,2,0.631183651,-0.460420506,SRC,SRC/LLR
400,0.21469375105237792,0.8618399116904325,10,0.631183651,-0.460420506,SRC,SRC/LLR
401,0.3722200491192248,0.31510185529038287,13,0.631183651,-0.460420506,SRC,SRC/LLR
402,-0.2751689613286115,-0.08219726451615834,14,0.631183651,-0.460420506,SRC,SRC/LLR
403,0.8440433517432994,-1.133972528019159,14,0.631183651,-0.460420506,SRC,SRC/LLR
404,-0.8601829613711223,-0.93457634212078,18,0.631183651,-0.460420506,SRC,SRC/LLR
405,-0.8648378830491256,-0.5671767458716528,15,0.631183651,-0.460420506,SRC,SRC/LLR
406,-0.6859840855799761,-1.1490102283497783,15,0.631183651,-0.460420506,SRC,SRC/LLR
407,-0.8459587475832561,-1.1839549612834452,13,0.631183651,-0.460420506,SRC,SRC/LLR
408,-0.826015114948314,-1.4549191322465842,18,0.631183651,-0.460420506,SRC,SRC/LLR
409,-0.834230959607705,-0.8828689634200738,14,0.631183651,-0.460420506,SRC,SRC/LLR
410,-0.8188342947654565,-0.052158691873757844,15,0.631183651,-0.460420506,SRC,SRC/LLR
411,-0.6387975003025629,-0.14508600048548054,18,0.631183651,-0.460420506,SRC,SRC/LLR
412,0.44124871269457805,1.1404354427520538,17,0.631183651,-0.460420506,SRC,SRC/LLR
413,-0.39462430282011424,0.9700102743754208,6,0.631183651,-0.460420506,SRC,SRC/LLR
414,-0.289865684246059,0.461997399183679,15,0.631183651,-0.460420506,SRC,SRC/LLR
415,-0.41807076091255035,0.25372143451878054,4,0.631183651,-0.460420506,SRC,SRC/LLR
416,-0.12938769504296385,0.901016149683428,15,0.631183651,-0.460420506,SRC,SRC/LLR
417,0.16271870027416763,1.6379104273287457,16,0.631183651,-0.460420506,SRC,SRC/LLR
418,-0.9709143028016629,-0.1872399003773414,18,0.631183651,-0.460420506,SRC,SRC/LLR
419,0.26412039771349266,0.08967391393070018,19,0.631183651,-0.460420506,SRC,SRC/LLR
420,-0.7863275019058714,0.2591881661951047,19,0.631183651,-0.460420506,SRC,SRC/LLR
421,-0.20524027150349813,1.2134624228768434,19,0.631183651,-0.460420506,SRC,SRC/LLR
422,0.23193306367508487,1.2419041056386397,18,0.631183651,-0.460420506,SRC,SRC/LLR
423,-0.7593599525465853,0.8869428202373475,17,0.631183651,-0.460420506,SRC,SRC/LLR
424,-0.3690450123441903,0.6894249370516673,19,0.631183651,-0.460420506,SRC,SRC/LLR
425,0.44435549738138874,-0.22642653899978016,17,0.631183651,-0.460420506,SRC,SRC/LLR
426,-0.9398993401784758,-0.31404020104526426,19,0.631183651,-0.460420506,SRC,SRC/LLR
427,-0.8016206862744263,-0.844614413511912,8,0.631183651,-0.460420506,SRC,SRC/LLR
428,-0.580388130791362,-0.5162919752826317,14,0.631183651,-0.460420506,SRC,SRC/LLR
429,-0.6426351437637612,-1.1549376855684468,14,0.631183651,-0.460420506,SRC,SRC/LLR
430,-0.9639953000711212,-0.7485642131825662,19,0.631183651,-0.460420506,SRC,SRC/LLR
431,-0.9415758891055889,-0.45361573919967724,19,0.631183651,-0.460420506,SRC,SRC/LLR
432,-0.4755432388893659,-1.0498746888447272,19,0.631183651,-0.460420506,SRC,SRC/LLR
433,0.04253654478403851,-0.2942444452792431,17,0.631183651,-0.460420506,SRC,SRC/LLR
434,-0.8174225194930693,-1.3525231334194587,10,0.631183651,-0.460420506,SRC,SRC/LLR
435,-0.12117542114771533,1.0622312798735354,1,0.631183651,-0.460420506,SRC,SRC/LLR
436,-0.5103464053550492,1.144443112895389,10,0.631183651,-0.460420506,SRC,SRC/LLR
437,-0.14968960983109997,1.4426866085366077,10,0.631183651,-0.460420506,SRC,SRC/LLR
438,-0.04715730582217669,0.1352064693151258,19,0.631183651,-0.460420506,SRC,SRC/LLR
439,-0.39161302965197026,0.5151166450606354,19,0.631183651,-0.460420506,SRC,SRC/LLR
440,-0.13299935318294115,0.5041100789664278,19,0.631183651,-0.460420506,SRC,SRC/LLR
441,-0.4840862789156503,-0.4453361608946779,19,0.631183651,-0.460420506,SRC,SRC/LLR
442,0.25975230649224806,-0.5547549534619705,18,0.631183651,-0.460420506,SRC,SRC/LLR
443,1.3712030643481459,1.2591418925960327,19,0.631183651,-0.460420506,SRC,SRC/LLR
444,0.6091756770071646,0.25097570464880714,19,0.631183651,-0.460420506,SRC,SRC/LLR
445,-0.3984373972062457,-0.6529788921855942,9,0.631183651,-0.460420506,SRC,SRC/LLR
446,-0.8480465878360177,-1.4085296664780866,17,0.631183651,-0.460420506,SRC,SRC/LLR
447,0.5421896828582758,-0.4333783306501593,8,0.631183651,-0.460420506,SRC,SRC/LLR
448,-0.6995057813395308,-1.1670135756279525,18,0.631183651,-0.460420506,SRC,SRC/LLR
449,-0.821978906048948,-0.8891188873610724,18,0.631183651,-0.460420506,SRC,SRC/LLR
450,-0.5296507120176426,-0.8764279720666823,18,0.631183651,-0.460420506,SRC,SRC/LLR
451,-0.6622387511431187,-1.4305830636221186,4,0.631183651,-0.460420506,SRC,SRC/LLR
452,-0.4172400099500154,-0.5657019284009585,16,0.631183651,-0.460420506,SRC,SRC/LLR
453,-0.46395334925782955,-0.3768246713666615,19,0.631183651,-0.460420506,SRC,SRC/LLR
454,-0.6232638864688712,-0.75033638885508,19,0.631183651,-0.460420506,SRC,SRC/LLR
455,-0.22110625204057252,1.303694643313474,18,0.631183651,-0.460420506,SRC,SRC/LLR
456,-0.9977803737783643,-0.9039752266063156,12,0.631183651,-0.460420506,SRC,SRC/LLR
457,-0.14960023187491747,0.14699673552384918,13,0.631183651,-0.460420506,SRC,SRC/LLR
458,-0.3108158046369917,1.1793965901997085,10,0.631183651,-0.460420506,SRC,SRC/LLR
459,-0.09514593602527172,-0.004531451573929593,19,0.631183651,-0.460420506,SRC,SRC/LLR
460,0.6574413365196801,1.0711525395595316,8,0.631183651,-0.460420506,SRC,SRC/LLR
461,-0.25777377940099105,0.8701268409109193,1,0.631183651,-0.460420506,SRC,SRC/LLR
462,-0.25228166566456717,1.0364880625813082,15,0.631183651,-0.460420506,SRC,SRC/LLR
463,0.5888449950790137,1.0113650632932905,16,0.631183651,-0.460420506,SRC,SRC/LLR
464,-0.6534644195169561,-0.8174644831451808,18,0.631183651,-0.460420506,SRC,SRC/LLR
465,-1.3867026665573514,-1.0985392839702735,3,0.631183651,-0.460420506,SRC,SRC/LLR
466,-0.06720060444392734,0.5403860048981456,18,0.631183651,-0.460420506,SRC,SRC/LLR
467,0.263540151464415,0.25544490527330965,9,0.631183651,-0.460420506,SRC,SRC/LLR
468,-0.1898112653996149,0.3111162110986382,15,0.631183651,-0.460420506,SRC,SRC/LLR
469,0.8212817130748994,1.832093042040608,16,0.631183651,-0.460420506,SRC,SRC/LLR
470,-0.645484687238482,0.5446824711878296,19,0.631183651,-0.460420506,SRC,SRC/LLR
471,0.09645226818874336,0.3364299475308248,17,0.631183651,-0.460420506,SRC,SRC/LLR
472,0.32587277116333707,0.4862824432469491,7,0.631183651,-0.460420506,SRC,SRC/LLR
474,-0.3790506588239347,0.8876109429050041,5,0.631183651,-0.460420506,SRC,SRC/LLR
475,0.6796994552262481,0.7806892189352191,4,0.631183651,-0.460420506,SRC,SRC/LLR
476,0.7219013574703986,0.8161718598056391,18,0.631183651,-0.460420506,SRC,SRC/LLR
477,-0.1577380975799703,-0.5164035612370785,13,0.631183651,-0.460420506,SRC,SRC/LLR
478,0.28974968815477653,0.1975175951511292,19,0.631183651,-0.460420506,SRC,SRC/LLR
479,0.09810899349434712,0.8262529629826636,18,0.631183651,-0.460420506,SRC,SRC/LLR
480,-0.4572755231570311,-0.782204270169387,19,0.631183651,-0.460420506,SRC,SRC/LLR
481,-0.4107818967611508,0.05273506082808672,19,0.631183651,-0.460420506,SRC,SRC/LLR
482,0.07553282945289037,-0.4697296863343862,19,0.631183651,-0.460420506,SRC,SRC/LLR
483,-0.375629658889943,-0.3428691974892375,17,0.631183651,-0.460420506,SRC,SRC/LLR
484,0.037094075742964666,0.31223357160053583,18,0.631183651,-0.460420506,SRC,SRC/LLR
485,0.18262711874422763,1.1385102845658712,14,0.631183651,-0.460420506,SRC,SRC/LLR
486,-0.003945866054756458,-0.6271777121662684,17,0.631183651,-0.460420506,SRC,SRC/LLR
487,0.46887662952829856,0.7145353506935128,16,0.631183651,-0.460420506,SRC,SRC/LLR
488,0.4647334719098821,1.0993039772942936,16,0.631183651,-0.460420506,SRC,SRC/LLR
489,-0.1880054630038811,0.08392344987598911,13,0.631183651,-0.460420506,SRC,SRC/LLR
490,-0.12414499131607522,0.5257153623357674,19,0.631183651,-0.460420506,SRC,SRC/LLR
491,0.5413860966611146,1.0345283332702668,11,0.631183651,-0.460420506,SRC,SRC/LLR
493,-0.2711401682518501,-0.23312621301938288,17,0.631183651,-0.460420506,SRC,SRC/LLR
494,0.4901388617013688,0.6640235856853374,18,0.631183651,-0.460420506,SRC,SRC/LLR
495,0.5701832764582235,1.1225080320375564,5,0.631183651,-0.460420506,SRC,SRC/LLR
496,0.09634879578914513,-0.26263221779341606,4,0.631183651,-0.460420506,SRC,SRC/LLR
497,-0.036829164861590345,-0.46073386802030464,12,0.631183651,-0.460420506,SRC,SRC/LLR
498,0.3714105900384572,1.252216804411469,15,0.631183651,-0.460420506,SRC,SRC/LLR
499,0.40422400218092325,0.9685378080242598,18,0.631183651,-0.460420506,SRC,SRC/LLR
500,-0.08955154304625214,-0.6284676760503521,15,0.631183651,-0.460420506,SRC,SRC/LLR
501,-0.41386547086389186,-1.3025801223658593,19,0.631183651,-0.460420506,SRC,SRC/LLR
502,0.41368149210192146,0.7666112228605892,19,0.631183651,-0.460420506,SRC,SRC/LLR
503,0.27584609050458386,1.0665062181355336,11,0.631183651,-0.460420506,SRC,SRC/LLR
504,0.4417645329401547,0.6725376296021125,19,0.631183651,-0.460420506,SRC,SRC/LLR
505,0.553016986099389,0.002926566735915234,19,0.631183651,-0.460420506,SRC,SRC/LLR
506,0.46563760364246437,0.7945525878648306,17,0.631183651,-0.460420506,SRC,SRC/LLR
507,0.7442339726055024,0.5656647360800972,19,0.631183651,-0.460420506,SRC,SRC/LLR
508,-0.8293423653675274,-1.031615894171398,19,0.631183651,-0.460420506,SRC,SRC/LLR
509,-0.010188922219556003,-0.3003737101494287,13,0.631183651,-0.460420506,SRC,SRC/LLR
510,0.7046307443489191,0.31323498258106314,16,0.631183651,-0.460420506,SRC,SRC/LLR
511,0.8132511268390012,-0.9965322318858859,18,0.631183651,-0.460420506,SRC,SRC/LLR
512,0.4930546581551998,0.9848581323945312,19,0.631183651,-0.460420506,SRC,SRC/LLR
513,0.7213325543508311,1.3251854256145543,11,0.631183651,-0.460420506,SRC,SRC/LLR
514,-0.24125413683631503,-0.38031717681635696,19,0.631183651,-0.460420506,SRC,SRC/LLR
515,0.37605906059018746,1.0141807062092454,16,0.631183651,-0.460420506,SRC,SRC/LLR
517,-0.029852889107860922,0.912018654206682,18,0.631183651,-0.460420506,SRC,SRC/LLR
518,0.13258364750579907,-0.2845437204791441,14,0.631183651,-0.460420506,SRC,SRC/LLR
269,0.24892756071428573,0.08104444598714286,7,0.631183651,-0.460420506,SRC,SRC/RF AL
270,0.06139121392857142,0.1007424828592857,14,0.631183651,-0.460420506,SRC,SRC/RF AL
271,-0.154447008,0.29096835046999997,1,0.631183651,-0.460420506,SRC,SRC/RF AL
272,1.3917332137142857,0.4417575251735714,14,0.631183651,-0.460420506,SRC,SRC/RF AL
273,1.8874183180625002,0.20333362753,16,0.631183651,-0.460420506,SRC,SRC/RF AL
274,1.0253968735999999,0.18703455081266668,15,0.631183651,-0.460420506,SRC,SRC/RF AL
275,1.4633403835384615,0.4884438186669231,13,0.631183651,-0.460420506,SRC,SRC/RF AL
276,-0.5203835945999999,0.015903522758,15,0.631183651,-0.460420506,SRC,SRC/RF AL
277,-0.21658880866666666,0.009108743050138882,18,0.631183651,-0.460420506,SRC,SRC/RF AL
278,-0.6413508702777777,0.10774377851944444,18,0.631183651,-0.460420506,SRC,SRC/RF AL
279,-0.3865658354117647,0.17472291994191178,17,0.631183651,-0.460420506,SRC,SRC/RF AL
280,-0.5651194573076923,-0.00589944651076923,13,0.631183651,-0.460420506,SRC,SRC/RF AL
281,-0.5530408267058824,-0.0076499010611764725,17,0.631183651,-0.460420506,SRC,SRC/RF AL
282,1.8548774470625,0.164277529793125,16,0.631183651,-0.460420506,SRC,SRC/RF AL
283,-0.5385218424736842,0.06463012171736841,19,0.631183651,-0.460420506,SRC,SRC/RF AL
284,2.251312405,0.653778683754079,19,0.631183651,-0.460420506,SRC,SRC/RF AL
285,0.298680757631579,0.08154050988,19,0.631183651,-0.460420506,SRC,SRC/RF AL
286,0.2759146702222222,0.3691180009083333,18,0.631183651,-0.460420506,SRC,SRC/RF AL
287,0.33381764905263156,0.1800549219406579,19,0.631183651,-0.460420506,SRC,SRC/RF AL
288,0.426250809368421,0.1339867856363158,19,0.631183651,-0.460420506,SRC,SRC/RF AL
289,0.35025399163157894,-0.04960773750894737,19,0.631183651,-0.460420506,SRC,SRC/RF AL
290,0.3531423846666667,0.3002019956098611,18,0.631183651,-0.460420506,SRC,SRC/RF AL
291,0.4076675385,0.08187917049,18,0.631183651,-0.460420506,SRC,SRC/RF AL
292,0.3726901618947368,0.1413287809610526,19,0.631183651,-0.460420506,SRC,SRC/RF AL
293,0.2780795334736842,0.06965473205618421,19,0.631183651,-0.460420506,SRC,SRC/RF AL
294,0.10224854942857142,0.23785815503857144,14,0.631183651,-0.460420506,SRC,SRC/RF AL
295,-0.5636392426000001,0.031110796022999997,10,0.631183651,-0.460420506,SRC,SRC/RF AL
296,0.193490739125,0.025805188278125005,16,0.631183651,-0.460420506,SRC,SRC/RF AL
297,-0.6246536098666666,0.0005481465489999958,15,0.631183651,-0.460420506,SRC,SRC/RF AL
298,0.40207316311111113,0.06085263456111112,18,0.631183651,-0.460420506,SRC,SRC/RF AL
299,0.3611801307368421,0.15756729989999999,19,0.631183651,-0.460420506,SRC,SRC/RF AL
300,-0.34296325205263156,0.08627122472368422,19,0.631183651,-0.460420506,SRC,SRC/RF AL
301,0.5745396495882353,0.0417814035417647,17,0.631183651,-0.460420506,SRC,SRC/RF AL
302,0.131590605,0.0468262049,1,0.631183651,-0.460420506,SRC,SRC/RF AL
303,0.00022973288888888325,0.2900744196227778,18,0.631183651,-0.460420506,SRC,SRC/RF AL
304,-0.48022001028571426,0.10904556303428571,7,0.631183651,-0.460420506,SRC,SRC/RF AL
305,-0.43480826528571426,0.11863486035785716,14,0.631183651,-0.460420506,SRC,SRC/RF AL
306,0.716346454631579,0.2253514469230263,19,0.631183651,-0.460420506,SRC,SRC/RF AL
307,0.202235179375,0.25810244436124996,16,0.631183651,-0.460420506,SRC,SRC/RF AL
308,0.01574841,0.15480846078999994,1,0.631183651,-0.460420506,SRC,SRC/RF AL
309,-0.566210882875,0.03255482110499999,8,0.631183651,-0.460420506,SRC,SRC/RF AL
310,-0.12273591646666664,0.170288871254,15,0.631183651,-0.460420506,SRC,SRC/RF AL
311,-0.03838859363157895,0.07555179501526316,19,0.631183651,-0.460420506,SRC,SRC/RF AL
312,-0.6066603815294117,-0.0674541807264706,17,0.631183651,-0.460420506,SRC,SRC/RF AL
313,-0.49264104405555553,0.07950239218666667,18,0.631183651,-0.460420506,SRC,SRC/RF AL
314,0.04843518805263157,0.049322222321710525,19,0.631183651,-0.460420506,SRC,SRC/RF AL
315,-0.2634457042222222,0.06087667348722223,18,0.631183651,-0.460420506,SRC,SRC/RF AL
316,-0.41680684089473685,-0.03187794028157894,19,0.631183651,-0.460420506,SRC,SRC/RF AL
317,-0.4317896372105263,-0.009714100998421054,19,0.631183651,-0.460420506,SRC,SRC/RF AL
318,0.3398046048888889,0.2638190629743056,18,0.631183651,-0.460420506,SRC,SRC/RF AL
319,-0.4319528254736842,0.07955779751789475,19,0.631183651,-0.460420506,SRC,SRC/RF AL
320,0.1314847820769231,0.15884296414846155,13,0.631183651,-0.460420506,SRC,SRC/RF AL
321,-0.405209175,0.010318037029999994,1,0.631183651,-0.460420506,SRC,SRC/RF AL
322,0.33805960668421053,0.2199102668563158,19,0.631183651,-0.460420506,SRC,SRC/RF AL
323,0.2039342859285714,0.10457089696785715,14,0.631183651,-0.460420506,SRC,SRC/RF AL
324,-0.007713173157894725,0.16283832179526317,19,0.631183651,-0.460420506,SRC,SRC/RF AL
325,1.156826762764706,0.4651103854758824,17,0.631183651,-0.460420506,SRC,SRC/RF AL
326,0.3781758259411765,0.15104338856235294,17,0.631183651,-0.460420506,SRC,SRC/RF AL
327,-0.5056611961999999,0.048685505308,10,0.631183651,-0.460420506,SRC,SRC/RF AL
328,0.5536013245263158,0.09398950612842105,19,0.631183651,-0.460420506,SRC,SRC/RF AL
329,-0.038885478705882354,0.3020177389629412,17,0.631183651,-0.460420506,SRC,SRC/RF AL
330,-0.07517776864285715,0.13393660457553572,14,0.631183651,-0.460420506,SRC,SRC/RF AL
331,-0.3152187036153846,0.0283317075023077,13,0.631183651,-0.460420506,SRC,SRC/RF AL
332,-0.3902514206666667,-0.006016837747638884,18,0.631183651,-0.460420506,SRC,SRC/RF AL
333,0.36078630716666665,0.2079270064888889,18,0.631183651,-0.460420506,SRC,SRC/RF AL
334,0.89053531125,0.13528023411109374,16,0.631183651,-0.460420506,SRC,SRC/RF AL
335,-0.5433826515,0.11175806147899998,10,0.631183651,-0.460420506,SRC,SRC/RF AL
336,-0.2027805632,-0.048494804499,10,0.631183651,-0.460420506,SRC,SRC/RF AL
337,-0.018877501615384606,0.024495245357692312,13,0.631183651,-0.460420506,SRC,SRC/RF AL
338,-0.4035228937368421,-0.03881269183342105,19,0.631183651,-0.460420506,SRC,SRC/RF AL
339,-0.3755490182631579,0.07180480850842105,19,0.631183651,-0.460420506,SRC,SRC/RF AL
340,-0.7340106509999998,0.007927641333333332,3,0.631183651,-0.460420506,SRC,SRC/RF AL
341,-0.46671283133333336,0.1642252698041667,3,0.631183651,-0.460420506,SRC,SRC/RF AL
342,1.8161932326666665,0.049349881139999996,3,0.631183651,-0.460420506,SRC,SRC/RF AL
343,0.11582112531250001,0.066732823474375,16,0.631183651,-0.460420506,SRC,SRC/RF AL
344,0.5645663112142857,0.12837814291946428,14,0.631183651,-0.460420506,SRC,SRC/RF AL
345,0.3719333901111111,0.033239861737222216,18,0.631183651,-0.460420506,SRC,SRC/RF AL
346,0.30932208647368425,0.12716806988473683,19,0.631183651,-0.460420506,SRC,SRC/RF AL
347,-0.30066206411111107,0.26818670999222216,18,0.631183651,-0.460420506,SRC,SRC/RF AL
348,0.09600471166666666,0.04537059618125001,18,0.631183651,-0.460420506,SRC,SRC/RF AL
349,0.7494624128571428,0.09552248484357144,14,0.631183651,-0.460420506,SRC,SRC/RF AL
350,-0.20665967184210526,0.04660878911263158,19,0.631183651,-0.460420506,SRC,SRC/RF AL
351,-0.00832356950000001,0.15763806992916668,18,0.631183651,-0.460420506,SRC,SRC/RF AL
352,0.11103917063157895,0.1880587476136842,19,0.631183651,-0.460420506,SRC,SRC/RF AL
353,0.24474640978947368,0.11718698756578948,19,0.631183651,-0.460420506,SRC,SRC/RF AL
354,0.19880810857894737,0.07810045796421053,19,0.631183651,-0.460420506,SRC,SRC/RF AL
355,0.6357538171666667,0.2848959741448611,18,0.631183651,-0.460420506,SRC,SRC/RF AL
356,0.3544741715,-0.02044207867097222,18,0.631183651,-0.460420506,SRC,SRC/RF AL
357,0.20709934499999996,0.16092264749833332,3,0.631183651,-0.460420506,SRC,SRC/RF AL
358,1.130638615,0.2775946588725,4,0.631183651,-0.460420506,SRC,SRC/RF AL
359,-0.21096750987500001,-0.046479858635,8,0.631183651,-0.460420506,SRC,SRC/RF AL
360,0.4817762200625,0.13888940392265625,16,0.631183651,-0.460420506,SRC,SRC/RF AL
361,0.033072858368421054,0.07209775961947366,19,0.631183651,-0.460420506,SRC,SRC/RF AL
362,0.041860645333333335,0.1506375173676389,18,0.631183651,-0.460420506,SRC,SRC/RF AL
363,0.08531072594117646,0.15088510623897058,17,0.631183651,-0.460420506,SRC,SRC/RF AL
364,1.085794818,0.28882064739999996,2,0.631183651,-0.460420506,SRC,SRC/RF AL
365,-0.06832381571428571,0.11232404555857144,7,0.631183651,-0.460420506,SRC,SRC/RF AL
366,0.3772987677142857,-0.0016271261692857159,14,0.631183651,-0.460420506,SRC,SRC/RF AL
367,0.6235732516875,0.12217862524312502,16,0.631183651,-0.460420506,SRC,SRC/RF AL
368,0.09923570362499998,0.49595944442875,8,0.631183651,-0.460420506,SRC,SRC/RF AL
369,-0.20095619435294118,0.08163185560352941,17,0.631183651,-0.460420506,SRC,SRC/RF AL
370,0.11080082142857142,0.1295600663344643,14,0.631183651,-0.460420506,SRC,SRC/RF AL
371,-0.1451164033846154,0.08157433309076922,13,0.631183651,-0.460420506,SRC,SRC/RF AL
372,-0.3325949123636364,0.05591510409818182,11,0.631183651,-0.460420506,SRC,SRC/RF AL
373,-0.022546183058823527,0.3359575188141177,17,0.631183651,-0.460420506,SRC,SRC/RF AL
374,0.35509071812500004,0.1162299060815625,16,0.631183651,-0.460420506,SRC,SRC/RF AL
375,-0.5172900810588236,0.07083052404558823,17,0.631183651,-0.460420506,SRC,SRC/RF AL
376,-0.09307343087500002,0.051893637478125,16,0.631183651,-0.460420506,SRC,SRC/RF AL
377,0.9361205162666667,0.149831932278,15,0.631183651,-0.460420506,SRC,SRC/RF AL
378,-0.2679776486666667,0.05910312488833333,18,0.631183651,-0.460420506,SRC,SRC/RF AL
379,-0.3388430607222222,-0.04404788434388889,18,0.631183651,-0.460420506,SRC,SRC/RF AL
380,2.0504075495833334,0.16524714813583335,12,0.631183651,-0.460420506,SRC,SRC/RF AL
381,0.36122845773333334,0.09382345603133334,15,0.631183651,-0.460420506,SRC,SRC/RF AL
382,-0.27672996555555557,0.04464095767,9,0.631183651,-0.460420506,SRC,SRC/RF AL
383,0.25822028826666665,-0.05191829943466667,15,0.631183651,-0.460420506,SRC,SRC/RF AL
384,0.0686379790625,-0.04419920373125,16,0.631183651,-0.460420506,SRC,SRC/RF AL
385,-0.41637978061111114,-0.00569511641708333,18,0.631183651,-0.460420506,SRC,SRC/RF AL
386,-0.6858954516363637,0.042586620858181816,11,0.631183651,-0.460420506,SRC,SRC/RF AL
387,-0.28331614725,0.06892288138125,16,0.631183651,-0.460420506,SRC,SRC/RF AL
388,-0.6105273458666667,0.11397690256333333,15,0.631183651,-0.460420506,SRC,SRC/RF AL
389,-0.42394049775,0.02400924883499999,4,0.631183651,-0.460420506,SRC,SRC/RF AL
390,-0.5799041313529412,0.005972574295882358,17,0.631183651,-0.460420506,SRC,SRC/RF AL
391,-0.1314769556,0.007533088775999996,5,0.631183651,-0.460420506,SRC,SRC/RF AL
392,-0.09481002213333335,0.05275395080333333,15,0.631183651,-0.460420506,SRC,SRC/RF AL
393,-0.6384887014,0.044022955514666666,15,0.631183651,-0.460420506,SRC,SRC/RF AL
394,-0.4558105642727273,0.1382040146118182,11,0.631183651,-0.460420506,SRC,SRC/RF AL
395,-0.45283822118181816,0.016609529740909092,11,0.631183651,-0.460420506,SRC,SRC/RF AL
396,-0.315160929,0.07442718714444445,18,0.631183651,-0.460420506,SRC,SRC/RF AL
397,0.23639007194117645,0.04244345605058824,17,0.631183651,-0.460420506,SRC,SRC/RF AL
398,0.7011359864615384,0.30883110413461534,13,0.631183651,-0.460420506,SRC,SRC/RF AL
399,0.18547463050000002,-0.07548030596,2,0.631183651,-0.460420506,SRC,SRC/RF AL
400,0.18471562260000002,0.162662469833,10,0.631183651,-0.460420506,SRC,SRC/RF AL
401,0.2916834872307692,0.04113426330769231,13,0.631183651,-0.460420506,SRC,SRC/RF AL
402,-0.1479245076428571,0.08709644776142857,14,0.631183651,-0.460420506,SRC,SRC/RF AL
403,0.6120739984285715,0.09410824574642858,14,0.631183651,-0.460420506,SRC,SRC/RF AL
404,-0.5451768974444444,-0.022201143908888887,18,0.631183651,-0.460420506,SRC,SRC/RF AL
405,-0.5483378111333334,0.20143011532766666,15,0.631183651,-0.460420506,SRC,SRC/RF AL
406,-0.42688755786666666,0.028184878210000004,15,0.631183651,-0.460420506,SRC,SRC/RF AL
407,-0.5355179783076923,0.05867064239846154,13,0.631183651,-0.460420506,SRC,SRC/RF AL
408,-0.5219753011666666,-0.05069004914319444,18,0.631183651,-0.460420506,SRC,SRC/RF AL
409,-0.5275542512857143,0.08009734229892858,14,0.631183651,-0.460420506,SRC,SRC/RF AL
410,-0.517099182,0.12006051273066666,15,0.631183651,-0.460420506,SRC,SRC/RF AL
411,-0.39484561738888885,0.03650549881722223,18,0.631183651,-0.460420506,SRC,SRC/RF AL
412,0.3385572399411765,0.24586786393750004,17,0.631183651,-0.460420506,SRC,SRC/RF AL
413,-0.22904037816666667,0.13909948351666665,6,0.631183651,-0.460420506,SRC,SRC/RF AL
414,-0.157904283,0.08872735608266667,15,0.631183651,-0.460420506,SRC,SRC/RF AL
415,-0.24496164075000001,-0.034344872685,4,0.631183651,-0.460420506,SRC,SRC/RF AL
416,-0.048932079399999995,-0.03781940940333333,15,0.631183651,-0.460420506,SRC,SRC/RF AL
417,0.1494220858125,0.12478667286624999,16,0.631183651,-0.460420506,SRC,SRC/RF AL
418,-0.6203687561111111,-0.036314549783888886,18,0.631183651,-0.460420506,SRC,SRC/RF AL
419,0.2182786715263158,0.08659644390105263,19,0.631183651,-0.460420506,SRC,SRC/RF AL
420,-0.4950255202631579,-0.08045273320999999,19,0.631183651,-0.460420506,SRC,SRC/RF AL
421,-0.10043959421052633,0.10742786454144737,19,0.631183651,-0.460420506,SRC,SRC/RF AL
422,0.19642193755555556,0.13477259969305555,18,0.631183651,-0.460420506,SRC,SRC/RF AL
423,-0.476713268882353,0.016049292431764704,17,0.631183651,-0.460420506,SRC,SRC/RF AL
424,-0.21167082073684207,0.034909475491578947,19,0.631183651,-0.460420506,SRC,SRC/RF AL
425,0.3406668948235294,-0.029035364733529412,17,0.631183651,-0.460420506,SRC,SRC/RF AL
426,-0.5993081182105263,0.05197329319921053,19,0.631183651,-0.460420506,SRC,SRC/RF AL
427,-0.5054103213750001,0.07076427718750002,8,0.631183651,-0.460420506,SRC,SRC/RF AL
428,-0.3551828715,0.12458399168482144,14,0.631183651,-0.460420506,SRC,SRC/RF AL
429,-0.39745156021428574,0.09095541583285716,14,0.631183651,-0.460420506,SRC,SRC/RF AL
430,-0.6156704234736842,0.040991346753684224,19,0.631183651,-0.460420506,SRC,SRC/RF AL
431,-0.6004465748421053,-0.01886501338592106,19,0.631183651,-0.460420506,SRC,SRC/RF AL
432,-0.28398819263157893,0.10369792361118421,19,0.631183651,-0.460420506,SRC,SRC/RF AL
433,0.06781267394117647,0.17952963975294117,17,0.631183651,-0.460420506,SRC,SRC/RF AL
434,-0.5161405193,0.12421108594000001,10,0.631183651,-0.460420506,SRC,SRC/RF AL
435,-0.043355554,-0.0409033911,1,0.631183651,-0.460420506,SRC,SRC/RF AL
436,-0.3076212015,0.13478523487449998,10,0.631183651,-0.460420506,SRC,SRC/RF AL
437,-0.0627180472,0.035769183297000004,10,0.631183651,-0.460420506,SRC,SRC/RF AL
438,0.0069062742631578935,0.19666970064578945,19,0.631183651,-0.460420506,SRC,SRC/RF AL
439,-0.22699558015789473,0.05744784924105263,19,0.631183651,-0.460420506,SRC,SRC/RF AL
440,-0.05138456742105263,0.10290360269421053,19,0.631183651,-0.460420506,SRC,SRC/RF AL
441,-0.289789324,0.057771785054078956,19,0.631183651,-0.460420506,SRC,SRC/RF AL
442,0.2153125293888889,0.2112142260822222,18,0.631183651,-0.460420506,SRC,SRC/RF AL
443,0.9700405695263158,0.20402326087,19,0.631183651,-0.460420506,SRC,SRC/RF AL
444,0.45258765268421053,0.37985860399697363,19,0.631183651,-0.460420506,SRC,SRC/RF AL
445,-0.231629651,0.11173163634777777,9,0.631183651,-0.460420506,SRC,SRC/RF AL
446,-0.5369357213529411,0.12296959273794117,17,0.631183651,-0.460420506,SRC,SRC/RF AL
447,0.407100969875,0.11705596142343751,8,0.631183651,-0.460420506,SRC,SRC/RF AL
448,-0.43606943377777774,0.049590776225,18,0.631183651,-0.460420506,SRC,SRC/RF AL
449,-0.5192345229444445,0.06297047377347223,18,0.631183651,-0.460420506,SRC,SRC/RF AL
450,-0.3207297458333333,0.03434748348944445,18,0.631183651,-0.460420506,SRC,SRC/RF AL
451,-0.41076334400000003,0.1527008181275,4,0.631183651,-0.460420506,SRC,SRC/RF AL
452,-0.24439752125,0.021727467287499996,16,0.631183651,-0.460420506,SRC,SRC/RF AL
453,-0.2761181051578947,0.06811719791157894,19,0.631183651,-0.460420506,SRC,SRC/RF AL
454,-0.3842975532105263,0.12581157651486843,19,0.631183651,-0.460420506,SRC,SRC/RF AL
455,-0.11121335122222223,0.12442928251722224,18,0.631183651,-0.460420506,SRC,SRC/RF AL
456,-0.6386120988333334,0.03720958890499999,12,0.631183651,-0.460420506,SRC,SRC/RF AL
457,-0.06265735530769231,0.050502215069038466,13,0.631183651,-0.460420506,SRC,SRC/RF AL
458,-0.17213041329999998,0.050861570381999996,10,0.631183651,-0.460420506,SRC,SRC/RF AL
459,-0.025680292947368424,0.12950019143315789,19,0.631183651,-0.460420506,SRC,SRC/RF AL
460,0.485362336,0.2741823997225,8,0.631183651,-0.460420506,SRC,SRC/RF AL
461,-0.13611235,0.37094193704999995,1,0.631183651,-0.460420506,SRC,SRC/RF AL
462,-0.132382943,0.12412043477266667,15,0.631183651,-0.460420506,SRC,SRC/RF AL
463,0.438782150625,0.06031025401562501,16,0.631183651,-0.460420506,SRC,SRC/RF AL
464,-0.4048051546111111,0.23114717070041665,18,0.631183651,-0.460420506,SRC,SRC/RF AL
465,-0.9027088729999999,0.3117961709966667,3,0.631183651,-0.460420506,SRC,SRC/RF AL
466,-0.0067040808333333314,0.11476970549,18,0.631183651,-0.460420506,SRC,SRC/RF AL
467,0.21788465666666668,0.1507539999788889,9,0.631183651,-0.460420506,SRC,SRC/RF AL
468,-0.08996256366666668,0.051101043438,15,0.631183651,-0.460420506,SRC,SRC/RF AL
469,0.596617760875,0.17032226424125,16,0.631183651,-0.460420506,SRC,SRC/RF AL
470,-0.3993865360526316,0.027470405516578943,19,0.631183651,-0.460420506,SRC,SRC/RF AL
471,0.10442401994117646,0.103221735505,17,0.631183651,-0.460420506,SRC,SRC/RF AL
472,0.2602114764285714,0.14767381343714286,7,0.631183651,-0.460420506,SRC,SRC/RF AL
474,-0.2184651316,0.129966833812,5,0.631183651,-0.460420506,SRC,SRC/RF AL
475,0.5004766595,0.1188542929225,4,0.631183651,-0.460420506,SRC,SRC/RF AL
476,0.5291337626111111,0.15496278504777777,18,0.631183651,-0.460420506,SRC,SRC/RF AL
477,-0.06818335399999999,-0.03781316355384616,13,0.631183651,-0.460420506,SRC,SRC/RF AL
478,0.23568218131578947,0.1954507996757895,19,0.631183651,-0.460420506,SRC,SRC/RF AL
479,0.10554901538888889,0.09728885780777778,18,0.631183651,-0.460420506,SRC,SRC/RF AL
480,-0.2715835429473684,-0.01622385327368421,19,0.631183651,-0.460420506,SRC,SRC/RF AL
481,-0.24001215457894737,0.0569299904056579,19,0.631183651,-0.460420506,SRC,SRC/RF AL
482,0.09021872394736842,-0.08591495250052632,19,0.631183651,-0.460420506,SRC,SRC/RF AL
483,-0.2161421095882353,0.003436588067647055,17,0.631183651,-0.460420506,SRC,SRC/RF AL
484,0.06411697805555555,0.15608320204666667,18,0.631183651,-0.460420506,SRC,SRC/RF AL
485,0.16294085085714285,0.10020135302232144,14,0.631183651,-0.460420506,SRC,SRC/RF AL
486,0.036248901470588235,0.10918691723132352,17,0.631183651,-0.460420506,SRC,SRC/RF AL
487,0.3573179123125,0.4308082198625,16,0.631183651,-0.460420506,SRC,SRC/RF AL
488,0.3545045108125,0.10949016304046875,16,0.631183651,-0.460420506,SRC,SRC/RF AL
489,-0.08873633776923076,0.04318204469961539,13,0.631183651,-0.460420506,SRC,SRC/RF AL
490,-0.04537203368421053,0.19139177964789475,19,0.631183651,-0.460420506,SRC,SRC/RF AL
491,0.4065552965454545,0.032592389029999995,11,0.631183651,-0.460420506,SRC,SRC/RF AL
493,-0.14518876511764706,-0.01903908627647059,17,0.631183651,-0.460420506,SRC,SRC/RF AL
494,0.3717559813888889,0.039186881761851845,18,0.631183651,-0.460420506,SRC,SRC/RF AL
495,0.42610995420000003,-0.057860995486,5,0.631183651,-0.460420506,SRC,SRC/RF AL
496,0.10435375724999998,0.25304346697,4,0.631183651,-0.460420506,SRC,SRC/RF AL
497,0.013919574249999999,0.022634850555000002,12,0.631183651,-0.460420506,SRC,SRC/RF AL
498,0.29113382593333337,0.0032151591406666615,15,0.631183651,-0.460420506,SRC,SRC/RF AL
499,0.3134156967777778,0.05494873289722222,18,0.631183651,-0.460420506,SRC,SRC/RF AL
500,-0.021881433466666666,-0.03679383060066666,15,0.631183651,-0.460420506,SRC,SRC/RF AL
501,-0.24210604836842106,-0.05464052528947368,19,0.631183651,-0.460420506,SRC,SRC/RF AL
502,0.3198377832105263,0.1387228122336842,19,0.631183651,-0.460420506,SRC,SRC/RF AL
503,0.22624097581818184,-0.006681340770909086,11,0.631183651,-0.460420506,SRC,SRC/RF AL
504,0.33890750647368423,0.2266890391926316,19,0.631183651,-0.460420506,SRC,SRC/RF AL
505,0.4144532248421053,0.1004444425606579,19,0.631183651,-0.460420506,SRC,SRC/RF AL
506,0.3551184593529412,0.3043076870323529,17,0.631183651,-0.460420506,SRC,SRC/RF AL
507,0.5442986727368421,0.18833389192131578,19,0.631183651,-0.460420506,SRC,SRC/RF AL
508,-0.5242346627894737,0.0675339668036842,19,0.631183651,-0.460420506,SRC,SRC/RF AL
509,0.03200956876923077,0.24813647431923075,13,0.631183651,-0.460420506,SRC,SRC/RF AL
510,0.517406193125,0.07345552005875,16,0.631183651,-0.460420506,SRC,SRC/RF AL
511,0.5911646100555557,0.006729826600000004,18,0.631183651,-0.460420506,SRC,SRC/RF AL
512,0.37373594615789474,0.16559129001157896,19,0.631183651,-0.460420506,SRC,SRC/RF AL
513,0.5287475181818182,0.32918644258477275,11,0.631183651,-0.460420506,SRC,SRC/RF AL
514,-0.12489472531578946,0.07843637044263159,19,0.631183651,-0.460420506,SRC,SRC/RF AL
515,0.294290359,0.10932355450375,16,0.631183651,-0.460420506,SRC,SRC/RF AL
517,0.018656798,-0.05575356006361111,18,0.631183651,-0.460420506,SRC,SRC/RF AL
518,0.12895894864285715,0.20459356973142856,14,0.631183651,-0.460420506,SRC,SRC/RF AL
269,0.24892756071428573,0.12288725708571427,7,0.631183651,-0.460420506,SRC,SRC/5 FOLD CV
270,0.06139121392857143,0.10807331158214285,14,0.631183651,-0.460420506,SRC,SRC/5 FOLD CV
271,-0.154447008,0.08981178710000001,1,0.631183651,-0.460420506,SRC,SRC/5 FOLD CV
272,1.3917332137142857,0.8845261002142858,14,0.631183651,-0.460420506,SRC,SRC/5 FOLD CV
273,1.8874183180625002,0.9219175761375,16,0.631183651,-0.460420506,SRC,SRC/5 FOLD CV
274,1.0253968735999999,0.51663619218,15,0.631183651,-0.460420506,SRC,SRC/5 FOLD CV
275,1.4633403835384615,0.869935756126923,13,0.631183651,-0.460420506,SRC,SRC/5 FOLD CV
276,-0.5203835945999999,-0.33971039575666667,15,0.631183651,-0.460420506,SRC,SRC/5 FOLD CV
277,-0.21658880866666666,-0.07235804574722222,18,0.631183651,-0.460420506,SRC,SRC/5 FOLD CV
278,-0.6413508702777777,-0.31876225876388886,18,0.631183651,-0.460420506,SRC,SRC/5 FOLD CV
279,-0.3865658354117647,-0.0426954682764706,17,0.631183651,-0.460420506,SRC,SRC/5 FOLD CV
280,-0.5651194573076923,-0.19822582718076923,13,0.631183651,-0.460420506,SRC,SRC/5 FOLD CV
281,-0.5530408267058824,-0.22399443172058825,17,0.631183651,-0.460420506,SRC,SRC/5 FOLD CV
282,1.8548774470625,1.170930791609375,16,0.631183651,-0.460420506,SRC,SRC/5 FOLD CV
283,-0.5385218424736842,-0.06376323605263157,19,0.631183651,-0.460420506,SRC,SRC/5 FOLD CV
284,2.251312405,1.3954232814210525,19,0.631183651,-0.460420506,SRC,SRC/5 FOLD CV
285,0.298680757631579,0.13097690225,19,0.631183651,-0.460420506,SRC,SRC/5 FOLD CV
286,0.2759146702222222,0.11838737584444445,18,0.631183651,-0.460420506,SRC,SRC/5 FOLD CV
287,0.33381764905263156,0.22993443748421052,19,0.631183651,-0.460420506,SRC,SRC/5 FOLD CV
288,0.426250809368421,0.17988346826842105,19,0.631183651,-0.460420506,SRC,SRC/5 FOLD CV
289,0.35025399163157894,0.1399080552631579,19,0.631183651,-0.460420506,SRC,SRC/5 FOLD CV
290,0.3531423846666667,0.27741799942222223,18,0.631183651,-0.460420506,SRC,SRC/5 FOLD CV
291,0.4076675385,0.1806840102888889,18,0.631183651,-0.460420506,SRC,SRC/5 FOLD CV
292,0.37269016189473686,0.17381733798947369,19,0.631183651,-0.460420506,SRC,SRC/5 FOLD CV
293,0.2780795334736842,0.1155998608,19,0.631183651,-0.460420506,SRC,SRC/5 FOLD CV
294,0.10224854942857142,0.14827392295357142,14,0.631183651,-0.460420506,SRC,SRC/5 FOLD CV
295,-0.5636392426000001,-0.292468943605,10,0.631183651,-0.460420506,SRC,SRC/5 FOLD CV
296,0.19349073912499998,0.035470632340624995,16,0.631183651,-0.460420506,SRC,SRC/5 FOLD CV
297,-0.6246536098666666,-0.30122476813666665,15,0.631183651,-0.460420506,SRC,SRC/5 FOLD CV
298,0.40207316311111113,0.14252903600833333,18,0.631183651,-0.460420506,SRC,SRC/5 FOLD CV
299,0.36118013073684213,0.14811706288157894,19,0.631183651,-0.460420506,SRC,SRC/5 FOLD CV
300,-0.34296325205263156,-0.1119908813263158,19,0.631183651,-0.460420506,SRC,SRC/5 FOLD CV
301,0.5745396495882353,0.29354211501764704,17,0.631183651,-0.460420506,SRC,SRC/5 FOLD CV
302,0.131590605,-0.25897139860000007,1,0.631183651,-0.460420506,SRC,SRC/5 FOLD CV
303,0.00022973288888888943,0.09659538073055557,18,0.631183651,-0.460420506,SRC,SRC/5 FOLD CV
304,-0.48022001028571426,-0.18640436694999998,7,0.631183651,-0.460420506,SRC,SRC/5 FOLD CV
305,-0.43480826528571426,-0.24046473606428573,14,0.631183651,-0.460420506,SRC,SRC/5 FOLD CV
306,0.716346454631579,0.39354027548947373,19,0.631183651,-0.460420506,SRC,SRC/5 FOLD CV
307,0.202235179375,0.149401501409375,16,0.631183651,-0.460420506,SRC,SRC/5 FOLD CV
308,0.01574841,-0.24781859754999996,1,0.631183651,-0.460420506,SRC,SRC/5 FOLD CV
309,-0.566210882875,-0.08948234469375,8,0.631183651,-0.460420506,SRC,SRC/5 FOLD CV
310,-0.12273591646666665,-0.015969824109999996,15,0.631183651,-0.460420506,SRC,SRC/5 FOLD CV
311,-0.03838859363157895,0.025922775836842105,19,0.631183651,-0.460420506,SRC,SRC/5 FOLD CV
312,-0.6066603815294117,-0.27953025981764706,17,0.631183651,-0.460420506,SRC,SRC/5 FOLD CV
313,-0.49264104405555553,-0.2061754531111111,18,0.631183651,-0.460420506,SRC,SRC/5 FOLD CV
314,0.04843518805263158,0.07230981531578946,19,0.631183651,-0.460420506,SRC,SRC/5 FOLD CV
315,-0.2634457042222222,-0.05544315200555556,18,0.631183651,-0.460420506,SRC,SRC/5 FOLD CV
316,-0.41680684089473685,-0.14242090024473686,19,0.631183651,-0.460420506,SRC,SRC/5 FOLD CV
317,-0.4317896372105263,-0.1681218327736842,19,0.631183651,-0.460420506,SRC,SRC/5 FOLD CV
318,0.3398046048888889,0.1826805159083333,18,0.631183651,-0.460420506,SRC,SRC/5 FOLD CV
319,-0.4319528254736842,-0.08877587545789473,19,0.631183651,-0.460420506,SRC,SRC/5 FOLD CV
320,0.1314847820769231,0.08181699172692307,13,0.631183651,-0.460420506,SRC,SRC/5 FOLD CV
321,-0.405209175,0.19229650869999998,1,0.631183651,-0.460420506,SRC,SRC/5 FOLD CV
322,0.33805960668421053,0.2001894257973684,19,0.631183651,-0.460420506,SRC,SRC/5 FOLD CV
323,0.2039342859285714,0.10972122988214286,14,0.631183651,-0.460420506,SRC,SRC/5 FOLD CV
324,-0.00771317315789473,0.050742938028947374,19,0.631183651,-0.460420506,SRC,SRC/5 FOLD CV
325,1.156826762764706,0.8307542242794117,17,0.631183651,-0.460420506,SRC,SRC/5 FOLD CV
326,0.3781758259411765,0.3326016672117647,17,0.631183651,-0.460420506,SRC,SRC/5 FOLD CV
327,-0.5056611961999999,-0.13392681999500003,10,0.631183651,-0.460420506,SRC,SRC/5 FOLD CV
328,0.5536013245263158,0.20136131399473686,19,0.631183651,-0.460420506,SRC,SRC/5 FOLD CV
329,-0.03888547870588237,0.031989036723529415,17,0.631183651,-0.460420506,SRC,SRC/5 FOLD CV
330,-0.07517776864285716,0.0990184263857143,14,0.631183651,-0.460420506,SRC,SRC/5 FOLD CV
331,-0.3152187036153846,-0.08930673592692306,13,0.631183651,-0.460420506,SRC,SRC/5 FOLD CV
332,-0.3902514206666667,-0.1755618142638889,18,0.631183651,-0.460420506,SRC,SRC/5 FOLD CV
333,0.36078630716666665,0.2633958298333334,18,0.631183651,-0.460420506,SRC,SRC/5 FOLD CV
334,0.89053531125,0.47294178325937497,16,0.631183651,-0.460420506,SRC,SRC/5 FOLD CV
335,-0.5433826515,-0.16961103301500002,10,0.631183651,-0.460420506,SRC,SRC/5 FOLD CV
336,-0.20278056319999999,-0.10330538853000001,10,0.631183651,-0.460420506,SRC,SRC/5 FOLD CV
337,-0.01887750161538462,0.1097774705423077,13,0.631183651,-0.460420506,SRC,SRC/5 FOLD CV
338,-0.4035228937368421,-0.2048243025736842,19,0.631183651,-0.460420506,SRC,SRC/5 FOLD CV
339,-0.3755490182631579,-0.07082408765526316,19,0.631183651,-0.460420506,SRC,SRC/5 FOLD CV
340,-0.7340106510000001,0.15723661213333331,3,0.631183651,-0.460420506,SRC,SRC/5 FOLD CV
341,-0.46671283133333336,0.28403869238333335,3,0.631183651,-0.460420506,SRC,SRC/5 FOLD CV
342,1.8161932326666665,0.6004611707999999,3,0.631183651,-0.460420506,SRC,SRC/5 FOLD CV
343,0.11582112531250001,0.13624113490937498,16,0.631183651,-0.460420506,SRC,SRC/5 FOLD CV
344,0.5645663112142857,0.33365153648214285,14,0.631183651,-0.460420506,SRC,SRC/5 FOLD CV
345,0.3719333901111111,0.1672048482138889,18,0.631183651,-0.460420506,SRC,SRC/5 FOLD CV
346,0.30932208647368425,0.2361179054289474,19,0.631183651,-0.460420506,SRC,SRC/5 FOLD CV
347,-0.30066206411111107,0.12495547466666666,18,0.631183651,-0.460420506,SRC,SRC/5 FOLD CV
348,0.09600471166666666,0.03787774704166667,18,0.631183651,-0.460420506,SRC,SRC/5 FOLD CV
349,0.7494624128571428,0.39770087652142855,14,0.631183651,-0.460420506,SRC,SRC/5 FOLD CV
350,-0.20665967184210526,-0.02311203335,19,0.631183651,-0.460420506,SRC,SRC/5 FOLD CV
351,-0.008323569500000004,0.0510347827861111,18,0.631183651,-0.460420506,SRC,SRC/5 FOLD CV
352,0.11103917063157895,0.09156333192631579,19,0.631183651,-0.460420506,SRC,SRC/5 FOLD CV
353,0.24474640978947368,0.19161317521842106,19,0.631183651,-0.460420506,SRC,SRC/5 FOLD CV
354,0.19880810857894737,0.06920057824736842,19,0.631183651,-0.460420506,SRC,SRC/5 FOLD CV
355,0.6357538171666667,0.39416783841388886,18,0.631183651,-0.460420506,SRC,SRC/5 FOLD CV
356,0.3544741715,0.19577185668333333,18,0.631183651,-0.460420506,SRC,SRC/5 FOLD CV
357,0.20709934499999996,-0.12569232648333334,3,0.631183651,-0.460420506,SRC,SRC/5 FOLD CV
358,1.130638615,0.5448811972625,4,0.631183651,-0.460420506,SRC,SRC/5 FOLD CV
359,-0.210967509875,-0.06658301475625002,8,0.631183651,-0.460420506,SRC,SRC/5 FOLD CV
360,0.4817762200625,0.18609904124999999,16,0.631183651,-0.460420506,SRC,SRC/5 FOLD CV
361,0.033072858368421054,0.05038503365526316,19,0.631183651,-0.460420506,SRC,SRC/5 FOLD CV
362,0.041860645333333335,0.14015756664166668,18,0.631183651,-0.460420506,SRC,SRC/5 FOLD CV
363,0.08531072594117647,0.11651003127647058,17,0.631183651,-0.460420506,SRC,SRC/5 FOLD CV
364,1.085794818,0.129846431775,2,0.631183651,-0.460420506,SRC,SRC/5 FOLD CV
365,-0.06832381571428572,0.015416604742857137,7,0.631183651,-0.460420506,SRC,SRC/5 FOLD CV
366,0.3772987677142857,0.11072599438571429,14,0.631183651,-0.460420506,SRC,SRC/5 FOLD CV
367,0.6235732516875,0.276247975434375,16,0.631183651,-0.460420506,SRC,SRC/5 FOLD CV
368,0.09923570362499998,0.18970287718124998,8,0.631183651,-0.460420506,SRC,SRC/5 FOLD CV
369,-0.20095619435294118,-0.05654894994705882,17,0.631183651,-0.460420506,SRC,SRC/5 FOLD CV
370,0.11080082142857142,0.07272370237142857,14,0.631183651,-0.460420506,SRC,SRC/5 FOLD CV
371,-0.1451164033846154,-0.0016281581653846155,13,0.631183651,-0.460420506,SRC,SRC/5 FOLD CV
372,-0.3325949123636364,-0.21528367855454544,11,0.631183651,-0.460420506,SRC,SRC/5 FOLD CV
373,-0.02254618305882352,-0.04203397941470589,17,0.631183651,-0.460420506,SRC,SRC/5 FOLD CV
374,0.355090718125,0.26019657477187497,16,0.631183651,-0.460420506,SRC,SRC/5 FOLD CV
375,-0.5172900810588236,-0.20491496487941174,17,0.631183651,-0.460420506,SRC,SRC/5 FOLD CV
376,-0.09307343087500002,-0.0572678491875,16,0.631183651,-0.460420506,SRC,SRC/5 FOLD CV
377,0.9361205162666667,0.4231670037,15,0.631183651,-0.460420506,SRC,SRC/5 FOLD CV
378,-0.2679776486666667,-0.08707563332777778,18,0.631183651,-0.460420506,SRC,SRC/5 FOLD CV
379,-0.3388430607222222,-0.24796212649166666,18,0.631183651,-0.460420506,SRC,SRC/5 FOLD CV
380,2.0504075495833334,1.3764365048833334,12,0.631183651,-0.460420506,SRC,SRC/5 FOLD CV
381,0.36122845773333334,0.16217906468,15,0.631183651,-0.460420506,SRC,SRC/5 FOLD CV
382,-0.27672996555555557,-0.21642174298333333,9,0.631183651,-0.460420506,SRC,SRC/5 FOLD CV
383,0.25822028826666665,0.11453610661,15,0.631183651,-0.460420506,SRC,SRC/5 FOLD CV
384,0.06863797906250002,0.061633705093750005,16,0.631183651,-0.460420506,SRC,SRC/5 FOLD CV
385,-0.41637978061111114,-0.1907348411,18,0.631183651,-0.460420506,SRC,SRC/5 FOLD CV
386,-0.6858954516363637,-0.13623628758636366,11,0.631183651,-0.460420506,SRC,SRC/5 FOLD CV
387,-0.28331614725,-0.051669075734375014,16,0.631183651,-0.460420506,SRC,SRC/5 FOLD CV
388,-0.6105273458666667,-0.20347941972,15,0.631183651,-0.460420506,SRC,SRC/5 FOLD CV
389,-0.42394049775,-0.05917282627499999,4,0.631183651,-0.460420506,SRC,SRC/5 FOLD CV
390,-0.5799041313529412,-0.17525646963235292,17,0.631183651,-0.460420506,SRC,SRC/5 FOLD CV
391,-0.1314769556,0.061689428050000016,5,0.631183651,-0.460420506,SRC,SRC/5 FOLD CV
392,-0.09481002213333332,-0.10541636444666666,15,0.631183651,-0.460420506,SRC,SRC/5 FOLD CV
393,-0.6384887014,-0.3021559274766667,15,0.631183651,-0.460420506,SRC,SRC/5 FOLD CV
394,-0.4558105642727273,-0.039598668490909095,11,0.631183651,-0.460420506,SRC,SRC/5 FOLD CV
395,-0.45283822118181816,-0.1487155377090909,11,0.631183651,-0.460420506,SRC,SRC/5 FOLD CV
396,-0.315160929,-0.13715546011388888,18,0.631183651,-0.460420506,SRC,SRC/5 FOLD CV
397,0.23639007194117645,0.11921191667941178,17,0.631183651,-0.460420506,SRC,SRC/5 FOLD CV
398,0.7011359864615385,0.4840084266576923,13,0.631183651,-0.460420506,SRC,SRC/5 FOLD CV
399,0.18547463050000002,-0.03614996725,2,0.631183651,-0.460420506,SRC,SRC/5 FOLD CV
400,0.18471562260000002,0.22016238185499998,10,0.631183651,-0.460420506,SRC,SRC/5 FOLD CV
401,0.2916834872307692,0.09768171951538464,13,0.631183651,-0.460420506,SRC,SRC/5 FOLD CV
402,-0.1479245076428571,-0.04879257559642857,14,0.631183651,-0.460420506,SRC,SRC/5 FOLD CV
403,0.6120739984285715,0.3621289416892857,14,0.631183651,-0.460420506,SRC,SRC/5 FOLD CV
404,-0.5451768974444444,-0.13684474042777778,18,0.631183651,-0.460420506,SRC,SRC/5 FOLD CV
405,-0.5483378111333334,-0.12841515250666669,15,0.631183651,-0.460420506,SRC,SRC/5 FOLD CV
406,-0.42688755786666666,-0.27054384213666666,15,0.631183651,-0.460420506,SRC,SRC/5 FOLD CV
407,-0.5355179783076923,-0.18222506493461538,13,0.631183651,-0.460420506,SRC,SRC/5 FOLD CV
408,-0.5219753011666667,-0.17018839543611108,18,0.631183651,-0.460420506,SRC,SRC/5 FOLD CV
409,-0.5275542512857142,-0.12127109417142859,14,0.631183651,-0.460420506,SRC,SRC/5 FOLD CV
410,-0.517099182,-0.16388057752666668,15,0.631183651,-0.460420506,SRC,SRC/5 FOLD CV
411,-0.39484561738888885,-0.122478647975,18,0.631183651,-0.460420506,SRC,SRC/5 FOLD CV
412,0.3385572399411765,0.15704128708235296,17,0.631183651,-0.460420506,SRC,SRC/5 FOLD CV
413,-0.22904037816666664,-0.08942378624166668,6,0.631183651,-0.460420506,SRC,SRC/5 FOLD CV
414,-0.157904283,-0.06841216504666665,15,0.631183651,-0.460420506,SRC,SRC/5 FOLD CV
415,-0.24496164075000001,-0.1103799763875,4,0.631183651,-0.460420506,SRC,SRC/5 FOLD CV
416,-0.0489320794,-0.059837892936666665,15,0.631183651,-0.460420506,SRC,SRC/5 FOLD CV
417,0.1494220858125,0.073801861771875,16,0.631183651,-0.460420506,SRC,SRC/5 FOLD CV
418,-0.6203687561111111,-0.3785039155777778,18,0.631183651,-0.460420506,SRC,SRC/5 FOLD CV
419,0.21827867152631575,0.20392627330263158,19,0.631183651,-0.460420506,SRC,SRC/5 FOLD CV
420,-0.4950255202631579,-0.2756824937736842,19,0.631183651,-0.460420506,SRC,SRC/5 FOLD CV
421,-0.10043959421052633,0.01154954611842105,19,0.631183651,-0.460420506,SRC,SRC/5 FOLD CV
422,0.19642193755555556,0.10896682394166668,18,0.631183651,-0.460420506,SRC,SRC/5 FOLD CV
423,-0.476713268882353,-0.23965399572352938,17,0.631183651,-0.460420506,SRC,SRC/5 FOLD CV
424,-0.21167082073684212,-0.08721894279210525,19,0.631183651,-0.460420506,SRC,SRC/5 FOLD CV
425,0.3406668948235294,0.11005470146470588,17,0.631183651,-0.460420506,SRC,SRC/5 FOLD CV
426,-0.5993081182105263,-0.14679459806842104,19,0.631183651,-0.460420506,SRC,SRC/5 FOLD CV
427,-0.5054103213750001,-0.22887022734375,8,0.631183651,-0.460420506,SRC,SRC/5 FOLD CV
428,-0.3551828715,-0.03263726170714287,14,0.631183651,-0.460420506,SRC,SRC/5 FOLD CV
429,-0.39745156021428574,-0.062322161539285714,14,0.631183651,-0.460420506,SRC,SRC/5 FOLD CV
430,-0.6156704234736842,-0.10376019912368421,19,0.631183651,-0.460420506,SRC,SRC/5 FOLD CV
431,-0.6004465748421053,-0.20147900020526313,19,0.631183651,-0.460420506,SRC,SRC/5 FOLD CV
432,-0.28398819263157893,-0.09716307570263158,19,0.631183651,-0.460420506,SRC,SRC/5 FOLD CV
433,0.06781267394117647,0.03775649094705882,17,0.631183651,-0.460420506,SRC,SRC/5 FOLD CV
434,-0.5161405193,-0.084926313435,10,0.631183651,-0.460420506,SRC,SRC/5 FOLD CV
435,-0.043355554,0.18945124790000006,1,0.631183651,-0.460420506,SRC,SRC/5 FOLD CV
436,-0.3076212015,-0.04035271711499999,10,0.631183651,-0.460420506,SRC,SRC/5 FOLD CV
437,-0.06271804719999999,0.077326029885,10,0.631183651,-0.460420506,SRC,SRC/5 FOLD CV
438,0.0069062742631578935,0.024250592002631584,19,0.631183651,-0.460420506,SRC,SRC/5 FOLD CV
439,-0.22699558015789473,-0.07698606973421052,19,0.631183651,-0.460420506,SRC,SRC/5 FOLD CV
440,-0.05138456742105263,-0.033616358299999996,19,0.631183651,-0.460420506,SRC,SRC/5 FOLD CV
441,-0.28978932399999996,-0.17566394095526314,19,0.631183651,-0.460420506,SRC,SRC/5 FOLD CV
442,0.2153125293888889,0.12205486992222221,18,0.631183651,-0.460420506,SRC,SRC/5 FOLD CV
443,0.9700405695263158,0.39471807480526316,19,0.631183651,-0.460420506,SRC,SRC/5 FOLD CV
444,0.45258765268421053,0.2146951547736842,19,0.631183651,-0.460420506,SRC,SRC/5 FOLD CV
445,-0.231629651,-0.015526371188888895,9,0.631183651,-0.460420506,SRC,SRC/5 FOLD CV
446,-0.5369357213529411,-0.008925379964705901,17,0.631183651,-0.460420506,SRC,SRC/5 FOLD CV
447,0.407100969875,0.220362202425,8,0.631183651,-0.460420506,SRC,SRC/5 FOLD CV
448,-0.43606943377777774,-0.12521677709166668,18,0.631183651,-0.460420506,SRC,SRC/5 FOLD CV
449,-0.5192345229444445,-0.2555151856694444,18,0.631183651,-0.460420506,SRC,SRC/5 FOLD CV
450,-0.3207297458333333,-0.131561662175,18,0.631183651,-0.460420506,SRC,SRC/5 FOLD CV
451,-0.41076334400000003,-0.021016098100000012,4,0.631183651,-0.460420506,SRC,SRC/5 FOLD CV
452,-0.24439752125000003,-0.06616661330937501,16,0.631183651,-0.460420506,SRC,SRC/5 FOLD CV
453,-0.2761181051578947,-0.13541891668421052,19,0.631183651,-0.460420506,SRC,SRC/5 FOLD CV
454,-0.3842975532105263,-0.040575148418421046,19,0.631183651,-0.460420506,SRC,SRC/5 FOLD CV
455,-0.11121335122222223,0.008895038438888893,18,0.631183651,-0.460420506,SRC,SRC/5 FOLD CV
456,-0.6386120988333334,-0.22785513352916667,12,0.631183651,-0.460420506,SRC,SRC/5 FOLD CV
457,-0.06265735530769231,-0.023364830457692307,13,0.631183651,-0.460420506,SRC,SRC/5 FOLD CV
458,-0.1721304133,0.021880956565000005,10,0.631183651,-0.460420506,SRC,SRC/5 FOLD CV
459,-0.025680292947368427,0.021882825526315795,19,0.631183651,-0.460420506,SRC,SRC/5 FOLD CV
460,0.48536233599999995,0.35605854996874997,8,0.631183651,-0.460420506,SRC,SRC/5 FOLD CV
461,-0.13611235,-0.09028778135,1,0.631183651,-0.460420506,SRC,SRC/5 FOLD CV
462,-0.132382943,-0.011153189323333328,15,0.631183651,-0.460420506,SRC,SRC/5 FOLD CV
463,0.438782150625,0.25226523425,16,0.631183651,-0.460420506,SRC,SRC/5 FOLD CV
464,-0.4048051546111111,-0.2073372377388889,18,0.631183651,-0.460420506,SRC,SRC/5 FOLD CV
465,-0.902708873,-0.21044384118333329,3,0.631183651,-0.460420506,SRC,SRC/5 FOLD CV
466,-0.00670408083333333,0.08273433442222222,18,0.631183651,-0.460420506,SRC,SRC/5 FOLD CV
467,0.21788465666666668,0.04950469011666667,9,0.631183651,-0.460420506,SRC,SRC/5 FOLD CV
468,-0.08996256366666668,-0.08406307732666667,15,0.631183651,-0.460420506,SRC,SRC/5 FOLD CV
469,0.596617760875,0.50429088235625,16,0.631183651,-0.460420506,SRC,SRC/5 FOLD CV
470,-0.3993865360526316,-0.11638746492368422,19,0.631183651,-0.460420506,SRC,SRC/5 FOLD CV
471,0.10442401994117648,0.041677850076470596,17,0.631183651,-0.460420506,SRC,SRC/5 FOLD CV
472,0.2602114764285714,0.18421590489285714,7,0.631183651,-0.460420506,SRC,SRC/5 FOLD CV
474,-0.2184651316,0.14226508611,5,0.631183651,-0.460420506,SRC,SRC/5 FOLD CV
475,0.5004766595,0.2565236817,4,0.631183651,-0.460420506,SRC,SRC/5 FOLD CV
476,0.5291337626111111,0.23730853734166668,18,0.631183651,-0.460420506,SRC,SRC/5 FOLD CV
477,-0.068183354,-0.004909044992307692,13,0.631183651,-0.460420506,SRC,SRC/5 FOLD CV
478,0.23568218131578947,0.10733829600263158,19,0.631183651,-0.460420506,SRC,SRC/5 FOLD CV
479,0.10554901538888889,0.05468244003611111,18,0.631183651,-0.460420506,SRC,SRC/5 FOLD CV
480,-0.2715835429473684,-0.09734673185263158,19,0.631183651,-0.460420506,SRC,SRC/5 FOLD CV
481,-0.24001215457894737,-0.09870070870789473,19,0.631183651,-0.460420506,SRC,SRC/5 FOLD CV
482,0.09021872394736842,0.01751055788421053,19,0.631183651,-0.460420506,SRC,SRC/5 FOLD CV
483,-0.2161421095882353,-0.1748602028970588,17,0.631183651,-0.460420506,SRC,SRC/5 FOLD CV
484,0.06411697805555555,0.11465710601388888,18,0.631183651,-0.460420506,SRC,SRC/5 FOLD CV
485,0.16294085085714285,0.10034408689999999,14,0.631183651,-0.460420506,SRC,SRC/5 FOLD CV
486,0.036248901470588235,0.050003742947058824,17,0.631183651,-0.460420506,SRC,SRC/5 FOLD CV
487,0.3573179123125,0.200002738925,16,0.631183651,-0.460420506,SRC,SRC/5 FOLD CV
488,0.3545045108125,0.20146925571875,16,0.631183651,-0.460420506,SRC,SRC/5 FOLD CV
489,-0.08873633776923076,-0.04605894559615384,13,0.631183651,-0.460420506,SRC,SRC/5 FOLD CV
490,-0.04537203368421053,0.09966236696578946,19,0.631183651,-0.460420506,SRC,SRC/5 FOLD CV
491,0.4065552965454545,0.24747773444545454,11,0.631183651,-0.460420506,SRC,SRC/5 FOLD CV
493,-0.14518876511764706,-0.06510140642058823,17,0.631183651,-0.460420506,SRC,SRC/5 FOLD CV
494,0.3717559813888889,0.14534797486944445,18,0.631183651,-0.460420506,SRC,SRC/5 FOLD CV
495,0.42610995420000003,0.38428018802,5,0.631183651,-0.460420506,SRC,SRC/5 FOLD CV
496,0.10435375724999998,0.3763767328375,4,0.631183651,-0.460420506,SRC,SRC/5 FOLD CV
497,0.013919574249999999,-0.10901880672500001,12,0.631183651,-0.460420506,SRC,SRC/5 FOLD CV
498,0.29113382593333337,0.13888362806666665,15,0.631183651,-0.460420506,SRC,SRC/5 FOLD CV
499,0.3134156967777778,0.1961601163888889,18,0.631183651,-0.460420506,SRC,SRC/5 FOLD CV
500,-0.02188143346666667,-0.07306451128333334,15,0.631183651,-0.460420506,SRC,SRC/5 FOLD CV
501,-0.24210604836842106,-0.1571759162368421,19,0.631183651,-0.460420506,SRC,SRC/5 FOLD CV
502,0.3198377832105263,0.24695194616842103,19,0.631183651,-0.460420506,SRC,SRC/5 FOLD CV
503,0.22624097581818184,0.16413096536363636,11,0.631183651,-0.460420506,SRC,SRC/5 FOLD CV
504,0.33890750647368423,0.2503652142315789,19,0.631183651,-0.460420506,SRC,SRC/5 FOLD CV
505,0.4144532248421053,0.26993943581578944,19,0.631183651,-0.460420506,SRC,SRC/5 FOLD CV
506,0.3551184593529412,0.2936102189382353,17,0.631183651,-0.460420506,SRC,SRC/5 FOLD CV
507,0.5442986727368421,0.3373100625763158,19,0.631183651,-0.460420506,SRC,SRC/5 FOLD CV
508,-0.5242346627894737,-0.27958375174736844,19,0.631183651,-0.460420506,SRC,SRC/5 FOLD CV
509,0.03200956876923077,0.1442717140346154,13,0.631183651,-0.460420506,SRC,SRC/5 FOLD CV
510,0.517406193125,0.24474864738125,16,0.631183651,-0.460420506,SRC,SRC/5 FOLD CV
511,0.5911646100555555,0.35520160437222226,18,0.631183651,-0.460420506,SRC,SRC/5 FOLD CV
512,0.37373594615789474,0.26980913639473686,19,0.631183651,-0.460420506,SRC,SRC/5 FOLD CV
513,0.5287475181818182,0.32765609069545454,11,0.631183651,-0.460420506,SRC,SRC/5 FOLD CV
514,-0.12489472531578949,-0.03390767830526315,19,0.631183651,-0.460420506,SRC,SRC/5 FOLD CV
515,0.294290359,0.250274931884375,16,0.631183651,-0.460420506,SRC,SRC/5 FOLD CV
517,0.018656798,-0.011123665550000009,18,0.631183651,-0.460420506,SRC,SRC/5 FOLD CV
518,0.12895894864285712,0.12621437537142857,14,0.631183651,-0.460420506,SRC,SRC/5 FOLD CV
